scene_id,under_warning_rate,over_warning_rate,adaptive_under_warning_rate,adaptive_over_warning_rate,static_under_warning_rate,static_over_warning_rate,gt_tier_distribution,adaptive_tier_accuracy,static_tier_accuracy,adaptive_intervention_recall,static_intervention_recall,adaptive_emergency_recall,static_emergency_recall,cue_risk_monotonicity,shap_alignment,warning_lead_time_s,min_distance_m,cue_flicker_hz,visual_clutter,mean_score,tier_distribution,ablation,dataset,env_risk,mean_traj_risk,mean_vru_risk,top_factor
e9df548a3ee566c7_1981_clip000,0.0,0.0,0.0,0.0,0.0,0.0,"{'advisory': 41, 'intervention': 15}",0.5892857142857143,0.7321428571428571,0.0,0.0,0.0,0.0,-0.6061881843392659,0.0,0.0,3.760047674179077,0.7272727272727273,0.3,55.75398335833166,"{'silent': 8, 'advisory': 48}",full,waymo,0.4461533597185225,0.6560177907074606,0.22397828439012096,trajectory
83d8b54e36003b1c_1459_clip000,0.0,0.0,0.0,0.0,0.0,0.0,{'silent': 61},1.0,0.0,0.0,0.0,0.0,0.0,0.0,0.0,0.0,17.652706146240234,0.0,0.0,81.8397935309165,{'silent': 61},full,waymo,0.4461533597185225,0.0005274993409620221,0.009941570003790897,environmental
83d8b54e36003b1c_1451_clip000,0.0,0.0,0.0,0.0,0.0,0.0,{'silent': 60},1.0,0.0,0.0,0.0,0.0,0.0,0.0,0.0,0.0,17.652706146240234,0.0,0.0,81.83866715615703,{'silent': 60},full,waymo,0.4461533597185226,0.0005362909964740885,0.00997032417359414,environmental
83d8b54e36003b1c_1452_clip000,0.0,0.0,0.0,0.0,0.0,0.0,"{'advisory': 3, 'silent': 49}",0.9423076923076923,0.057692307692307696,0.0,0.0,0.0,0.0,0.0,0.0,0.0,18.14910888671875,0.0,0.0,81.23385671763783,{'silent': 52},full,waymo,0.4461533597185225,0.02164976219005204,0.00901720093065726,environmental
b9e482dcb539d3c0_2165_clip000,0.0,0.0,0.0,0.0,0.0,0.0,"{'advisory': 4, 'silent': 46, 'intervention': 1}",0.9803921568627451,0.0784313725490196,0.0,0.0,0.0,0.0,-0.5151549430847144,0.0,0.0,6.240941047668457,1.2,0.03431372549019608,73.98380604431901,"{'advisory': 5, 'silent': 46}",full,waymo,0.4553778079978574,0.07527901594291082,0.18475703858264556,environmental
0015197d-b916-43b6-bcaa-8a7d90d7b87d_26944_clip000,0.0,0.0,0.0,0.0,0.0,0.0,"{'silent': 1, 'advisory': 47, 'intervention': 16}",0.65625,0.734375,0.0,0.0,0.0,0.0,-0.5406548735632486,0.0,0.0,5.246325143903048,0.6349206349206349,0.31171875000000004,59.00413572470575,"{'advisory': 57, 'silent': 7}",full,argoverse,0.4553778079978576,0.6283523008074451,0.13100609770521987,trajectory
0015197d-b916-43b6-bcaa-8a7d90d7b87d_26953_clip000,0.0,0.0,0.0,0.0,0.0,0.0,"{'silent': 1, 'advisory': 77, 'intervention': 16}",0.6808510638297872,0.8191489361702128,0.0,0.0,0.0,0.0,-0.6343318611081883,0.0,0.0,5.246325143903048,0.7526881720430108,0.29414893617021287,60.725024806375565,"{'silent': 15, 'advisory': 79}",full,argoverse,0.4553778079978576,0.5720079713219565,0.12998745780171406,trajectory
0015197d-b916-43b6-bcaa-8a7d90d7b87d_26955_clip000,0.0,0.0,0.0,0.0,0.0,0.0,"{'advisory': 48, 'silent': 11, 'intervention': 13}",0.625,0.6666666666666666,0.0,0.0,0.0,0.0,-0.8246866347489057,0.0,0.0,5.246325143903048,1.267605633802817,0.22847222222222227,63.00177978165506,"{'advisory': 47, 'silent': 25}",full,argoverse,0.4553778079978575,0.49940025396189747,0.12670334265245747,trajectory
0015197d-b916-43b6-bcaa-8a7d90d7b87d_26957_clip000,0.0,0.0,0.0,0.0,0.0,0.0,"{'silent': 1, 'advisory': 70, 'intervention': 16}",0.6551724137931034,0.8045977011494253,0.0,0.0,0.0,0.0,-0.6543075677650932,0.0,0.0,5.246325143903048,0.8139534883720929,0.28965517241379324,60.81554492396043,"{'silent': 15, 'advisory': 72}",full,argoverse,0.4553778079978576,0.5733386954739799,0.12563939639686242,trajectory
0015197d-b916-43b6-bcaa-8a7d90d7b87d_26966_clip000,0.0,0.0,0.0,0.0,0.0,0.0,"{'advisory': 45, 'intervention': 16}",0.6721311475409836,0.7377049180327869,0.0,0.0,0.0,0.0,-0.42880178141180275,0.0,0.0,5.246325143903048,0.6666666666666666,0.32704918032786895,58.34540727467132,"{'advisory': 57, 'silent': 4}",full,argoverse,0.4553778079978575,0.6451243231797266,0.13619169033408612,trajectory
0015197d-b916-43b6-bcaa-8a7d90d7b87d_27022_clip000,0.0,0.0,0.0,0.0,0.0,0.0,"{'silent': 1, 'advisory': 47, 'intervention': 16}",0.65625,0.734375,0.0,0.0,0.0,0.0,-0.5406548735632486,0.0,0.0,5.246325143903048,0.6349206349206349,0.31171875000000004,59.00413572470575,"{'advisory': 57, 'silent': 7}",full,argoverse,0.4553778079978575,0.6283523008074451,0.13100609770521987,trajectory
001749f1-bc1c-47fb-a13f-9ab1f2c050a8_7637_clip000,0.0,0.0,0.0,0.0,0.0,0.0,"{'advisory': 20, 'silent': 31}",0.6274509803921569,0.39215686274509803,0.0,0.0,0.0,0.0,-0.24019223070763068,0.0,0.0,13.0779597103601,0.4,0.006862745098039216,72.93675339787745,"{'advisory': 1, 'silent': 50}",full,argoverse,0.4553778079978576,0.26573653078248266,0.02920127862445888,environmental
001749f1-bc1c-47fb-a13f-9ab1f2c050a8_7719_clip000,0.0,0.0,0.0,0.0,0.0,0.0,"{'advisory': 23, 'silent': 31}",0.5925925925925926,0.42592592592592593,0.0,0.0,0.0,0.0,-0.23354968324845687,0.0,0.0,13.0779597103601,0.37735849056603776,0.006481481481481481,72.842542776832,"{'advisory': 1, 'silent': 53}",full,argoverse,0.4553778079978576,0.2691196941149072,0.028958469326882792,environmental
001749f1-bc1c-47fb-a13f-9ab1f2c050a8_7791_clip000,0.0,0.0,0.0,0.0,0.0,0.0,"{'advisory': 27, 'silent': 66}",0.7204301075268817,0.2903225806451613,0.0,0.0,0.0,0.0,-0.17864740025262407,0.0,0.0,13.0779597103601,0.2173913043478261,0.0037634408602150535,74.29116596281156,"{'advisory': 1, 'silent': 92}",full,argoverse,0.4553778079978574,0.2307669370637009,0.019023786845436895,environmental
001749f1-bc1c-47fb-a13f-9ab1f2c050a8_7834_clip000,0.0,0.0,0.0,0.0,0.0,0.0,"{'advisory': 27, 'silent': 39}",0.6060606060606061,0.4090909090909091,0.0,0.0,0.0,0.0,-0.21160368475757946,0.0,0.0,13.0779597103601,0.3076923076923077,0.0053030303030303025,72.91726906403416,"{'advisory': 1, 'silent': 65}",full,argoverse,0.4553778079978576,0.2694777290806787,0.026109558121039107,environmental
001d7c9e-4f80-4d1d-9ad9-5b6432c4fb36_7174_clip000,0.0,0.0,0.0,0.0,0.0,0.0,"{'advisory': 44, 'intervention': 20}",0.359375,0.6875,0.0,0.0,0.0,0.0,-0.8133501469468493,0.0,0.0,5.948764733383713,0.47619047619047616,0.23515625,61.89078955046505,"{'advisory': 43, 'silent': 21}",full,argoverse,0.4553778079978575,0.6030828626031141,0.06005374171757451,trajectory
001e7a56-f046-4f05-bd8f-ddf320079eae_128636_clip000,0.0,0.0,0.0,0.0,0.0,0.0,{'silent': 50},1.0,0.0,0.0,0.0,0.0,0.0,0.0,0.0,0.0,7.46465415725576,0.0,0.0,77.08813556267081,{'silent': 50},full,argoverse,0.4553778079978575,0.003045731664989117,0.15351267224884071,environmental
001e7a56-f046-4f05-bd8f-ddf320079eae_128706_clip000,0.0,0.0,0.0,0.0,0.0,0.0,{'silent': 76},1.0,0.0,0.0,0.0,0.0,0.0,0.0,0.0,0.0,7.504280071130132,0.0,0.0,77.21061345642076,{'silent': 76},full,argoverse,0.4553778079978575,0.00011509726109841222,0.1523607101943993,environmental
00230ccd-4922-4f8c-b67f-ba70d0db22d3_80443_clip000,0.0,0.0,0.0,0.0,0.0,0.0,"{'silent': 22, 'advisory': 75}",0.6804123711340206,0.7731958762886598,0.0,0.0,0.0,0.0,-0.862335461974974,0.0,0.0,10.309420059594347,0.7291666666666667,0.15876288659793814,69.18722889347569,"{'silent': 53, 'advisory': 44}",full,argoverse,0.4666227184390223,0.3725278436615736,0.03240090197054041,environmental
00230ccd-4922-4f8c-b67f-ba70d0db22d3_80484_clip000,0.0,0.0,0.0,0.0,0.0,0.0,"{'silent': 19, 'advisory': 75}",0.6702127659574468,0.7978723404255319,0.0,0.0,0.0,0.0,-0.8643083144797218,0.0,0.0,10.309420059594347,0.7526881720430108,0.16382978723404257,68.93091272869029,"{'silent': 50, 'advisory': 44}",full,argoverse,0.4666227184390223,0.38003849351762287,0.03343412427400461,environmental
002ba35d-be70-4ce4-b15a-01a28e0ae801_124980_clip000,0.0,0.0,0.0,0.0,0.0,0.0,"{'advisory': 25, 'silent': 35, 'intervention': 15}",0.68,0.3333333333333333,0.0,0.0,0.0,0.0,-0.852992389807612,0.0,0.0,4.417922314372978,0.5405405405405405,0.14466666666666667,65.80964596881046,"{'advisory': 31, 'silent': 44}",full,argoverse,0.4553778079978576,0.43762078540555127,0.09488727163695611,environmental
002ba35d-be70-4ce4-b15a-01a28e0ae801_124999_clip000,0.0,0.0,0.0,0.0,0.0,0.0,"{'advisory': 25, 'silent': 60, 'intervention': 15}",0.76,0.25,0.0,0.0,0.0,0.0,-0.8011018514631217,0.0,0.0,4.417922314372978,0.40404040404040403,0.1085,69.73892528417142,"{'advisory': 31, 'silent': 69}",full,argoverse,0.4553778079978575,0.3283325846660251,0.07319949519778443,environmental
002ba35d-be70-4ce4-b15a-01a28e0ae801_125007_clip000,0.0,0.0,0.0,0.0,0.0,0.0,"{'advisory': 14, 'silent': 63, 'intervention': 9}",0.813953488372093,0.16279069767441862,0.0,0.0,0.0,0.0,-0.674063094054803,0.0,0.0,4.417922314372978,0.11764705882352941,0.06511627906976741,73.00835275095139,"{'advisory': 16, 'silent': 70}",full,argoverse,0.4553778079978575,0.24463006416592806,0.0479211001385488,environmental
002ba35d-be70-4ce4-b15a-01a28e0ae801_125055_clip000,0.0,0.0,0.0,0.0,0.0,0.0,"{'advisory': 25, 'silent': 60, 'intervention': 15}",0.76,0.25,0.0,0.0,0.0,0.0,-0.8011018514631217,0.0,0.0,4.417922314372978,0.40404040404040403,0.10849999999999999,69.83185740363545,"{'advisory': 31, 'silent': 69}",full,argoverse,0.4553778079978576,0.3257014602865319,0.07273288226180925,environmental
003363ad-fa78-45f9-a8d7-716f4ea6d586_28550_clip000,0.0,0.0,0.0,0.0,0.0,0.0,"{'emergency': 7, 'advisory': 44, 'silent': 37, 'intervention': 12}",0.54,0.44,0.0,0.0,0.0,0.0,-0.831425959970394,0.0,0.0,3.808646403469341,0.30303030303030304,0.12599999999999997,66.89785503904908,"{'advisory': 36, 'silent': 64}",full,argoverse,0.4665456582408972,0.43997676115782286,0.041367193219345004,environmental
scene-0061_bbd6c47a20e34276bc6f2cfbc6ba6205_clip000,0.0,0.0,0.0,0.0,0.0,0.0,"{'silent': 7, 'advisory': 11, 'intervention': 2}",0.65,0.55,0.0,0.0,0.0,0.0,-0.8495907904857465,0.0,0.0,4.141439698693297,0.4166933610851112,0.13999999999999999,66.10911930414478,"{'advisory': 8, 'silent': 12}",full,nuscenes,0.4553778079978575,0.39549714521560136,0.12702846731576262,environmental
scene-0061_3843d35144d84c02b387678f9bc7f2ed_clip000,0.0,0.0,0.0,0.0,1.0,0.0,"{'emergency': 3, 'advisory': 3, 'silent': 3, 'intervention': 3}",0.25,0.25,0.0,0.0,0.0,0.0,-0.916057224828689,1.0,3.448807,2.677125974241124,0.7274508866080475,0.22499999999999998,57.804385060938216,"{'advisory': 4, 'silent': 6, 'intervention': 2}",full,nuscenes,0.4553778079978576,0.623187256739023,0.17616283056589266,trajectory
scene-0061_03d01c950f044575b69137f069345db0_clip000,0.0,0.0,0.0,0.0,0.0,0.0,"{'silent': 8, 'advisory': 10, 'intervention': 2}",0.7,0.5,0.0,0.0,0.0,0.0,-0.8495907904857465,0.0,0.0,4.141439698693297,0.41884031702442437,0.13999999999999999,66.6383080453583,"{'advisory': 8, 'silent': 12}",full,nuscenes,0.4553778079978576,0.3765989543609045,0.12828703346334197,environmental
scene-0061_221dd725c6654412a04c71ced8ad6d03_clip000,0.0,0.0,0.0,0.0,1.0,0.0,"{'emergency': 3, 'advisory': 3, 'silent': 4, 'intervention': 3}",0.3076923076923077,0.23076923076923078,0.0,0.0,0.0,0.0,-0.9032906873947423,1.0,3.9486649999999996,2.677125974241124,0.6668321521790992,0.20769230769230768,59.27578824772881,"{'advisory': 4, 'silent': 7, 'intervention': 2}",full,nuscenes,0.4553778079978575,0.5867811820928152,0.16352213231908083,trajectory
scene-0061_b4db946778484c2195efa320571f53dc_clip000,0.0,0.0,0.0,0.0,0.0,0.0,"{'advisory': 10, 'silent': 8, 'intervention': 2}",0.7,0.5,0.0,0.0,0.0,0.0,-0.8495907904857465,0.0,0.0,4.141439698693297,0.4166693576562682,0.13999999999999999,66.36669627859087,"{'advisory': 8, 'silent': 12}",full,nuscenes,0.4553778079978576,0.3865214793445419,0.1274182340386189,environmental
scene-0061_e2f67391cb914b0cbdda3995dbc397f8_clip000,0.0,0.0,0.0,0.0,0.0,0.0,"{'silent': 7, 'advisory': 11, 'intervention': 2}",0.65,0.55,0.0,0.0,0.0,0.0,-0.8495907904857465,0.0,0.0,4.141439698693297,0.4166933610851112,0.13999999999999999,66.10911930414478,"{'advisory': 8, 'silent': 12}",full,nuscenes,0.4553778079978575,0.39549714521560136,0.12702846731576262,environmental
scene-0061_95fc384cb4994ffe9a5caf914274ab22_clip000,0.0,0.0,0.0,0.0,0.0,0.0,"{'silent': 8, 'advisory': 10, 'intervention': 2}",0.7,0.5,0.0,0.0,0.0,0.0,-0.8495907904857465,0.0,0.0,4.141439698693297,0.41884031702442437,0.13999999999999999,66.6383080453583,"{'advisory': 8, 'silent': 12}",full,nuscenes,0.4553778079978575,0.3765989543609045,0.12828703346334197,environmental
scene-0061_0e79e7bed1d543c9a00acfbf90ff60b3_clip000,0.0,0.0,0.0,0.0,1.0,0.0,"{'emergency': 3, 'advisory': 4, 'silent': 5, 'intervention': 3}",0.3333333333333333,0.26666666666666666,0.0,0.0,0.0,0.0,-0.8752550648647676,1.0,4.9987580000000005,2.677125974241124,0.5674882572492369,0.18,61.08128065069509,"{'advisory': 4, 'silent': 9, 'intervention': 2}",full,nuscenes,0.4553778079978576,0.54323855245476,0.14688168185825978,trajectory
scene-0061_1bc410ff237c4c48b9b7b094a9eaeb4d_clip000,0.0,0.0,0.0,0.0,0.0,0.0,"{'advisory': 9, 'silent': 9, 'intervention': 2}",0.75,0.45,0.0,0.0,0.0,0.0,-0.8495907904857465,0.0,0.0,4.141439698693297,0.4187926501052322,0.13999999999999999,66.81767982736713,"{'advisory': 8, 'silent': 12}",full,nuscenes,0.4553778079978575,0.36963627383358133,0.12927065459037115,environmental
scene-0061_71603dd1a2ba4e9daf095535e38310ac_clip000,0.0,0.0,0.0,0.0,0.0,0.0,"{'silent': 8, 'advisory': 10, 'intervention': 2}",0.7,0.5,0.0,0.0,0.0,0.0,-0.8495907904857465,0.0,0.0,4.141439698693297,0.41884031702442437,0.13999999999999999,66.6383080453583,"{'advisory': 8, 'silent': 12}",full,nuscenes,0.4553778079978575,0.3765989543609045,0.12828703346334197,environmental
scene-0061_eb3da8843f614a90a48ddb6ee392c0c0_clip000,0.0,0.0,0.0,0.0,0.0,0.0,"{'silent': 8, 'advisory': 10, 'intervention': 2}",0.7,0.5,0.0,0.0,0.0,0.0,-0.8495907904857465,0.0,0.0,4.141439698693297,0.41884031702442437,0.13999999999999999,66.6383080453583,"{'advisory': 8, 'silent': 12}",full,nuscenes,0.4553778079978576,0.3765989543609045,0.12828703346334197,environmental
scene-0061_070412f6a4f944e6a0a9e01ac1ea1fee_clip000,0.0,0.0,0.0,0.0,0.0,0.0,"{'silent': 9, 'advisory': 9, 'intervention': 2}",0.75,0.45,0.0,0.0,0.0,0.0,-0.8495907904857465,0.0,0.0,4.141439698693297,0.4187909839326652,0.13999999999999999,67.0788960129716,"{'advisory': 8, 'silent': 12}",full,nuscenes,0.4553778079978575,0.3590979707181078,0.13110175151902867,environmental
scene-0061_e59d97d4403a48b88fbb6a58fc9959e6_clip000,0.0,0.0,0.0,0.0,0.0,0.0,"{'advisory': 9, 'silent': 9, 'intervention': 2}",0.75,0.45,0.0,0.0,0.0,0.0,-0.8495907904857465,0.0,0.0,4.141439698693297,0.4187926501052322,0.13999999999999999,66.81767982736713,"{'advisory': 8, 'silent': 12}",full,nuscenes,0.4553778079978575,0.36963627383358133,0.12927065459037115,environmental
scene-0061_e1e148c7bcb14072822872a4cfc8e882_clip000,0.0,0.0,0.0,0.0,0.0,0.0,"{'advisory': 9, 'silent': 9, 'intervention': 2}",0.75,0.45,0.0,0.0,0.0,0.0,-0.8495907904857465,0.0,0.0,4.141439698693297,0.4187926501052322,0.13999999999999999,66.81767982736713,"{'advisory': 8, 'silent': 12}",full,nuscenes,0.4553778079978576,0.36963627383358133,0.12927065459037115,environmental
scene-0061_f81722a685cc49eba454efbb3aec0331_clip000,0.0,0.0,0.0,0.0,0.0,0.0,"{'silent': 8, 'advisory': 10, 'intervention': 2}",0.7,0.5,0.0,0.0,0.0,0.0,-0.8495907904857465,0.0,0.0,4.141439698693297,0.41884031702442437,0.13999999999999999,66.6383080453583,"{'advisory': 8, 'silent': 12}",full,nuscenes,0.4553778079978576,0.3765989543609045,0.12828703346334197,environmental
scene-0061_acc1b985c3b746cdbb22fc59bb41b774_clip000,0.0,0.0,0.0,0.0,0.0,0.0,"{'advisory': 9, 'silent': 9, 'intervention': 2}",0.75,0.45,0.0,0.0,0.0,0.0,-0.8495907904857465,0.0,0.0,4.141439698693297,0.4187926501052322,0.13999999999999999,66.81767982736713,"{'advisory': 8, 'silent': 12}",full,nuscenes,0.4553778079978576,0.36963627383358133,0.12927065459037115,environmental
scene-0061_73ee514c205c483da3d1d04282337457_clip000,0.0,0.0,0.0,0.0,0.0,0.0,"{'advisory': 9, 'silent': 9, 'intervention': 2}",0.75,0.45,0.0,0.0,0.0,0.0,-0.8495907904857465,0.0,0.0,4.141439698693297,0.4187926501052322,0.13999999999999999,66.81767982736713,"{'advisory': 8, 'silent': 12}",full,nuscenes,0.4553778079978575,0.36963627383358133,0.12927065459037115,environmental
scene-0061_9e6d680cd81942f5acdfbb07254f8f45_clip000,0.0,0.0,0.0,0.0,0.0,0.0,"{'advisory': 8, 'silent': 10, 'intervention': 2}",0.8,0.4,0.0,0.0,0.0,0.0,-0.8495907904857465,0.0,0.0,4.141439698693297,0.42098469794295307,0.13999999999999999,67.39728682119569,"{'advisory': 8, 'silent': 12}",full,nuscenes,0.4553778079978575,0.3478910116289992,0.1316956836673338,environmental
scene-0061_1e775890010e4d97b74ca1d06441d023_clip000,0.0,0.0,0.0,0.0,0.0,0.0,{'silent': 11},1.0,0.0,0.0,0.0,0.0,0.0,0.0,0.0,0.0,11.844171317134732,0.0,0.0,78.03292927830381,{'silent': 11},full,nuscenes,0.4553778079978575,0.08681894268625868,0.038246337373137866,environmental
scene-0061_203a688b840844b8ae16a2b07967ffad_clip000,0.0,0.0,0.0,0.0,0.0,0.0,{'silent': 11},1.0,0.0,0.0,0.0,0.0,0.0,0.0,0.0,0.0,11.844171317134732,0.0,0.0,78.03292927830381,{'silent': 11},full,nuscenes,0.4553778079978575,0.08681894268625868,0.038246337373137866,environmental
scene-0103_3b19bb63d0924f4da3034819357d6c8b_clip000,0.0,0.0,0.0,0.0,0.0,0.0,"{'silent': 1, 'advisory': 4, 'intervention': 9}",0.2857142857142857,0.2857142857142857,0.0,0.0,0.0,0.0,-0.6076436202501999,0.0,0.0,5.779254636762074,0.15626379516316674,0.3,53.12647438517053,"{'silent': 2, 'advisory': 12}",full,nuscenes,0.4553778079978576,0.8090241955228435,0.14625624764099515,trajectory
scene-0103_68a40df2846e4298af0417ea12721b5c_clip000,0.0,0.0,0.0,0.0,0.0,0.0,"{'advisory': 4, 'intervention': 9}",0.23076923076923078,0.3076923076923077,0.0,0.0,0.0,0.0,-0.4629100498862757,0.0,0.0,5.779254636762074,0.16666177792118098,0.3230769230769231,51.49487856108843,"{'silent': 1, 'advisory': 12}",full,nuscenes,0.4553778079978576,0.8546523524873737,0.15501461814586853,trajectory
scene-0103_fa107c6dd0dc4d15b94b86cbf5b990c0_clip000,0.0,0.0,0.0,0.0,0.0,0.0,"{'silent': 3, 'advisory': 4, 'intervention': 9}",0.375,0.25,0.0,0.0,0.0,0.0,-0.7514691493021795,0.0,0.0,5.779254636762074,0.1351498372458085,0.26249999999999996,56.28000326541186,"{'silent': 4, 'advisory': 12}",full,nuscenes,0.4553778079978575,0.717937023399007,0.13222579042345445,trajectory
scene-0103_ead6a822f86c432481c0a9d2e4e4f827_clip000,0.0,0.0,0.0,0.0,0.0,0.0,"{'silent': 1, 'advisory': 4, 'intervention': 9}",0.2857142857142857,0.2857142857142857,0.0,0.0,0.0,0.0,-0.6076436202501999,0.0,0.0,5.779254636762074,0.15626379516316674,0.3,53.12647438517053,"{'silent': 2, 'advisory': 12}",full,nuscenes,0.4553778079978576,0.8090241955228435,0.14625624764099515,trajectory
scene-0103_99fbf1b9bf474215a4e8ad562bb7e9b2_clip000,0.0,0.0,0.0,0.0,0.0,0.0,"{'silent': 5, 'advisory': 4, 'intervention': 9}",0.4444444444444444,0.2222222222222222,0.0,0.0,0.0,0.0,-0.8177595307636584,0.0,0.0,5.779254636762074,0.11977275754256962,0.23333333333333328,58.64722091760705,"{'silent': 6, 'advisory': 12}",full,nuscenes,0.4553778079978576,0.6492048237795562,0.12205073496973196,trajectory
scene-0103_6e71a9ceaf9a4974a1d07a2bd3544506_clip000,0.0,0.0,0.0,0.0,0.0,0.0,"{'silent': 6, 'advisory': 4, 'intervention': 9}",0.47368421052631576,0.21052631578947367,0.0,0.0,0.0,0.0,-0.8366600265340756,0.0,0.0,5.779254636762074,0.1129995980604297,0.22105263157894733,59.5571095200669,"{'silent': 7, 'advisory': 12}",full,nuscenes,0.4553778079978576,0.6229158487153456,0.11801008995194755,trajectory
scene-0103_34aaf645a4174c6c8ff1874e6b33ccf6_clip000,0.0,0.0,0.0,0.0,0.0,0.0,"{'silent': 4, 'advisory': 4, 'intervention': 9}",0.4117647058823529,0.23529411764705882,0.0,0.0,0.0,0.0,-0.7905694150420949,0.0,0.0,5.779254636762074,0.12659756633902372,0.24705882352941172,57.51346307233928,"{'silent': 5, 'advisory': 12}",full,nuscenes,0.4553778079978576,0.6823050263584968,0.12674246056638383,trajectory
scene-0103_b3412553d70f40b3a1d19a0eb8529a08_clip000,0.0,0.0,0.0,0.0,0.0,0.0,"{'advisory': 12, 'silent': 6, 'intervention': 2}",0.75,0.6,0.0,0.0,0.0,0.0,-0.8627635262664035,0.0,0.0,7.815466782298337,0.5262626092521175,0.1925,68.09495997184038,"{'advisory': 11, 'silent': 9}",full,nuscenes,0.4553778079978576,0.37176724042587284,0.0845636831823041,environmental
scene-0103_e147a4c07e06487592fb5d6135c27a78_clip000,0.0,0.0,0.0,0.0,0.0,0.0,"{'advisory': 13, 'silent': 3, 'intervention': 4}",0.65,0.65,0.0,0.0,0.0,0.0,-0.7947194142390263,0.0,0.0,7.211785952341847,0.5235191501734575,0.24499999999999994,63.83315968700922,"{'advisory': 14, 'silent': 6}",full,nuscenes,0.4553778079978575,0.5010480175931844,0.09734291550936497,trajectory
scene-0103_996d9e039f7a4838ac48d5409ca89732_clip000,0.0,0.0,0.0,0.0,0.0,0.0,"{'silent': 5, 'advisory': 4, 'intervention': 9}",0.4444444444444444,0.2222222222222222,0.0,0.0,0.0,0.0,-0.8177595307636584,0.0,0.0,5.779254636762074,0.11977275754256962,0.23333333333333328,58.64722091760705,"{'silent': 6, 'advisory': 12}",full,nuscenes,0.4553778079978576,0.6492048237795562,0.12205073496973196,trajectory
scene-0103_72137291381349428afb1038d4e5898c_clip000,0.0,0.0,0.0,0.0,0.0,0.0,"{'silent': 5, 'advisory': 4, 'intervention': 9}",0.4444444444444444,0.2222222222222222,0.0,0.0,0.0,0.0,-0.8177595307636584,0.0,0.0,5.779254636762074,0.11977275754256962,0.23333333333333328,58.64722091760705,"{'silent': 6, 'advisory': 12}",full,nuscenes,0.4553778079978575,0.6492048237795562,0.12205073496973196,trajectory
scene-0103_c34cb46c7be6486a85ee49653850b174_clip000,0.0,0.0,0.0,0.0,0.0,0.0,"{'silent': 6, 'advisory': 4, 'intervention': 9}",0.47368421052631576,0.21052631578947367,0.0,0.0,0.0,0.0,-0.8366600265340756,0.0,0.0,5.779254636762074,0.1129995980604297,0.22105263157894733,59.5571095200669,"{'silent': 7, 'advisory': 12}",full,nuscenes,0.4553778079978575,0.6229158487153456,0.11801008995194755,trajectory
scene-0103_5d77c275683248658e7564ef24bf63b2_clip000,0.0,0.0,0.0,0.0,0.0,0.0,"{'silent': 6, 'advisory': 4, 'intervention': 9}",0.47368421052631576,0.21052631578947367,0.0,0.0,0.0,0.0,-0.8366600265340756,0.0,0.0,5.779254636762074,0.1129995980604297,0.22105263157894733,59.5571095200669,"{'silent': 7, 'advisory': 12}",full,nuscenes,0.4553778079978576,0.6229158487153456,0.11801008995194755,trajectory
scene-0103_3c7331d16ac6439e9bd5a57d75976446_clip000,0.0,0.0,0.0,0.0,0.0,0.0,"{'advisory': 12, 'silent': 7, 'intervention': 1}",0.8,0.6,0.0,0.0,0.0,0.0,-0.8671099695241199,0.0,0.0,7.967399571723729,0.5262928541850912,0.175,69.5919631948841,"{'advisory': 10, 'silent': 10}",full,nuscenes,0.4553778079978575,0.3273776510693439,0.07905316510404317,environmental
scene-0103_0809d64df9264121bead0772ee9b5984_clip000,0.0,0.0,0.0,0.0,0.0,0.0,"{'silent': 1, 'advisory': 10, 'intervention': 4}",0.5333333333333333,0.6666666666666666,0.0,0.0,0.0,0.0,-0.7676494735787384,0.0,0.0,7.211785952341847,0.714235309679574,0.25666666666666665,61.48964798502762,"{'silent': 4, 'advisory': 11}",full,nuscenes,0.4553778079978576,0.5793695738784522,0.09713841595681723,trajectory
scene-0103_ad2ae385245f46d49b4d06f87e2ac544_clip000,0.0,0.0,0.0,0.0,0.0,0.0,"{'silent': 6, 'advisory': 4, 'intervention': 9}",0.47368421052631576,0.21052631578947367,0.0,0.0,0.0,0.0,-0.8366600265340756,0.0,0.0,5.779254636762074,0.1129995980604297,0.22105263157894733,59.5571095200669,"{'silent': 7, 'advisory': 12}",full,nuscenes,0.4553778079978576,0.6229158487153456,0.11801008995194755,trajectory
scene-0103_09810748e6c04aacb393ebf14fafa5e8_clip000,0.0,0.0,0.0,0.0,0.0,0.0,"{'advisory': 12, 'silent': 8}",0.85,0.6,0.0,0.0,0.0,0.0,-0.8627635262664035,0.0,0.0,7.967399571723729,0.5263245984853852,0.1575,70.80951256302235,"{'advisory': 9, 'silent': 11}",full,nuscenes,0.4553778079978575,0.2886705588185416,0.07717527841690383,environmental
scene-0103_4ce8f37952ad4203b1f5b23c728fb2e6_clip000,0.0,0.0,0.0,0.0,0.0,0.0,"{'advisory': 12, 'silent': 6, 'intervention': 2}",0.75,0.6,0.0,0.0,0.0,0.0,-0.8627635262664035,0.0,0.0,7.815466782298337,0.5262626092521175,0.1925,68.09495997184038,"{'advisory': 11, 'silent': 9}",full,nuscenes,0.4553778079978576,0.37176724042587284,0.0845636831823041,environmental
scene-0103_c1fe224b76cc49e294847788c443e470_clip000,0.0,0.0,0.0,0.0,0.0,0.0,"{'advisory': 12, 'silent': 6, 'intervention': 2}",0.75,0.6,0.0,0.0,0.0,0.0,-0.8627635262664035,0.0,0.0,7.815466782298337,0.5262626092521175,0.1925,68.09495997184038,"{'advisory': 11, 'silent': 9}",full,nuscenes,0.4553778079978576,0.37176724042587284,0.0845636831823041,environmental
scene-0103_608f6c85cd524242bc9d299c0a954f69_clip000,0.0,0.0,0.0,0.0,0.0,0.0,"{'advisory': 14, 'silent': 2, 'intervention': 4}",0.65,0.7,0.0,0.0,0.0,0.0,-0.7509392614826383,0.0,0.0,7.211785952341847,0.6282586335563197,0.2624999999999999,63.03494483776475,"{'advisory': 15, 'silent': 5}",full,nuscenes,0.4553778079978575,0.5249905811176492,0.10000751362638247,trajectory
scene-0103_723af3d23fb445e3ab97669e85846445_clip000,0.0,0.0,0.0,0.0,0.0,0.0,"{'silent': 1, 'advisory': 8, 'intervention': 4}",0.46153846153846156,0.6153846153846154,0.0,0.0,0.0,0.0,-0.8017837257372732,0.0,0.0,7.211785952341847,0.6665847878352277,0.2423076923076923,61.002127968880615,"{'advisory': 9, 'silent': 4}",full,nuscenes,0.4553778079978576,0.596905714464854,0.09585294257531568,trajectory
scene-0553_19804c352c0a4767b61b8d0709d1db99_clip000,0.0,0.0,0.0,0.0,0.0,0.0,{'silent': 20},1.0,0.0,0.0,0.0,0.0,0.0,0.0,0.0,0.0,7.913043448354689,0.0,0.0,76.55167158087963,{'silent': 20},full,nuscenes,0.4553778079978575,0.04786960659942179,0.12657093004078088,environmental
scene-0553_b61b72a5b5ad482e9bc94c203f75b8d4_clip000,0.0,0.0,0.0,0.0,0.0,0.0,{'silent': 20},1.0,0.0,0.0,0.0,0.0,0.0,0.0,0.0,0.0,7.913043448354689,0.0,0.0,76.43651835481542,{'silent': 20},full,nuscenes,0.4553778079978575,0.05019408168907639,0.12808489581993357,environmental
scene-0553_21d4060224a946e5b66fd00749282e82_clip000,0.0,0.0,0.0,0.0,0.0,0.0,{'silent': 20},1.0,0.0,0.0,0.0,0.0,0.0,0.0,0.0,0.0,7.913043448354689,0.0,0.0,76.257261014288,{'silent': 20},full,nuscenes,0.4553778079978575,0.056869043933661864,0.12738517825959472,environmental
scene-0553_340ccb3c0dcb492eaa032f0e4e3017bb_clip000,0.0,0.0,0.0,0.0,0.0,0.0,{'silent': 20},1.0,0.0,0.0,0.0,0.0,0.0,0.0,0.0,0.0,7.913043448354689,0.0,0.0,76.50253618037335,{'silent': 20},full,nuscenes,0.4553778079978576,0.05582682127782261,0.12025156204592216,environmental
scene-0553_afd097377c71479ea8349eeae83b8143_clip000,0.0,0.0,0.0,0.0,0.0,0.0,{'silent': 20},1.0,0.0,0.0,0.0,0.0,0.0,0.0,0.0,0.0,7.913043448354689,0.0,0.0,76.50253618037335,{'silent': 20},full,nuscenes,0.4553778079978576,0.05582682127782261,0.12025156204592216,environmental
scene-0553_18cdcf0d2340409b95140ea38a70fd2e_clip000,0.0,0.0,0.0,0.0,0.0,0.0,{'silent': 20},1.0,0.0,0.0,0.0,0.0,0.0,0.0,0.0,0.0,7.913043448354689,0.0,0.0,76.3379824722539,{'silent': 20},full,nuscenes,0.4553778079978575,0.052570884490107814,0.12899262243761947,environmental
scene-0553_2397a588f42e4195bf7fb0148aa7a3d6_clip000,0.0,0.0,0.0,0.0,0.0,0.0,{'silent': 19},1.0,0.0,0.0,0.0,0.0,0.0,0.0,0.0,0.0,7.913043448354689,0.0,0.0,76.78309534779483,{'silent': 19},full,nuscenes,0.4553778079978576,0.04279219713354413,0.1239342139428185,environmental
scene-0655_433e28f80ae9462eb927089896b5f669_clip000,0.0,0.0,0.0,0.0,0.0,0.0,"{'advisory': 9, 'silent': 9, 'intervention': 2}",0.85,0.45,0.0,0.0,0.0,0.0,-0.8671099695241199,0.0,0.0,9.303399999255339,0.947470648148879,0.175,68.75574353625338,"{'advisory': 10, 'silent': 10}",full,nuscenes,0.4666227184390223,0.37752534624852974,0.04178624462432803,environmental
scene-0655_fe199544817e496aa7708a1db0af2108_clip000,0.0,0.0,0.0,0.0,0.0,0.0,"{'advisory': 9, 'silent': 9, 'intervention': 2}",0.85,0.45,0.0,0.0,0.0,0.0,-0.8671099695241199,0.0,0.0,9.303399999255339,0.947470648148879,0.175,68.75574353625338,"{'advisory': 10, 'silent': 10}",full,nuscenes,0.4666227184390222,0.37752534624852974,0.04178624462432803,environmental
scene-0655_99d539b687cb4a46b8f1efc7204aa160_clip000,0.0,0.0,0.0,0.0,0.0,0.0,"{'advisory': 12, 'silent': 6, 'intervention': 2}",0.75,0.6,0.0,0.0,0.0,0.0,-0.8627635262664035,0.0,0.0,9.303399999255339,1.2562470811884223,0.19249999999999998,67.66422183757214,"{'advisory': 11, 'silent': 9}",full,nuscenes,0.4666227184390223,0.4114819704021374,0.04421367709342794,environmental
scene-0757_4b086f653d5a47a79f73f1d4a4d956d8_clip000,0.0,0.0,0.0,0.0,0.0,0.0,{'silent': 11},1.0,0.0,0.0,0.0,0.0,0.0,0.0,0.0,0.0,15.367333636732997,0.0,0.0,80.34303066735096,{'silent': 11},full,nuscenes,0.4665456582408972,0.019960905514055275,0.013210527919716353,environmental
scene-0757_3c16d6997c70488ab7e9dfd0fbec962e_clip000,0.0,0.0,0.0,0.0,0.0,0.0,{'silent': 11},1.0,0.0,0.0,0.0,0.0,0.0,0.0,0.0,0.0,15.367333636732997,0.0,0.0,80.34303066735096,{'silent': 11},full,nuscenes,0.4665456582408972,0.019960905514055275,0.013210527919716353,environmental
scene-0796_a9ba2ffc5a95458c9bd1052be9bc24ad_clip000,0.0,0.0,0.0,0.0,0.0,0.0,"{'silent': 2, 'emergency': 1, 'advisory': 6, 'intervention': 4}",0.3076923076923077,0.46153846153846156,0.0,0.0,0.0,0.0,-0.8660254037844387,0.0,0.0,5.527536801495883,0.4917840910469395,0.18846153846153843,60.911072538707224,"{'silent': 6, 'advisory': 7}",full,nuscenes,0.4553778079978575,0.6023153000030569,0.09347853804289244,trajectory
scene-0916_4591a9f392774001a2cf523286505ac9_clip000,0.0,0.0,0.0,0.0,0.0,0.0,"{'advisory': 10, 'silent': 9, 'intervention': 1}",0.9,0.5,0.0,0.0,0.0,0.0,-0.8671099695241199,0.0,0.0,5.928808108233976,0.42110866119449997,0.175,68.24744939600309,"{'advisory': 10, 'silent': 10}",full,nuscenes,0.4553778079978576,0.33898640459538437,0.11226153820736898,environmental
scene-0916_c8fcea5cd6d344e69a92241622f58be7_clip000,0.0,0.0,0.0,0.0,0.0,0.0,"{'advisory': 10, 'silent': 9, 'intervention': 1}",0.9,0.5,0.0,0.0,0.0,0.0,-0.8671099695241199,0.0,0.0,5.928808108233976,0.42559222221702053,0.175,67.97909029134769,"{'advisory': 10, 'silent': 10}",full,nuscenes,0.4553778079978575,0.3442826729834207,0.1159105733078462,environmental
scene-0916_cb5fdffa966345cdb9c7c186143b7857_clip000,0.0,0.0,0.0,0.0,0.0,0.0,"{'advisory': 9, 'silent': 10, 'intervention': 1}",0.95,0.45,0.0,0.0,0.0,0.0,-0.8671099695241199,0.0,0.0,5.928808108233976,0.42556822401230404,0.175,68.14627174188817,"{'advisory': 10, 'silent': 10}",full,nuscenes,0.4553778079978576,0.3342747683169585,0.12034576295629189,environmental
scene-0916_de7bc639112c40ec9ebe406673f1487d_clip000,0.0,0.0,0.0,0.0,0.0,0.0,"{'advisory': 9, 'silent': 10, 'intervention': 1}",0.95,0.45,0.0,0.0,0.0,0.0,-0.8671099695241199,0.0,0.0,5.928808108233976,0.42556822401230404,0.175,68.14627174188817,"{'advisory': 10, 'silent': 10}",full,nuscenes,0.4553778079978576,0.3342747683169585,0.12034576295629189,environmental
scene-0916_c2c271c1bc484bce81639bfda2083588_clip000,0.0,0.0,0.0,0.0,0.0,0.0,"{'advisory': 9, 'silent': 9, 'intervention': 1}",0.9473684210526315,0.47368421052631576,0.0,0.0,0.0,0.0,-0.8660254037844388,0.0,0.0,5.928808108233976,0.4494144186302051,0.18421052631578946,67.4919871269522,"{'advisory': 10, 'silent': 9}",full,nuscenes,0.4553778079978576,0.34531424714725745,0.13111577129052607,environmental
scene-0916_af7483c35ffa4ad193d14bbac3b0ab4e_clip000,0.0,0.0,0.0,0.0,0.0,0.0,"{'advisory': 10, 'silent': 9, 'intervention': 1}",0.9,0.5,0.0,0.0,0.0,0.0,-0.8671099695241199,0.0,0.0,5.928808108233976,0.42111078919530776,0.175,68.39519915806088,"{'advisory': 10, 'silent': 10}",full,nuscenes,0.4553778079978576,0.33683928391834117,0.10948366681581936,environmental
scene-0916_ebcd168fd25247f68482853796c9327f_clip000,0.0,0.0,0.0,0.0,0.0,0.0,"{'advisory': 9, 'silent': 10, 'intervention': 1}",0.95,0.45,0.0,0.0,0.0,0.0,-0.8671099695241199,0.0,0.0,5.928808108233976,0.42556822401230404,0.175,68.14627174188817,"{'advisory': 10, 'silent': 10}",full,nuscenes,0.4553778079978576,0.3342747683169585,0.12034576295629189,environmental
scene-0916_9256b7cc27954e7bb5e3a3fb8c62474c_clip000,0.0,0.0,0.0,0.0,0.0,0.0,"{'advisory': 9, 'silent': 10, 'intervention': 1}",0.95,0.45,0.0,0.0,0.0,0.0,-0.8671099695241199,0.0,0.0,5.928808108233976,0.4255425987290745,0.175,67.88809808176617,"{'advisory': 10, 'silent': 10}",full,nuscenes,0.4553778079978576,0.33753205017584365,0.1256942697681407,environmental
scene-0916_eeabbd601fff49c08c086829bfe13287_clip000,0.0,0.0,0.0,0.0,0.0,0.0,"{'advisory': 9, 'silent': 10, 'intervention': 1}",0.95,0.45,0.0,0.0,0.0,0.0,-0.8671099695241199,0.0,0.0,5.928808108233976,0.42556822401230404,0.175,68.14627174188817,"{'advisory': 10, 'silent': 10}",full,nuscenes,0.4553778079978576,0.3342747683169585,0.12034576295629189,environmental
scene-0916_54ca0158a30a4d8291684544ddbeff3f_clip000,0.0,0.0,0.0,0.0,0.0,0.0,"{'advisory': 9, 'silent': 10, 'intervention': 1}",0.95,0.45,0.0,0.0,0.0,0.0,-0.8671099695241199,0.0,0.0,5.928808108233976,0.42556822401230404,0.175,68.14627174188819,"{'advisory': 10, 'silent': 10}",full,nuscenes,0.4553778079978575,0.3342747683169585,0.12034576295629189,environmental
scene-0916_b825554384e042baba291f6f75c1ba49_clip000,0.0,0.0,0.0,0.0,0.0,0.0,"{'advisory': 10, 'silent': 9, 'intervention': 1}",0.9,0.5,0.0,0.0,0.0,0.0,-0.8671099695241199,0.0,0.0,5.928808108233976,0.42110866119449997,0.175,68.24744939600309,"{'advisory': 10, 'silent': 10}",full,nuscenes,0.4553778079978576,0.33898640459538437,0.11226153820736898,environmental
scene-0916_b7ff9843f0bc4154a865230adb65a45d_clip000,0.0,0.0,0.0,0.0,0.0,0.0,"{'advisory': 10, 'silent': 9, 'intervention': 1}",0.9,0.5,0.0,0.0,0.0,0.0,-0.8671099695241199,0.0,0.0,5.928808108233976,0.42559222221702053,0.175,67.97909029134769,"{'advisory': 10, 'silent': 10}",full,nuscenes,0.4553778079978575,0.3442826729834207,0.1159105733078462,environmental
scene-0916_4b8ef2beabcf4121af0f287cd1a7fd55_clip000,0.0,0.0,0.0,0.0,0.0,0.0,"{'advisory': 10, 'silent': 9, 'intervention': 1}",0.9,0.5,0.0,0.0,0.0,0.0,-0.8671099695241199,0.0,0.0,5.928808108233976,0.42110866119449997,0.175,68.24744939600309,"{'advisory': 10, 'silent': 10}",full,nuscenes,0.4553778079978576,0.33898640459538437,0.11226153820736898,environmental
scene-0916_89eaf741be444d7e8fcc4748482d338d_clip000,0.0,0.0,0.0,0.0,0.0,0.0,"{'advisory': 9, 'silent': 10, 'intervention': 1}",0.95,0.45,0.0,0.0,0.0,0.0,-0.8671099695241199,0.0,0.0,5.928808108233976,0.4255425987290745,0.175,67.88809808176617,"{'advisory': 10, 'silent': 10}",full,nuscenes,0.4553778079978576,0.33753205017584365,0.1256942697681407,environmental
scene-0916_e5a06b589b93428c867bd6a92ed6da93_clip000,0.0,0.0,0.0,0.0,0.0,0.0,"{'advisory': 10, 'silent': 9, 'intervention': 1}",0.9,0.5,0.0,0.0,0.0,0.0,-0.8671099695241199,0.0,0.0,5.928808108233976,0.42559222221702053,0.175,67.97909029134769,"{'advisory': 10, 'silent': 10}",full,nuscenes,0.4553778079978576,0.3442826729834207,0.1159105733078462,environmental
scene-0916_68d411d0e8664a09b4c59787793b0b87_clip000,0.0,0.0,0.0,0.0,0.0,0.0,"{'advisory': 9, 'silent': 10, 'intervention': 1}",0.95,0.45,0.0,0.0,0.0,0.0,-0.8671099695241199,0.0,0.0,5.928808108233976,0.4255425987290745,0.175,67.88809808176617,"{'advisory': 10, 'silent': 10}",full,nuscenes,0.4553778079978576,0.33753205017584365,0.1256942697681407,environmental
scene-0916_c6d85e602dd342d99758b41e64e86e12_clip000,0.0,0.0,0.0,0.0,0.0,0.0,"{'advisory': 10, 'silent': 9, 'intervention': 1}",0.9,0.5,0.0,0.0,0.0,0.0,-0.8671099695241199,0.0,0.0,5.928808108233976,0.42110866119449997,0.175,68.24744939600309,"{'advisory': 10, 'silent': 10}",full,nuscenes,0.4553778079978576,0.33898640459538437,0.11226153820736898,environmental
scene-0916_c5a370e03491457485bfda760515e537_clip000,0.0,0.0,0.0,0.0,0.0,0.0,"{'advisory': 10, 'silent': 9, 'intervention': 1}",0.9,0.5,0.0,0.0,0.0,0.0,-0.8671099695241199,0.0,0.0,5.928808108233976,0.42110866119449997,0.175,68.24744939600309,"{'advisory': 10, 'silent': 10}",full,nuscenes,0.4553778079978575,0.33898640459538437,0.11226153820736898,environmental
scene-1094_55f7fb5fa2854b0da825c2cd1c94b23b_clip000,0.0,0.0,0.0,0.0,1.0,0.0,"{'advisory': 7, 'silent': 10, 'intervention': 1}",0.5,0.3888888888888889,1.0,0.0,0.0,0.0,-0.5461186812727502,0.0,1.001964,3.706649448127391,0.3528457005751385,0.3472222222222221,58.2720524686074,"{'advisory': 16, 'silent': 1, 'intervention': 1}",full,nuscenes,0.6663293487251398,0.30653363703923,0.19595881570700346,environmental
scene-1094_47304f98d3d3484d8af8d5e4c7428022_clip000,0.0,0.0,0.0,0.0,1.0,0.0,"{'advisory': 11, 'silent': 6, 'intervention': 3}",0.65,0.55,0.6666666666666666,0.0,0.0,0.0,-0.5202659817144719,0.0,4.003540000000001,3.706649448127391,0.42083397510514536,0.37999999999999995,54.61511882935245,"{'advisory': 18, 'intervention': 2}",full,nuscenes,0.6663293487251398,0.4324739574656943,0.1919162832557047,environmental
scene-1094_3543efbc49b147c6a7151e945b999fe5_clip000,0.0,0.0,0.0,0.0,1.0,0.0,"{'advisory': 8, 'silent': 10, 'intervention': 1}",0.5263157894736842,0.42105263157894735,1.0,0.0,0.0,0.0,-0.5331139899831832,0.0,1.5018470000000006,3.706649448127391,0.3332525010877917,0.3473684210526315,58.288769530378744,"{'advisory': 17, 'silent': 1, 'intervention': 1}",full,nuscenes,0.6663293487251398,0.3093379902424189,0.19259722711143631,environmental
scene-1094_d61323aefb8640da9d5258fae57c2d1c_clip000,0.0,0.0,0.0,0.0,1.0,0.0,"{'advisory': 8, 'silent': 10, 'intervention': 1}",0.5263157894736842,0.42105263157894735,1.0,0.0,0.0,0.0,-0.5331139899831832,0.0,1.5018470000000006,3.706649448127391,0.3332525010877917,0.3473684210526315,58.288769530378744,"{'advisory': 17, 'silent': 1, 'intervention': 1}",full,nuscenes,0.6663293487251398,0.3093379902424189,0.19259722711143631,environmental
scene-1094_9777aa985269472595ff1ee88420008f_clip000,0.0,0.0,0.0,0.0,1.0,0.0,"{'advisory': 7, 'silent': 10, 'intervention': 1}",0.5,0.3888888888888889,1.0,0.0,0.0,0.0,-0.5461186812727502,0.0,1.001964,3.706649448127391,0.3528457005751385,0.3472222222222221,58.2720524686074,"{'advisory': 16, 'silent': 1, 'intervention': 1}",full,nuscenes,0.6663293487251398,0.30653363703923,0.19595881570700346,environmental
scene-1094_e6505be7823b40858d669c34afba37c4_clip000,0.0,0.0,0.0,0.0,1.0,0.0,"{'advisory': 13, 'silent': 4, 'intervention': 3}",0.75,0.65,0.6666666666666666,0.0,0.0,0.0,-0.5202659817144719,0.0,4.998771,3.706649448127391,0.42105936852884385,0.3799999999999999,54.049609240438045,"{'advisory': 18, 'intervention': 2}",full,nuscenes,0.6663293487251398,0.46070222310796316,0.18253833724391552,environmental
scene-1094_9441225cd01f4730a02b5d8927063f53_clip000,0.0,0.0,0.0,0.0,1.0,0.0,"{'emergency': 1, 'advisory': 13, 'silent': 1, 'intervention': 5}",0.85,0.65,0.8,0.0,0.0,0.0,-0.7509392614826383,0.0,6.999445000000001,3.706649448127391,0.526292411010795,0.425,49.35753835726678,"{'advisory': 15, 'intervention': 5}",full,nuscenes,0.6663293487251398,0.6109733018353498,0.18866962128890452,environmental
scene-1094_dc534f142fbf42afbdd38a1afae9df7f_clip000,0.0,0.0,0.0,0.0,0.0,0.0,"{'advisory': 5, 'silent': 10}",0.4,0.3333333333333333,0.0,0.0,0.0,0.0,-0.4330127018922193,0.0,0.0,3.706649448127391,0.1428588979807466,0.3266666666666666,61.214394656404316,"{'advisory': 14, 'silent': 1}",full,nuscenes,0.6663293487251398,0.2217277247504426,0.18268665506922718,environmental
scene-1094_2c761ca3c6e745ab8b7553a3f3dc937e_clip000,0.0,0.0,0.0,0.0,1.0,0.0,"{'advisory': 9, 'silent': 9, 'intervention': 2}",0.55,0.45,1.0,0.0,0.0,0.0,-0.5202659817144719,0.0,2.4512740000000006,3.706649448127391,0.31740160655997174,0.37999999999999995,56.87234119584,"{'advisory': 18, 'intervention': 2}",full,nuscenes,0.6663293487251398,0.3569579997462829,0.19219149542553088,environmental
scene-1094_155047a77309452a908e6c96ddd60b55_clip000,0.0,0.0,0.0,0.0,1.0,0.0,"{'advisory': 12, 'silent': 5, 'intervention': 3}",0.7,0.6,0.6666666666666666,0.0,0.0,0.0,-0.5202659817144719,0.0,4.498894000000001,3.706649448127391,0.4210586593660709,0.3799999999999999,54.35189235239933,"{'advisory': 18, 'intervention': 2}",full,nuscenes,0.6663293487251398,0.4461260953390059,0.18703836128083035,environmental
scene-1094_8e992e7479094a61a550b951c1451092_clip000,0.0,0.0,0.0,0.0,1.0,0.0,"{'advisory': 13, 'silent': 4, 'intervention': 3}",0.75,0.65,0.6666666666666666,0.0,0.0,0.0,-0.5202659817144719,0.0,4.998771,3.706649448127391,0.42105936852884385,0.3799999999999999,54.049609240438045,"{'advisory': 18, 'intervention': 2}",full,nuscenes,0.6663293487251398,0.46070222310796316,0.18253833724391552,environmental
scene-1094_c530e58bfaaf4ba38bf0f66c11381d7b_clip000,0.0,0.0,0.0,0.0,1.0,0.0,"{'advisory': 13, 'silent': 4, 'intervention': 3}",0.75,0.65,0.6666666666666666,0.0,0.0,0.0,-0.5202659817144719,0.0,4.998771,3.706649448127391,0.42105936852884385,0.3799999999999999,54.049609240438045,"{'advisory': 18, 'intervention': 2}",full,nuscenes,0.6663293487251398,0.46070222310796316,0.18253833724391552,environmental
scene-1094_029357560fcc41db9973bd656d63547d_clip000,0.0,0.0,0.0,0.0,1.0,0.0,"{'emergency': 2, 'advisory': 13, 'intervention': 5}",0.85,0.65,0.8,0.0,0.0,0.0,-0.7947194142390263,0.0,7.499250000000002,2.8688461782870722,0.5262940729182543,0.44000000000000006,47.845602325255626,"{'advisory': 14, 'intervention': 6}",full,nuscenes,0.6663293487251398,0.6472594484400758,0.20278134241788387,environmental
scene-1094_19f0484e0ec84c0eb64c92698fe5e7e3_clip000,0.0,0.0,0.0,0.0,1.0,0.0,"{'emergency': 3, 'advisory': 8, 'intervention': 9}",0.75,0.4,0.7777777777777778,0.0,0.0,0.0,-0.8671099695241199,1.0,8.548764999999998,2.8688461782870722,0.5264159747455096,0.5,45.27226634575763,"{'advisory': 10, 'intervention': 10}",full,nuscenes,0.6663293487251398,0.7704661939072073,0.16535246293401865,trajectory
scene-1094_98e2b15c113a477a9f291b25194cab62_clip000,0.0,0.0,0.0,0.0,1.0,0.0,"{'silent': 1, 'emergency': 3, 'advisory': 6, 'intervention': 8}",0.7222222222222222,0.3333333333333333,0.75,0.0,0.0,0.0,-0.8885233166386386,1.0,6.000133000000002,2.8688461782870722,0.5848798042758222,0.48055555555555557,44.872607272141714,"{'silent': 1, 'advisory': 8, 'intervention': 9}",full,nuscenes,0.6663293487251398,0.7914951016644928,0.1576455242972638,trajectory
scene-1094_1ab7d92d3ed3455ea628c6962906d4e7_clip000,0.0,0.0,0.0,0.0,1.0,0.0,"{'silent': 1, 'emergency': 3, 'advisory': 7, 'intervention': 9}",0.75,0.35,0.7777777777777778,0.0,0.0,0.0,-0.8864052604279183,1.0,9.547959,2.8688461782870722,0.628406552646487,0.48250000000000004,45.34150925140157,"{'silent': 1, 'advisory': 9, 'intervention': 10}",full,nuscenes,0.6663293487251398,0.7779015511915128,0.1556090087949153,trajectory
scene-1100_0b2ba0a3a3874e4a9863541a7a65ec00_clip000,0.0,0.0,0.0,0.0,0.0,0.0,{'silent': 10},1.0,0.0,0.0,0.0,0.0,0.0,0.0,0.0,0.0,7.156893781968976,0.0,0.0,76.8569993878065,{'silent': 10},full,nuscenes,0.4589338719878682,0.007344425929312862,0.1521770984933131,environmental
scene-1100_47b04d517ed64f92ad6af4c11233de34_clip000,0.0,0.0,0.0,0.0,0.0,0.0,{'silent': 20},1.0,0.0,0.0,0.0,0.0,0.0,0.0,0.0,0.0,8.255333802828359,0.0,0.0,77.96609939282345,{'silent': 20},full,nuscenes,0.4589338719878682,0.0049856288977498855,0.11756589535764343,environmental
scene-1100_baa84e9048974b67a0c168a8bf946d3e_clip000,0.0,0.0,0.0,0.0,0.0,0.0,{'silent': 10},1.0,0.0,0.0,0.0,0.0,0.0,0.0,0.0,0.0,7.156893781968976,0.0,0.0,76.8569993878065,{'silent': 10},full,nuscenes,0.4589338719878682,0.007344425929312862,0.1521770984933131,environmental
scene-1100_7a88efefda9f4fc3a30fa6a655978ada_clip000,0.0,0.0,0.0,0.0,0.0,0.0,{'silent': 20},1.0,0.0,0.0,0.0,0.0,0.0,0.0,0.0,0.0,8.395470031155442,0.0,0.0,78.1330102126415,{'silent': 20},full,nuscenes,0.4589338719878682,0.0021141203738642284,0.11487370988759524,environmental
scene-1100_7c7ea45167174debb191420c7fb99649_clip000,0.0,0.0,0.0,0.0,0.0,0.0,{'silent': 20},1.0,0.0,0.0,0.0,0.0,0.0,0.0,0.0,0.0,8.214534625139017,0.0,0.0,77.83820051902369,{'silent': 20},full,nuscenes,0.4589338719878681,0.0069894650535236675,0.11982535499519605,environmental
scene-1100_7b644b3fb6634f13bf30402c70770e3b_clip000,0.0,0.0,0.0,0.0,0.0,0.0,{'silent': 20},1.0,0.0,0.0,0.0,0.0,0.0,0.0,0.0,0.0,7.156893781968976,0.0,0.0,77.1153260761881,{'silent': 20},full,nuscenes,0.4589338719878682,0.011552272105657044,0.13935836270424887,environmental
scene-1100_1c6ea643f2d04632ac5624e0072aa659_clip000,0.0,0.0,0.0,0.0,0.0,0.0,{'silent': 20},1.0,0.0,0.0,0.0,0.0,0.0,0.0,0.0,0.0,7.622279608464889,0.0,0.0,77.49653513912492,{'silent': 20},full,nuscenes,0.45893387198786834,0.009943279356537523,0.12826038668880796,environmental
scene-1100_60e1ec6251134f9a8e2031b871a455d1_clip000,0.0,0.0,0.0,0.0,0.0,0.0,{'silent': 18},1.0,0.0,0.0,0.0,0.0,0.0,0.0,0.0,0.0,7.156893781968976,0.0,0.0,77.08405857216401,{'silent': 18},full,nuscenes,0.4589338719878682,0.010824216413827352,0.14112866853021439,environmental
near_miss_0000,0.0,0.0,0.0,0.0,1.0,0.0,"{'emergency': 10, 'advisory': 20, 'intervention': 10}",0.75,0.5,0.6,0.0,0.4,0.0,-0.870203540714765,1.0,2.7,0.6153846153846168,1.0256410256410258,0.495,44.328039478751315,"{'emergency': 4, 'advisory': 24, 'intervention': 12}",full,prism_ar_synthetic,0.6930251611139581,0.7468818488539501,0.18481662036906193,trajectory
near_miss_0001,0.0,0.0,0.0,0.0,1.0,0.0,"{'emergency': 10, 'advisory': 20, 'intervention': 10}",0.75,0.5,0.6,0.0,0.4,0.0,-0.870203540714765,1.0,2.7,0.6322434491419031,1.0256410256410258,0.495,44.32953842802357,"{'emergency': 4, 'advisory': 24, 'intervention': 12}",full,prism_ar_synthetic,0.6930251611139581,0.7512170556341815,0.18043144861308885,trajectory
near_miss_0002,0.0,0.0,0.0,0.0,1.0,0.0,"{'emergency': 10, 'advisory': 22, 'intervention': 8}",0.75,0.55,0.5,0.0,0.4,0.0,-0.8425709552497533,1.0,2.5999999999999996,0.6549155677158964,1.0256410256410258,0.4800000000000001,45.44633228454723,"{'emergency': 4, 'advisory': 26, 'intervention': 10}",full,prism_ar_synthetic,0.6930251611139581,0.7194864891298265,0.17493555323332186,trajectory
near_miss_0003,0.0,0.0,0.0,0.0,1.0,0.0,"{'emergency': 10, 'advisory': 20, 'intervention': 10}",0.75,0.5,0.6,0.0,0.4,0.0,-0.870203540714765,1.0,2.7,0.6283376104558798,1.0256410256410258,0.495,44.416916903132034,"{'emergency': 4, 'advisory': 24, 'intervention': 12}",full,prism_ar_synthetic,0.6930251611139581,0.7473119877381194,0.1814239006722021,trajectory
near_miss_0004,0.0,0.0,0.0,0.0,1.0,0.0,"{'emergency': 10, 'advisory': 22, 'intervention': 8}",0.8,0.55,0.75,0.0,0.4,0.0,-0.870203540714765,1.0,2.7,0.6447460000902581,1.0256410256410258,0.495,45.310810582428346,"{'emergency': 4, 'advisory': 24, 'intervention': 12}",full,prism_ar_synthetic,0.6930251611139581,0.7215933442562432,0.17734608817753444,trajectory
near_miss_0005,0.0,0.0,0.0,0.0,1.0,0.0,"{'emergency': 10, 'advisory': 20, 'intervention': 10}",0.85,0.5,1.0,0.0,0.4,0.0,-0.9007039500489618,1.0,2.7,0.4753219694268166,1.0256410256410258,0.525,42.464651139772116,"{'emergency': 4, 'advisory': 20, 'intervention': 16}",full,prism_ar_synthetic,0.7248196506115889,0.7366640275302737,0.21475473366187053,trajectory
near_miss_0006,0.0,0.0,0.0,0.0,1.0,0.0,"{'emergency': 10, 'advisory': 20, 'intervention': 10}",0.85,0.5,1.0,0.0,0.4,0.0,-0.9007039500489618,1.0,2.7,0.4695338870846171,1.0256410256410258,0.525,42.09335060241415,"{'emergency': 4, 'advisory': 20, 'intervention': 16}",full,prism_ar_synthetic,0.7248196506115889,0.746113083197623,0.2176823625731203,trajectory
near_miss_0007,0.0,0.0,0.0,0.0,1.0,0.0,"{'emergency': 10, 'advisory': 20, 'intervention': 10}",0.85,0.5,1.0,0.0,0.4,0.0,-0.9007039500489618,1.0,2.7,0.4758958245791921,1.0256410256410258,0.525,42.37241167855103,"{'emergency': 4, 'advisory': 20, 'intervention': 16}",full,prism_ar_synthetic,0.7248196506115889,0.74002441822285,0.21446899167666383,trajectory
near_miss_0008,0.0,0.0,0.0,0.0,1.0,0.0,"{'emergency': 10, 'advisory': 20, 'intervention': 10}",0.85,0.5,1.0,0.0,0.4,0.0,-0.9007039500489618,1.0,2.7,0.47335688484785765,1.0256410256410258,0.525,42.29949805085694,"{'emergency': 4, 'advisory': 20, 'intervention': 16}",full,prism_ar_synthetic,0.7248196506115889,0.7411845224668736,0.2157393416891098,trajectory
near_miss_0009,0.0,0.0,0.0,0.0,1.0,0.0,"{'emergency': 10, 'advisory': 20, 'intervention': 10}",0.85,0.5,1.0,0.0,0.4,0.0,-0.9007039500489618,1.0,2.7,0.4757921665008333,1.0256410256410258,0.525,41.95102552652662,"{'emergency': 4, 'advisory': 20, 'intervention': 16}",full,prism_ar_synthetic,0.7248196506115889,0.7540190679713351,0.21452054699565903,trajectory
near_miss_0010,0.0,0.0,0.0,0.0,1.0,0.0,"{'emergency': 10, 'advisory': 20, 'intervention': 10}",0.3,0.5,0.0,0.0,0.0,0.0,-0.8456461262797924,1.0,2.4,0.4615384615384599,1.0256410256410258,0.325,53.51927250334886,"{'advisory': 26, 'silent': 8, 'intervention': 6}",full,prism_ar_synthetic,0.43792338783161533,0.7515818765739685,0.21387785620558253,trajectory
near_miss_0011,0.0,0.0,0.0,0.0,1.0,0.0,"{'emergency': 10, 'advisory': 20, 'intervention': 10}",0.3,0.5,0.0,0.0,0.0,0.0,-0.8456461262797924,1.0,2.4,0.4734502033885555,1.0256410256410258,0.325,53.473746025624834,"{'advisory': 26, 'silent': 8, 'intervention': 6}",full,prism_ar_synthetic,0.43792338783161533,0.7586433213922299,0.2083339606447881,trajectory
near_miss_0012,0.0,0.0,0.0,0.0,1.0,0.0,"{'emergency': 10, 'advisory': 20, 'intervention': 10}",0.3,0.5,0.0,0.0,0.0,0.0,-0.8456461262797924,1.0,2.4,0.49573541092699,1.0256410256410258,0.325,53.93984550208173,"{'advisory': 26, 'silent': 8, 'intervention': 6}",full,prism_ar_synthetic,0.43792338783161533,0.7527017225620048,0.1987389102597835,trajectory
near_miss_0013,0.0,0.0,0.0,0.0,1.0,0.0,"{'emergency': 10, 'advisory': 20, 'intervention': 10}",0.275,0.5,0.0,0.0,0.0,0.0,-0.8615413635611239,1.0,2.4,0.5095358666587053,1.0256410256410258,0.31625000000000003,54.36022399550279,"{'advisory': 25, 'silent': 9, 'intervention': 6}",full,prism_ar_synthetic,0.43792338783161533,0.7410925066410634,0.19633550973335645,trajectory
near_miss_0014,0.0,0.0,0.0,0.0,1.0,0.0,"{'emergency': 10, 'advisory': 22, 'intervention': 8}",0.3,0.55,0.0,0.0,0.0,0.0,-0.8753269007054402,1.0,2.4,0.5078401824379597,1.0256410256410258,0.3075,54.84192508446565,"{'advisory': 24, 'silent': 10, 'intervention': 6}",full,prism_ar_synthetic,0.43792338783161533,0.7244042482234276,0.19696706518556345,trajectory
near_miss_0015,0.0,0.0,0.0,0.0,1.0,0.0,"{'emergency': 10, 'advisory': 18, 'silent': 3, 'intervention': 9}",0.325,0.45,0.0,0.0,0.0,0.0,-0.91919791776857,1.0,1.6,0.24056210088273064,0.7692307692307693,0.32125000000000004,52.181121598863925,"{'advisory': 20, 'silent': 11, 'intervention': 9}",full,prism_ar_synthetic,0.43792338783161533,0.7210660500729189,0.2889987128561299,trajectory
near_miss_0016,0.0,0.0,0.0,0.0,1.0,0.0,"{'emergency': 9, 'advisory': 17, 'silent': 4, 'intervention': 10}",0.325,0.425,0.0,0.0,0.0,0.0,-0.917662935482247,1.0,1.5,0.2452933868068449,0.7692307692307693,0.30500000000000005,52.782673272960736,"{'advisory': 20, 'silent': 12, 'intervention': 8}",full,prism_ar_synthetic,0.43792338783161544,0.7076865326317474,0.28232650782740765,trajectory
near_miss_0017,0.0,0.0,0.0,0.0,1.0,0.0,"{'emergency': 9, 'advisory': 17, 'silent': 4, 'intervention': 10}",0.325,0.425,0.0,0.0,0.0,0.0,-0.9255155035807995,1.0,1.6,0.24184195191866506,0.7692307692307693,0.3125,52.591067226195285,"{'advisory': 19, 'silent': 12, 'intervention': 9}",full,prism_ar_synthetic,0.4379233878316152,0.7092387137445324,0.2871611949401376,trajectory
near_miss_0018,0.0,0.0,0.0,0.0,1.0,0.0,"{'emergency': 9, 'advisory': 17, 'silent': 4, 'intervention': 10}",0.325,0.425,0.0,0.0,0.0,0.0,-0.9255155035807995,1.0,1.6,0.24125037138591232,0.7692307692307693,0.3125,52.86977766353927,"{'advisory': 19, 'silent': 12, 'intervention': 9}",full,prism_ar_synthetic,0.4379233878316152,0.6991020795879592,0.2880074811852452,trajectory
near_miss_0019,0.0,0.0,0.0,0.0,1.0,0.0,"{'emergency': 9, 'advisory': 17, 'silent': 4, 'intervention': 10}",0.325,0.425,0.0,0.0,0.0,0.0,-0.9261685782265114,1.0,1.6,0.23411014262864427,0.7692307692307693,0.3125,52.42955328002033,"{'advisory': 19, 'silent': 12, 'intervention': 9}",full,prism_ar_synthetic,0.4379233878316152,0.7029198766858739,0.2988638302046281,trajectory
near_miss_0020,0.0,0.0,0.0,0.0,1.0,0.0,"{'emergency': 9, 'advisory': 15, 'silent': 6, 'intervention': 10}",0.75,0.375,1.0,0.0,0.7777777777777778,0.0,-0.9208180506228911,0.0,2.0,0.17496594953789935,0.7692307692307693,0.5512499999999999,40.76629885002018,"{'emergency': 7, 'advisory': 19, 'intervention': 14}",full,prism_ar_synthetic,0.7266917768645268,0.6849541909394251,0.32058014490719994,environmental
near_miss_0021,0.0,0.0,0.0,0.0,1.0,0.0,"{'emergency': 9, 'advisory': 16, 'silent': 5, 'intervention': 10}",0.8,0.4,1.0,0.0,0.8888888888888888,0.0,-0.9240320850044371,0.0,2.0,0.17411637680404257,0.7692307692307693,0.5574999999999999,40.43449487314445,"{'emergency': 8, 'advisory': 19, 'intervention': 13}",full,prism_ar_synthetic,0.7266917768645268,0.6941718150407687,0.3224226533683807,environmental
near_miss_0022,0.0,0.0,0.0,0.0,1.0,0.0,"{'emergency': 10, 'advisory': 16, 'silent': 5, 'intervention': 9}",0.75,0.4,1.0,0.0,0.7,0.0,-0.9208180506228911,0.0,2.0,0.17681065642235883,0.7692307692307693,0.5512499999999999,40.44951846530647,"{'emergency': 7, 'advisory': 19, 'intervention': 14}",full,prism_ar_synthetic,0.7266917768645268,0.6994332609028417,0.3166604211009068,environmental
near_miss_0023,0.0,0.0,0.0,0.0,1.0,0.0,"{'emergency': 9, 'advisory': 15, 'silent': 6, 'intervention': 10}",0.75,0.375,1.0,0.0,0.7777777777777778,0.0,-0.9208180506228911,0.0,2.0,0.1813968129945736,0.7692307692307693,0.5512499999999999,41.12370790054005,"{'emergency': 7, 'advisory': 19, 'intervention': 14}",full,prism_ar_synthetic,0.7266917768645268,0.6831842216360149,0.31043647919328116,environmental
near_miss_0024,0.0,0.0,0.0,0.0,1.0,0.0,"{'emergency': 9, 'advisory': 16, 'silent': 5, 'intervention': 10}",0.775,0.4,1.0,0.0,0.7777777777777778,0.0,-0.9208180506228911,0.0,2.0,0.17978840422355793,0.7692307692307693,0.5512499999999999,40.72447488408199,"{'emergency': 7, 'advisory': 19, 'intervention': 14}",full,prism_ar_synthetic,0.7266917768645268,0.6933867021946322,0.3135417658499325,environmental
near_miss_0025,0.0,0.0,0.0,0.0,1.0,0.0,"{'silent': 1, 'emergency': 10, 'advisory': 20, 'intervention': 9}",0.675,0.5,0.2222222222222222,0.0,0.5,0.0,-0.8070413802734554,1.0,3.0,0.3076923076923066,1.0256410256410258,0.47125000000000006,48.54738713627448,"{'emergency': 5, 'advisory': 28, 'intervention': 7}",full,prism_ar_synthetic,0.5434552057942967,0.7293945176994849,0.26108563669897,trajectory
near_miss_0026,0.0,0.0,0.0,0.0,1.0,0.0,"{'emergency': 10, 'advisory': 20, 'intervention': 10}",0.65,0.5,0.2,0.0,0.5,0.0,-0.808263245288446,1.0,3.0,0.29845871392230805,2.0512820512820515,0.45500000000000007,47.80954765096702,"{'silent': 1, 'emergency': 5, 'advisory': 28, 'intervention': 6}",full,prism_ar_synthetic,0.5434552057942967,0.7495430974906475,0.26553170641805607,trajectory
near_miss_0027,0.0,0.0,0.0,0.0,1.0,0.0,"{'emergency': 10, 'advisory': 20, 'intervention': 10}",0.65,0.5,0.2,0.0,0.5,0.0,-0.8287593771796238,1.0,3.0,0.30702222199253626,1.5384615384615385,0.4625,47.97572804778016,"{'silent': 1, 'emergency': 5, 'advisory': 27, 'intervention': 7}",full,prism_ar_synthetic,0.5434552057942967,0.7479395848809074,0.26159587246735805,trajectory
near_miss_0028,0.0,0.0,0.0,0.0,1.0,0.0,"{'emergency': 10, 'advisory': 20, 'intervention': 10}",0.625,0.5,0.2,0.0,0.4,0.0,-0.8273494075984591,1.0,3.0,0.3133212550347153,1.5384615384615385,0.45625,48.33763736435526,"{'silent': 1, 'emergency': 4, 'advisory': 27, 'intervention': 8}",full,prism_ar_synthetic,0.5434552057942966,0.7417841666660802,0.25568764679634903,trajectory
near_miss_0029,0.0,0.0,0.0,0.0,1.0,0.0,"{'silent': 1, 'emergency': 10, 'advisory': 20, 'intervention': 9}",0.65,0.5,0.2222222222222222,0.0,0.4,0.0,-0.8056141039648215,1.0,3.0,0.31203399895766637,1.0256410256410258,0.465,48.73630296697074,"{'emergency': 4, 'advisory': 28, 'intervention': 8}",full,prism_ar_synthetic,0.5434552057942967,0.7274193300181719,0.25676363002374075,trajectory
e9df548a3ee566c7_1981_clip000,0.0,0.0,0.0,0.0,1.0,0.0,"{'advisory': 41, 'intervention': 15}",0.8392857142857143,0.7321428571428571,1.0,0.0,0.0,0.0,-0.865602849280735,1.0,5.0,3.760047674179077,0.9090909090909091,0.4785714285714286,45.940764633645536,"{'advisory': 32, 'intervention': 24}",no_vru,waymo,0.4461533597185225,0.6560177907074606,0.22397828439012096,trajectory
83d8b54e36003b1c_1459_clip000,0.0,0.0,0.0,0.0,0.0,0.0,{'silent': 61},1.0,0.0,0.0,0.0,0.0,0.0,0.0,0.0,0.0,17.652706146240234,0.0,0.0,75.43782774513797,{'silent': 61},no_vru,waymo,0.4461533597185226,0.0005274993409620221,0.009941570003790897,environmental
83d8b54e36003b1c_1451_clip000,0.0,0.0,0.0,0.0,0.0,0.0,{'silent': 60},1.0,0.0,0.0,0.0,0.0,0.0,0.0,0.0,0.0,17.652706146240234,0.0,0.0,75.43743212063993,{'silent': 60},no_vru,waymo,0.4461533597185225,0.0005362909964740885,0.00997032417359414,environmental
83d8b54e36003b1c_1452_clip000,0.0,0.0,0.0,0.0,0.0,0.0,"{'advisory': 3, 'silent': 49}",0.9807692307692307,0.057692307692307696,0.0,0.0,0.0,0.0,-0.46162382886769215,0.0,0.0,18.14910888671875,0.7843137254901962,0.02692307692307692,74.48732591692891,"{'advisory': 4, 'silent': 48}",no_vru,waymo,0.4461533597185226,0.02164976219005204,0.00901720093065726,environmental
b9e482dcb539d3c0_2165_clip000,0.0,0.0,0.0,0.0,1.0,0.0,"{'advisory': 4, 'silent': 46, 'intervention': 1}",0.9803921568627451,0.0784313725490196,1.0,0.0,0.0,0.0,-0.5158132883285285,0.0,4.0,6.240941047668457,1.2,0.04607843137254902,71.56666484268685,"{'advisory': 3, 'silent': 46, 'intervention': 2}",no_vru,waymo,0.4553778079978575,0.07527901594291082,0.18475703858264556,environmental
0015197d-b916-43b6-bcaa-8a7d90d7b87d_26944_clip000,0.0,0.0,0.0,0.0,1.0,0.0,"{'silent': 1, 'advisory': 47, 'intervention': 16}",0.921875,0.734375,1.0,0.0,0.0,0.0,-0.8092488621741971,1.0,5.1000000000000005,5.246325143903048,0.31746031746031744,0.44375000000000003,46.6783670237828,"{'advisory': 44, 'intervention': 20}",no_vru,argoverse,0.4553778079978575,0.6283523008074451,0.13100609770521987,trajectory
0015197d-b916-43b6-bcaa-8a7d90d7b87d_26953_clip000,0.0,0.0,0.0,0.0,1.0,0.0,"{'silent': 1, 'advisory': 77, 'intervention': 16}",0.9468085106382979,0.8191489361702128,1.0,0.0,0.0,0.0,-0.7106530593187752,1.0,5.100000000000001,5.246325143903048,0.2150537634408602,0.4138297872340426,49.21386185062979,"{'advisory': 74, 'intervention': 20}",no_vru,argoverse,0.4553778079978575,0.5720079713219565,0.12998745780171406,trajectory
0015197d-b916-43b6-bcaa-8a7d90d7b87d_26955_clip000,0.0,0.0,0.0,0.0,1.0,0.0,"{'advisory': 48, 'silent': 11, 'intervention': 13}",0.8333333333333334,0.6666666666666666,1.0,0.0,0.0,0.0,-0.6875790219114832,1.0,1.2999999999999998,5.246325143903048,0.14084507042253522,0.4083333333333333,52.48120913183246,"{'advisory': 58, 'intervention': 14}",no_vru,argoverse,0.4553778079978575,0.49940025396189747,0.12670334265245747,trajectory
0015197d-b916-43b6-bcaa-8a7d90d7b87d_26957_clip000,0.0,0.0,0.0,0.0,1.0,0.0,"{'silent': 1, 'advisory': 70, 'intervention': 16}",0.9425287356321839,0.8045977011494253,1.0,0.0,0.0,0.0,-0.7310923599193158,1.0,5.100000000000001,5.246325143903048,0.2325581395348837,0.4189655172413794,49.15397926378875,"{'advisory': 67, 'intervention': 20}",no_vru,argoverse,0.4553778079978574,0.5733386954739799,0.12563939639686242,trajectory
0015197d-b916-43b6-bcaa-8a7d90d7b87d_26966_clip000,0.0,0.0,0.0,0.0,1.0,0.0,"{'advisory': 45, 'intervention': 16}",0.9344262295081968,0.7377049180327869,1.0,0.0,0.0,0.0,-0.8206082827322335,1.0,5.1000000000000005,5.246325143903048,0.3333333333333333,0.44836065573770506,45.92362601703014,"{'advisory': 41, 'intervention': 20}",no_vru,argoverse,0.4553778079978575,0.6451243231797266,0.13619169033408612,trajectory
0015197d-b916-43b6-bcaa-8a7d90d7b87d_27022_clip000,0.0,0.0,0.0,0.0,1.0,0.0,"{'silent': 1, 'advisory': 47, 'intervention': 16}",0.921875,0.734375,1.0,0.0,0.0,0.0,-0.8092488621741971,1.0,5.1000000000000005,5.246325143903048,0.31746031746031744,0.44375000000000003,46.6783670237828,"{'advisory': 44, 'intervention': 20}",no_vru,argoverse,0.4553778079978575,0.6283523008074451,0.13100609770521987,trajectory
001749f1-bc1c-47fb-a13f-9ab1f2c050a8_7637_clip000,0.0,0.0,0.0,0.0,0.0,0.0,"{'advisory': 20, 'silent': 31}",0.39215686274509803,0.39215686274509803,0.0,0.0,0.0,0.0,0.0,0.0,0.0,13.0779597103601,0.0,0.3500000000000001,62.99607667490612,{'advisory': 51},no_vru,argoverse,0.4553778079978575,0.26573653078248266,0.02920127862445888,environmental
001749f1-bc1c-47fb-a13f-9ab1f2c050a8_7719_clip000,0.0,0.0,0.0,0.0,0.0,0.0,"{'advisory': 23, 'silent': 31}",0.42592592592592593,0.42592592592592593,0.0,0.0,0.0,0.0,0.0,0.0,0.0,13.0779597103601,0.0,0.35000000000000014,62.84383432494701,{'advisory': 54},no_vru,argoverse,0.4553778079978576,0.2691196941149072,0.028958469326882792,environmental
001749f1-bc1c-47fb-a13f-9ab1f2c050a8_7791_clip000,0.0,0.0,0.0,0.0,0.0,0.0,"{'advisory': 27, 'silent': 66}",0.3870967741935484,0.2903225806451613,0.0,0.0,0.0,0.0,-0.512110504957374,0.0,0.0,13.0779597103601,0.2173913043478261,0.3161290322580646,64.5697083922513,"{'silent': 9, 'advisory': 84}",no_vru,argoverse,0.4553778079978575,0.2307669370637009,0.019023786845436895,environmental
001749f1-bc1c-47fb-a13f-9ab1f2c050a8_7834_clip000,0.0,0.0,0.0,0.0,0.0,0.0,"{'advisory': 27, 'silent': 39}",0.4090909090909091,0.4090909090909091,0.0,0.0,0.0,0.0,0.0,0.0,0.0,13.0779597103601,0.0,0.3500000000000001,62.827722751487286,{'advisory': 66},no_vru,argoverse,0.4553778079978575,0.2694777290806787,0.026109558121039107,environmental
001d7c9e-4f80-4d1d-9ad9-5b6432c4fb36_7174_clip000,0.0,0.0,0.0,0.0,1.0,0.0,"{'advisory': 44, 'intervention': 20}",0.96875,0.6875,1.0,0.0,0.0,0.0,-0.8355727485873496,1.0,2.0999999999999996,5.948764733383713,0.15873015873015872,0.453125,47.815491742977706,"{'advisory': 42, 'intervention': 22}",no_vru,argoverse,0.4553778079978575,0.6030828626031141,0.06005374171757451,trajectory
001e7a56-f046-4f05-bd8f-ddf320079eae_128636_clip000,0.0,0.0,0.0,0.0,0.0,0.0,{'silent': 50},1.0,0.0,0.0,0.0,0.0,0.0,0.0,0.0,0.0,7.46465415725576,0.0,0.0,74.81716263519333,{'silent': 50},no_vru,argoverse,0.4553778079978575,0.003045731664989117,0.15351267224884071,environmental
001e7a56-f046-4f05-bd8f-ddf320079eae_128706_clip000,0.0,0.0,0.0,0.0,0.0,0.0,{'silent': 76},1.0,0.0,0.0,0.0,0.0,0.0,0.0,0.0,0.0,7.504280071130132,0.0,0.0,74.94904118336841,{'silent': 76},no_vru,argoverse,0.4553778079978575,0.00011509726109841222,0.1523607101943993,environmental
00230ccd-4922-4f8c-b67f-ba70d0db22d3_80443_clip000,0.0,0.0,0.0,0.0,0.0,0.0,"{'silent': 22, 'advisory': 75}",0.7731958762886598,0.7731958762886598,0.0,0.0,0.0,0.0,0.0,0.0,0.0,10.309420059594347,0.0,0.35000000000000003,57.57199752108295,{'advisory': 97},no_vru,argoverse,0.4666227184390223,0.3725278436615736,0.03240090197054041,environmental
00230ccd-4922-4f8c-b67f-ba70d0db22d3_80484_clip000,0.0,0.0,0.0,0.0,0.0,0.0,"{'silent': 19, 'advisory': 75}",0.7978723404255319,0.7978723404255319,0.0,0.0,0.0,0.0,0.0,0.0,0.0,10.309420059594347,0.0,0.35000000000000014,57.234018277560736,{'advisory': 94},no_vru,argoverse,0.4666227184390223,0.38003849351762287,0.03343412427400461,environmental
002ba35d-be70-4ce4-b15a-01a28e0ae801_124980_clip000,0.0,0.0,0.0,0.0,1.0,0.0,"{'advisory': 25, 'silent': 35, 'intervention': 15}",0.5866666666666667,0.3333333333333333,1.0,0.0,0.0,0.0,-0.8123561839144333,0.0,3.3000000000000007,4.417922314372978,0.4054054054054054,0.39000000000000007,55.26128521686803,"{'advisory': 52, 'silent': 6, 'intervention': 17}",no_vru,argoverse,0.4553778079978575,0.43762078540555127,0.09488727163695611,environmental
002ba35d-be70-4ce4-b15a-01a28e0ae801_124999_clip000,0.0,0.0,0.0,0.0,1.0,0.0,"{'advisory': 25, 'silent': 60, 'intervention': 15}",0.74,0.25,1.0,0.0,0.0,0.0,-0.9206196229147688,0.0,2.8000000000000007,4.417922314372978,0.30303030303030304,0.275,60.179254250146705,"{'advisory': 47, 'silent': 36, 'intervention': 17}",no_vru,argoverse,0.4553778079978575,0.3283325846660251,0.07319949519778443,environmental
002ba35d-be70-4ce4-b15a-01a28e0ae801_125007_clip000,0.0,0.0,0.0,0.0,1.0,0.0,"{'advisory': 14, 'silent': 63, 'intervention': 9}",0.7325581395348837,0.16279069767441862,1.0,0.0,0.0,0.0,-0.9075831652741363,0.0,0.9000000000000004,4.417922314372978,0.23529411764705882,0.2180232558139534,63.94586767265108,"{'advisory': 35, 'silent': 41, 'intervention': 10}",no_vru,argoverse,0.4553778079978576,0.24463006416592806,0.0479211001385488,environmental
002ba35d-be70-4ce4-b15a-01a28e0ae801_125055_clip000,0.0,0.0,0.0,0.0,1.0,0.0,"{'advisory': 25, 'silent': 60, 'intervention': 15}",0.75,0.25,1.0,0.0,0.0,0.0,-0.9219756696402099,0.0,2.700000000000001,4.417922314372978,0.30303030303030304,0.2715000000000001,60.297654847223875,"{'advisory': 46, 'silent': 37, 'intervention': 17}",no_vru,argoverse,0.4553778079978576,0.3257014602865319,0.07273288226180925,environmental
003363ad-fa78-45f9-a8d7-716f4ea6d586_28550_clip000,0.0,0.0,0.0,0.0,1.0,0.0,"{'emergency': 7, 'advisory': 44, 'silent': 37, 'intervention': 12}",0.62,0.44,1.0,0.0,0.0,0.0,-0.815308044125224,0.0,6.0,3.808646403469341,0.30303030303030304,0.3845,54.54103454464864,"{'advisory': 69, 'silent': 9, 'intervention': 22}",no_vru,argoverse,0.4665456582408972,0.43997676115782286,0.041367193219345004,environmental
scene-0061_bbd6c47a20e34276bc6f2cfbc6ba6205_clip000,0.0,0.0,0.0,0.0,1.0,0.0,"{'silent': 7, 'advisory': 11, 'intervention': 2}",0.65,0.55,1.0,0.0,0.0,0.0,-0.6971942048077112,0.0,4.597859,4.141439698693297,0.520866701356389,0.37749999999999995,57.156849025415774,"{'silent': 1, 'advisory': 16, 'intervention': 3}",no_vru,nuscenes,0.4553778079978575,0.39549714521560136,0.12702846731576262,environmental
scene-0061_3843d35144d84c02b387678f9bc7f2ed_clip000,0.0,0.0,0.0,0.0,1.0,0.0,"{'emergency': 3, 'advisory': 3, 'silent': 3, 'intervention': 3}",0.5,0.25,1.0,0.0,0.0,0.0,-0.9276625296541315,1.0,4.998757,2.677125974241124,0.36372544330402373,0.49999999999999983,46.9107940068618,"{'advisory': 6, 'intervention': 6}",no_vru,nuscenes,0.4553778079978575,0.623187256739023,0.17616283056589266,trajectory
scene-0061_03d01c950f044575b69137f069345db0_clip000,0.0,0.0,0.0,0.0,1.0,0.0,"{'silent': 8, 'advisory': 10, 'intervention': 2}",0.65,0.5,1.0,0.0,0.0,0.0,-0.7586967559534945,0.0,5.498104,4.141439698693297,0.7329705547927426,0.36,58.00726761387714,"{'silent': 2, 'advisory': 15, 'intervention': 3}",no_vru,nuscenes,0.4553778079978574,0.3765989543609045,0.12828703346334197,environmental
scene-0061_221dd725c6654412a04c71ced8ad6d03_clip000,0.0,0.0,0.0,0.0,1.0,0.0,"{'emergency': 3, 'advisory': 3, 'silent': 4, 'intervention': 3}",0.46153846153846156,0.23076923076923078,1.0,0.0,0.0,0.0,-0.910926579940751,1.0,5.498615,2.677125974241124,0.3334160760895496,0.4884615384615383,48.54906736594114,"{'advisory': 7, 'intervention': 6}",no_vru,nuscenes,0.4553778079978576,0.5867811820928152,0.16352213231908083,trajectory
scene-0061_b4db946778484c2195efa320571f53dc_clip000,0.0,0.0,0.0,0.0,1.0,0.0,"{'advisory': 10, 'silent': 8, 'intervention': 2}",0.6,0.5,1.0,0.0,0.0,0.0,-0.6971942048077112,0.0,5.098293999999999,4.141439698693297,0.6250040364844023,0.37749999999999995,57.560753989613445,"{'silent': 1, 'advisory': 16, 'intervention': 3}",no_vru,nuscenes,0.4553778079978576,0.3865214793445419,0.1274182340386189,environmental
scene-0061_e2f67391cb914b0cbdda3995dbc397f8_clip000,0.0,0.0,0.0,0.0,1.0,0.0,"{'silent': 7, 'advisory': 11, 'intervention': 2}",0.65,0.55,1.0,0.0,0.0,0.0,-0.6971942048077112,0.0,4.597859,4.141439698693297,0.520866701356389,0.37749999999999995,57.156849025415774,"{'silent': 1, 'advisory': 16, 'intervention': 3}",no_vru,nuscenes,0.4553778079978576,0.39549714521560136,0.12702846731576262,environmental
scene-0061_95fc384cb4994ffe9a5caf914274ab22_clip000,0.0,0.0,0.0,0.0,1.0,0.0,"{'silent': 8, 'advisory': 10, 'intervention': 2}",0.65,0.5,1.0,0.0,0.0,0.0,-0.7586967559534945,0.0,5.498104,4.141439698693297,0.7329705547927426,0.36,58.00726761387714,"{'silent': 2, 'advisory': 15, 'intervention': 3}",no_vru,nuscenes,0.4553778079978576,0.3765989543609045,0.12828703346334197,environmental
scene-0061_0e79e7bed1d543c9a00acfbf90ff60b3_clip000,0.0,0.0,0.0,0.0,1.0,0.0,"{'emergency': 3, 'advisory': 4, 'silent': 5, 'intervention': 3}",0.4666666666666667,0.26666666666666666,1.0,0.0,0.0,0.0,-0.8783100656536798,1.0,6.548708,2.677125974241124,0.28374412862461845,0.4699999999999998,50.50848569965363,"{'advisory': 9, 'intervention': 6}",no_vru,nuscenes,0.4553778079978575,0.54323855245476,0.14688168185825978,trajectory
scene-0061_1bc410ff237c4c48b9b7b094a9eaeb4d_clip000,0.0,0.0,0.0,0.0,1.0,0.0,"{'advisory': 9, 'silent': 9, 'intervention': 2}",0.6,0.45,1.0,0.0,0.0,0.0,-0.7586967559534945,0.0,5.998510999999998,4.141439698693297,0.8375853002104644,0.36,58.320588237606685,"{'silent': 2, 'advisory': 15, 'intervention': 3}",no_vru,nuscenes,0.4553778079978575,0.36963627383358133,0.12927065459037115,environmental
scene-0061_71603dd1a2ba4e9daf095535e38310ac_clip000,0.0,0.0,0.0,0.0,1.0,0.0,"{'silent': 8, 'advisory': 10, 'intervention': 2}",0.65,0.5,1.0,0.0,0.0,0.0,-0.7586967559534945,0.0,5.498104,4.141439698693297,0.7329705547927426,0.36,58.00726761387714,"{'silent': 2, 'advisory': 15, 'intervention': 3}",no_vru,nuscenes,0.4553778079978574,0.3765989543609045,0.12828703346334197,environmental
scene-0061_eb3da8843f614a90a48ddb6ee392c0c0_clip000,0.0,0.0,0.0,0.0,1.0,0.0,"{'silent': 8, 'advisory': 10, 'intervention': 2}",0.65,0.5,1.0,0.0,0.0,0.0,-0.7586967559534945,0.0,5.498104,4.141439698693297,0.7329705547927426,0.36,58.00726761387714,"{'silent': 2, 'advisory': 15, 'intervention': 3}",no_vru,nuscenes,0.4553778079978575,0.3765989543609045,0.12828703346334197,environmental
scene-0061_070412f6a4f944e6a0a9e01ac1ea1fee_clip000,0.0,0.0,0.0,0.0,1.0,0.0,"{'silent': 9, 'advisory': 9, 'intervention': 2}",0.7,0.45,1.0,0.0,0.0,0.0,-0.8463616639564904,0.0,6.998295999999998,4.141439698693297,0.9422797138484966,0.325,58.794811877802985,"{'silent': 4, 'advisory': 13, 'intervention': 3}",no_vru,nuscenes,0.4553778079978576,0.3590979707181078,0.13110175151902867,environmental
scene-0061_e59d97d4403a48b88fbb6a58fc9959e6_clip000,0.0,0.0,0.0,0.0,1.0,0.0,"{'advisory': 9, 'silent': 9, 'intervention': 2}",0.6,0.45,1.0,0.0,0.0,0.0,-0.7586967559534945,0.0,5.998510999999998,4.141439698693297,0.8375853002104644,0.36,58.320588237606685,"{'silent': 2, 'advisory': 15, 'intervention': 3}",no_vru,nuscenes,0.4553778079978575,0.36963627383358133,0.12927065459037115,environmental
scene-0061_e1e148c7bcb14072822872a4cfc8e882_clip000,0.0,0.0,0.0,0.0,1.0,0.0,"{'advisory': 9, 'silent': 9, 'intervention': 2}",0.6,0.45,1.0,0.0,0.0,0.0,-0.7586967559534945,0.0,5.998510999999998,4.141439698693297,0.8375853002104644,0.36,58.320588237606685,"{'silent': 2, 'advisory': 15, 'intervention': 3}",no_vru,nuscenes,0.4553778079978576,0.36963627383358133,0.12927065459037115,environmental
scene-0061_f81722a685cc49eba454efbb3aec0331_clip000,0.0,0.0,0.0,0.0,1.0,0.0,"{'silent': 8, 'advisory': 10, 'intervention': 2}",0.65,0.5,1.0,0.0,0.0,0.0,-0.7586967559534945,0.0,5.498104,4.141439698693297,0.7329705547927426,0.36,58.00726761387714,"{'silent': 2, 'advisory': 15, 'intervention': 3}",no_vru,nuscenes,0.4553778079978576,0.3765989543609045,0.12828703346334197,environmental
scene-0061_acc1b985c3b746cdbb22fc59bb41b774_clip000,0.0,0.0,0.0,0.0,1.0,0.0,"{'advisory': 9, 'silent': 9, 'intervention': 2}",0.6,0.45,1.0,0.0,0.0,0.0,-0.7586967559534945,0.0,5.998510999999998,4.141439698693297,0.8375853002104644,0.36,58.320588237606685,"{'silent': 2, 'advisory': 15, 'intervention': 3}",no_vru,nuscenes,0.4553778079978575,0.36963627383358133,0.12927065459037115,environmental
scene-0061_73ee514c205c483da3d1d04282337457_clip000,0.0,0.0,0.0,0.0,1.0,0.0,"{'advisory': 9, 'silent': 9, 'intervention': 2}",0.6,0.45,1.0,0.0,0.0,0.0,-0.7586967559534945,0.0,5.998510999999998,4.141439698693297,0.8375853002104644,0.36,58.320588237606685,"{'silent': 2, 'advisory': 15, 'intervention': 3}",no_vru,nuscenes,0.4553778079978575,0.36963627383358133,0.12927065459037115,environmental
scene-0061_9e6d680cd81942f5acdfbb07254f8f45_clip000,0.0,0.0,0.0,0.0,1.0,0.0,"{'advisory': 8, 'silent': 10, 'intervention': 2}",0.7,0.4,1.0,0.0,0.0,0.0,-0.8760675525660919,0.0,7.498728999999998,4.141439698693297,0.9472155703716444,0.3075,59.29912503681287,"{'silent': 5, 'advisory': 12, 'intervention': 3}",no_vru,nuscenes,0.4553778079978576,0.3478910116289992,0.1316956836673338,environmental
scene-0061_1e775890010e4d97b74ca1d06441d023_clip000,0.0,0.0,0.0,0.0,0.0,0.0,{'silent': 11},0.6363636363636364,0.0,0.0,0.0,0.0,0.0,-0.8366600265340756,0.0,0.0,11.844171317134732,1.400038081035804,0.12727272727272726,71.0473681392362,"{'silent': 7, 'advisory': 4}",no_vru,nuscenes,0.4553778079978576,0.08681894268625868,0.038246337373137866,environmental
scene-0061_203a688b840844b8ae16a2b07967ffad_clip000,0.0,0.0,0.0,0.0,0.0,0.0,{'silent': 11},0.6363636363636364,0.0,0.0,0.0,0.0,0.0,-0.8366600265340756,0.0,0.0,11.844171317134732,1.400038081035804,0.12727272727272726,71.0473681392362,"{'silent': 7, 'advisory': 4}",no_vru,nuscenes,0.4553778079978574,0.08681894268625868,0.038246337373137866,environmental
scene-0103_3b19bb63d0924f4da3034819357d6c8b_clip000,0.0,0.0,0.0,0.0,1.0,0.0,"{'silent': 1, 'advisory': 4, 'intervention': 9}",0.9285714285714286,0.2857142857142857,1.0,0.0,0.0,0.0,-0.9696899027331813,1.0,6.399435,5.779254636762074,0.4687913854895002,0.5428571428571428,38.548131761589865,"{'advisory': 5, 'intervention': 9}",no_vru,nuscenes,0.4553778079978576,0.8090241955228435,0.14625624764099515,trajectory
scene-0103_68a40df2846e4298af0417ea12721b5c_clip000,0.0,0.0,0.0,0.0,1.0,0.0,"{'advisory': 4, 'intervention': 9}",1.0,0.3076923076923077,1.0,0.0,0.0,0.0,-0.9792938238560596,1.0,6.000176,5.779254636762074,0.499985333763543,0.5576923076923077,36.494864698186014,"{'advisory': 4, 'intervention': 9}",no_vru,nuscenes,0.4553778079978576,0.8546523524873737,0.15501461814586853,trajectory
scene-0103_fa107c6dd0dc4d15b94b86cbf5b990c0_clip000,0.0,0.0,0.0,0.0,1.0,0.0,"{'silent': 3, 'advisory': 4, 'intervention': 9}",0.9375,0.25,1.0,0.0,0.0,0.0,-0.9810708435174289,1.0,7.399195,5.779254636762074,0.540599348983234,0.475,42.64705450716252,"{'silent': 2, 'advisory': 5, 'intervention': 9}",no_vru,nuscenes,0.4553778079978575,0.717937023399007,0.13222579042345445,trajectory
scene-0103_ead6a822f86c432481c0a9d2e4e4f827_clip000,0.0,0.0,0.0,0.0,1.0,0.0,"{'silent': 1, 'advisory': 4, 'intervention': 9}",0.9285714285714286,0.2857142857142857,1.0,0.0,0.0,0.0,-0.9696899027331813,1.0,6.399435,5.779254636762074,0.4687913854895002,0.5428571428571428,38.54813176158988,"{'advisory': 5, 'intervention': 9}",no_vru,nuscenes,0.4553778079978575,0.8090241955228435,0.14625624764099515,trajectory
scene-0103_99fbf1b9bf474215a4e8ad562bb7e9b2_clip000,0.0,0.0,0.0,0.0,1.0,0.0,"{'silent': 5, 'advisory': 4, 'intervention': 9}",0.8888888888888888,0.2222222222222222,1.0,0.0,0.0,0.0,-0.9767617950351472,1.0,8.349144,5.779254636762074,0.7186365452554178,0.44166666666666665,45.74000349003779,"{'silent': 3, 'advisory': 6, 'intervention': 9}",no_vru,nuscenes,0.4553778079978576,0.6492048237795562,0.12205073496973196,trajectory
scene-0103_6e71a9ceaf9a4974a1d07a2bd3544506_clip000,0.0,0.0,0.0,0.0,1.0,0.0,"{'silent': 6, 'advisory': 4, 'intervention': 9}",0.8421052631578947,0.21052631578947367,1.0,0.0,0.0,0.0,-0.970142500145332,1.0,8.849589,5.779254636762074,0.7909971864230079,0.43684210526315786,46.923007367927276,"{'silent': 3, 'advisory': 7, 'intervention': 9}",no_vru,nuscenes,0.4553778079978576,0.6229158487153456,0.11801008995194755,trajectory
scene-0103_34aaf645a4174c6c8ff1874e6b33ccf6_clip000,0.0,0.0,0.0,0.0,1.0,0.0,"{'silent': 4, 'advisory': 4, 'intervention': 9}",0.8823529411764706,0.23529411764705882,1.0,0.0,0.0,0.0,-0.9737945687202026,1.0,7.899046,5.779254636762074,0.6329878316951186,0.46764705882352936,44.25049437398547,"{'silent': 2, 'advisory': 6, 'intervention': 9}",no_vru,nuscenes,0.4553778079978576,0.6823050263584968,0.12674246056638383,trajectory
scene-0103_b3412553d70f40b3a1d19a0eb8529a08_clip000,0.0,0.0,0.0,0.0,1.0,0.0,"{'advisory': 12, 'silent': 6, 'intervention': 2}",0.8,0.6,1.0,0.0,0.0,0.0,-0.6982726187620897,0.0,0.500432,7.815466782298337,0.42101008740169404,0.345,58.22469474095357,"{'advisory': 16, 'silent': 2, 'intervention': 2}",no_vru,nuscenes,0.4553778079978575,0.37176724042587284,0.0845636831823041,environmental
scene-0103_e147a4c07e06487592fb5d6135c27a78_clip000,0.0,0.0,0.0,0.0,1.0,0.0,"{'advisory': 13, 'silent': 3, 'intervention': 4}",0.8,0.65,1.0,0.0,0.0,0.0,-0.7537783614444091,1.0,2.000615,7.211785952341847,0.1047038300346915,0.425,52.40705976842454,"{'advisory': 15, 'intervention': 5}",no_vru,nuscenes,0.4553778079978575,0.5010480175931844,0.09734291550936497,trajectory
scene-0103_996d9e039f7a4838ac48d5409ca89732_clip000,0.0,0.0,0.0,0.0,1.0,0.0,"{'silent': 5, 'advisory': 4, 'intervention': 9}",0.8888888888888888,0.2222222222222222,1.0,0.0,0.0,0.0,-0.9767617950351472,1.0,8.349144,5.779254636762074,0.7186365452554178,0.44166666666666665,45.74000349003781,"{'silent': 3, 'advisory': 6, 'intervention': 9}",no_vru,nuscenes,0.4553778079978575,0.6492048237795562,0.12205073496973196,trajectory
scene-0103_72137291381349428afb1038d4e5898c_clip000,0.0,0.0,0.0,0.0,1.0,0.0,"{'silent': 5, 'advisory': 4, 'intervention': 9}",0.8888888888888888,0.2222222222222222,1.0,0.0,0.0,0.0,-0.9767617950351472,1.0,8.349144,5.779254636762074,0.7186365452554178,0.44166666666666665,45.74000349003779,"{'silent': 3, 'advisory': 6, 'intervention': 9}",no_vru,nuscenes,0.4553778079978576,0.6492048237795562,0.12205073496973196,trajectory
scene-0103_c34cb46c7be6486a85ee49653850b174_clip000,0.0,0.0,0.0,0.0,1.0,0.0,"{'silent': 6, 'advisory': 4, 'intervention': 9}",0.8421052631578947,0.21052631578947367,1.0,0.0,0.0,0.0,-0.970142500145332,1.0,8.849589,5.779254636762074,0.7909971864230079,0.43684210526315786,46.92300736792729,"{'silent': 3, 'advisory': 7, 'intervention': 9}",no_vru,nuscenes,0.4553778079978575,0.6229158487153456,0.11801008995194755,trajectory
scene-0103_5d77c275683248658e7564ef24bf63b2_clip000,0.0,0.0,0.0,0.0,1.0,0.0,"{'silent': 6, 'advisory': 4, 'intervention': 9}",0.8421052631578947,0.21052631578947367,1.0,0.0,0.0,0.0,-0.970142500145332,1.0,8.849589,5.779254636762074,0.7909971864230079,0.43684210526315786,46.92300736792729,"{'silent': 3, 'advisory': 7, 'intervention': 9}",no_vru,nuscenes,0.4553778079978575,0.6229158487153456,0.11801008995194755,trajectory
scene-0103_3c7331d16ac6439e9bd5a57d75976446_clip000,0.0,0.0,0.0,0.0,1.0,0.0,"{'advisory': 12, 'silent': 7, 'intervention': 1}",0.8,0.6,1.0,0.0,0.0,0.0,-0.6969320524371696,0.0,0.0,7.967399571723729,0.4210342833480729,0.31249999999999994,60.222226261997356,"{'advisory': 16, 'silent': 3, 'intervention': 1}",no_vru,nuscenes,0.4553778079978575,0.3273776510693439,0.07905316510404317,environmental
scene-0103_0809d64df9264121bead0772ee9b5984_clip000,0.0,0.0,0.0,0.0,1.0,0.0,"{'silent': 1, 'advisory': 10, 'intervention': 4}",0.9333333333333333,0.6666666666666666,1.0,0.0,0.0,0.0,-0.8738628975053031,1.0,3.000913999999998,7.211785952341847,0.4285411858077444,0.4266666666666667,48.882589735587494,"{'silent': 1, 'advisory': 9, 'intervention': 5}",no_vru,nuscenes,0.4553778079978575,0.5793695738784522,0.09713841595681723,trajectory
scene-0103_ad2ae385245f46d49b4d06f87e2ac544_clip000,0.0,0.0,0.0,0.0,1.0,0.0,"{'silent': 6, 'advisory': 4, 'intervention': 9}",0.8421052631578947,0.21052631578947367,1.0,0.0,0.0,0.0,-0.970142500145332,1.0,8.849589,5.779254636762074,0.7909971864230079,0.43684210526315786,46.923007367927276,"{'silent': 3, 'advisory': 7, 'intervention': 9}",no_vru,nuscenes,0.4553778079978576,0.6229158487153456,0.11801008995194755,trajectory
scene-0103_09810748e6c04aacb393ebf14fafa5e8_clip000,0.0,0.0,0.0,0.0,0.0,0.0,"{'advisory': 12, 'silent': 8}",0.75,0.6,0.0,0.0,0.0,0.0,-0.6192403787032474,0.0,0.0,7.967399571723729,0.42105967878830813,0.2974999999999999,61.964045413283465,"{'silent': 3, 'advisory': 17}",no_vru,nuscenes,0.4553778079978575,0.2886705588185416,0.07717527841690383,environmental
scene-0103_4ce8f37952ad4203b1f5b23c728fb2e6_clip000,0.0,0.0,0.0,0.0,1.0,0.0,"{'advisory': 12, 'silent': 6, 'intervention': 2}",0.8,0.6,1.0,0.0,0.0,0.0,-0.6982726187620897,0.0,0.500432,7.815466782298337,0.42101008740169404,0.345,58.22469474095355,"{'advisory': 16, 'silent': 2, 'intervention': 2}",no_vru,nuscenes,0.4553778079978576,0.37176724042587284,0.0845636831823041,environmental
scene-0103_c1fe224b76cc49e294847788c443e470_clip000,0.0,0.0,0.0,0.0,1.0,0.0,"{'advisory': 12, 'silent': 6, 'intervention': 2}",0.8,0.6,1.0,0.0,0.0,0.0,-0.6982726187620897,0.0,0.500432,7.815466782298337,0.42101008740169404,0.345,58.22469474095355,"{'advisory': 16, 'silent': 2, 'intervention': 2}",no_vru,nuscenes,0.4553778079978576,0.37176724042587284,0.0845636831823041,environmental
scene-0103_608f6c85cd524242bc9d299c0a954f69_clip000,0.0,0.0,0.0,0.0,1.0,0.0,"{'advisory': 14, 'silent': 2, 'intervention': 4}",0.9,0.7,1.0,0.0,0.0,0.0,-0.8048150549829898,1.0,3.000913999999998,7.211785952341847,0.31412931677815986,0.40750000000000003,51.32964440982363,"{'silent': 1, 'advisory': 14, 'intervention': 5}",no_vru,nuscenes,0.4553778079978575,0.5249905811176492,0.10000751362638247,trajectory
scene-0103_723af3d23fb445e3ab97669e85846445_clip000,0.0,0.0,0.0,0.0,1.0,0.0,"{'silent': 1, 'advisory': 8, 'intervention': 4}",0.9230769230769231,0.6153846153846154,1.0,0.0,0.0,0.0,-0.9019752336033947,1.0,3.000913999999998,7.211785952341847,0.49993859087642073,0.43846153846153846,48.0934634091994,"{'silent': 1, 'advisory': 7, 'intervention': 5}",no_vru,nuscenes,0.4553778079978576,0.596905714464854,0.09585294257531568,trajectory
scene-0553_19804c352c0a4767b61b8d0709d1db99_clip000,0.0,0.0,0.0,0.0,0.0,0.0,{'silent': 20},1.0,0.0,0.0,0.0,0.0,0.0,0.0,0.0,0.0,7.913043448354689,0.0,0.0,72.80008826314385,{'silent': 20},no_vru,nuscenes,0.4553778079978576,0.04786960659942179,0.12657093004078088,environmental
scene-0553_b61b72a5b5ad482e9bc94c203f75b8d4_clip000,0.0,0.0,0.0,0.0,0.0,0.0,{'silent': 20},1.0,0.0,0.0,0.0,0.0,0.0,0.0,0.0,0.0,7.913043448354689,0.0,0.0,72.69548688410939,{'silent': 20},no_vru,nuscenes,0.4553778079978576,0.05019408168907639,0.12808489581993357,environmental
scene-0553_21d4060224a946e5b66fd00749282e82_clip000,0.0,0.0,0.0,0.0,0.0,0.0,{'silent': 20},1.0,0.0,0.0,0.0,0.0,0.0,0.0,0.0,0.0,7.913043448354689,0.0,0.0,72.39511358310304,{'silent': 20},no_vru,nuscenes,0.4553778079978576,0.056869043933661864,0.12738517825959472,environmental
scene-0553_340ccb3c0dcb492eaa032f0e4e3017bb_clip000,0.0,0.0,0.0,0.0,0.0,0.0,{'silent': 20},1.0,0.0,0.0,0.0,0.0,0.0,0.0,0.0,0.0,7.913043448354689,0.0,0.0,72.44201360261582,{'silent': 20},no_vru,nuscenes,0.4553778079978575,0.05582682127782261,0.12025156204592216,environmental
scene-0553_afd097377c71479ea8349eeae83b8143_clip000,0.0,0.0,0.0,0.0,0.0,0.0,{'silent': 20},1.0,0.0,0.0,0.0,0.0,0.0,0.0,0.0,0.0,7.913043448354689,0.0,0.0,72.44201360261582,{'silent': 20},no_vru,nuscenes,0.4553778079978576,0.05582682127782261,0.12025156204592216,environmental
scene-0553_18cdcf0d2340409b95140ea38a70fd2e_clip000,0.0,0.0,0.0,0.0,0.0,0.0,{'silent': 20},1.0,0.0,0.0,0.0,0.0,0.0,0.0,0.0,0.0,7.913043448354689,0.0,0.0,72.58853075806297,{'silent': 20},no_vru,nuscenes,0.4553778079978576,0.052570884490107814,0.12899262243761947,environmental
scene-0553_2397a588f42e4195bf7fb0148aa7a3d6_clip000,0.0,0.0,0.0,0.0,0.0,0.0,{'silent': 19},1.0,0.0,0.0,0.0,0.0,0.0,0.0,0.0,0.0,7.913043448354689,0.0,0.0,73.02857168910835,{'silent': 19},no_vru,nuscenes,0.4553778079978576,0.04279219713354413,0.1239342139428185,environmental
scene-0655_433e28f80ae9462eb927089896b5f669_clip000,0.0,0.0,0.0,0.0,1.0,0.0,"{'advisory': 9, 'silent': 9, 'intervention': 2}",0.75,0.45,1.0,0.0,0.0,0.0,-0.8062957688200749,0.0,4.549322000000002,9.303399999255339,1.1580196810708523,0.30999999999999994,57.347109904669935,"{'silent': 4, 'advisory': 14, 'intervention': 2}",no_vru,nuscenes,0.4666227184390222,0.37752534624852974,0.04178624462432803,environmental
scene-0655_fe199544817e496aa7708a1db0af2108_clip000,0.0,0.0,0.0,0.0,1.0,0.0,"{'advisory': 9, 'silent': 9, 'intervention': 2}",0.75,0.45,1.0,0.0,0.0,0.0,-0.8062957688200749,0.0,4.549322000000002,9.303399999255339,1.1580196810708523,0.30999999999999994,57.347109904669935,"{'silent': 4, 'advisory': 14, 'intervention': 2}",no_vru,nuscenes,0.4666227184390222,0.37752534624852974,0.04178624462432803,environmental
scene-0655_99d539b687cb4a46b8f1efc7204aa160_clip000,0.0,0.0,0.0,0.0,1.0,0.0,"{'advisory': 12, 'silent': 6, 'intervention': 2}",0.85,0.6,1.0,0.0,0.0,0.0,-0.7586967559534945,0.0,8.053712,9.303399999255339,0.9421853108913167,0.32749999999999996,55.819061817757586,"{'silent': 3, 'advisory': 15, 'intervention': 2}",no_vru,nuscenes,0.4666227184390222,0.4114819704021374,0.04421367709342794,environmental
scene-0757_4b086f653d5a47a79f73f1d4a4d956d8_clip000,0.0,0.0,0.0,0.0,0.0,0.0,{'silent': 11},1.0,0.0,0.0,0.0,0.0,0.0,0.0,0.0,0.0,15.367333636732997,0.0,0.0,73.44174804861815,{'silent': 11},no_vru,nuscenes,0.4665456582408972,0.019960905514055275,0.013210527919716353,environmental
scene-0757_3c16d6997c70488ab7e9dfd0fbec962e_clip000,0.0,0.0,0.0,0.0,0.0,0.0,{'silent': 11},1.0,0.0,0.0,0.0,0.0,0.0,0.0,0.0,0.0,15.367333636732997,0.0,0.0,73.44174804861815,{'silent': 11},no_vru,nuscenes,0.4665456582408972,0.019960905514055275,0.013210527919716353,environmental
scene-0796_a9ba2ffc5a95458c9bd1052be9bc24ad_clip000,0.0,0.0,0.0,0.0,1.0,0.0,"{'silent': 2, 'emergency': 1, 'advisory': 6, 'intervention': 4}",0.7692307692307693,0.46153846153846156,1.0,0.0,0.0,0.0,-0.8693756112799416,1.0,5.500281,5.527536801495883,0.32785606069795964,0.46538461538461523,47.85003205998027,"{'advisory': 8, 'intervention': 5}",no_vru,nuscenes,0.4553778079978575,0.6023153000030569,0.09347853804289244,trajectory
scene-0916_4591a9f392774001a2cf523286505ac9_clip000,0.0,0.0,0.0,0.0,1.0,0.0,"{'advisory': 10, 'silent': 9, 'intervention': 1}",0.65,0.5,1.0,0.0,0.0,0.0,-0.7584114779753877,0.0,6.499485000000001,5.928808108233976,0.6316629917917499,0.32749999999999996,59.69983235332554,"{'advisory': 15, 'silent': 3, 'intervention': 2}",no_vru,nuscenes,0.4553778079978575,0.33898640459538437,0.11226153820736898,environmental
scene-0916_c8fcea5cd6d344e69a92241622f58be7_clip000,0.0,0.0,0.0,0.0,1.0,0.0,"{'advisory': 10, 'silent': 9, 'intervention': 1}",0.6,0.5,1.0,0.0,0.0,0.0,-0.6980100608965331,0.0,5.999064000000001,5.928808108233976,0.6383883333255308,0.3449999999999999,59.46150027586391,"{'silent': 2, 'advisory': 16, 'intervention': 2}",no_vru,nuscenes,0.4553778079978575,0.3442826729834207,0.1159105733078462,environmental
scene-0916_cb5fdffa966345cdb9c7c186143b7857_clip000,0.0,0.0,0.0,0.0,1.0,0.0,"{'advisory': 9, 'silent': 10, 'intervention': 1}",0.55,0.45,1.0,0.0,0.0,0.0,-0.6980100608965331,0.0,5.4991769999999995,5.928808108233976,0.638352336018456,0.3449999999999999,59.91185598585471,"{'silent': 2, 'advisory': 16, 'intervention': 2}",no_vru,nuscenes,0.4553778079978575,0.3342747683169585,0.12034576295629189,environmental
scene-0916_de7bc639112c40ec9ebe406673f1487d_clip000,0.0,0.0,0.0,0.0,1.0,0.0,"{'advisory': 9, 'silent': 10, 'intervention': 1}",0.55,0.45,1.0,0.0,0.0,0.0,-0.6980100608965331,0.0,5.4991769999999995,5.928808108233976,0.638352336018456,0.3449999999999999,59.91185598585471,"{'silent': 2, 'advisory': 16, 'intervention': 2}",no_vru,nuscenes,0.4553778079978575,0.3342747683169585,0.12034576295629189,environmental
scene-0916_c2c271c1bc484bce81639bfda2083588_clip000,0.0,0.0,0.0,0.0,1.0,0.0,"{'advisory': 9, 'silent': 9, 'intervention': 1}",0.5789473684210527,0.47368421052631576,1.0,0.0,0.0,0.0,-0.7120516440958824,0.0,4.5005749999999995,5.928808108233976,0.6741216279453076,0.3447368421052631,59.41507943849124,"{'silent': 2, 'advisory': 15, 'intervention': 2}",no_vru,nuscenes,0.4553778079978575,0.34531424714725745,0.13111577129052607,environmental
scene-0916_af7483c35ffa4ad193d14bbac3b0ab4e_clip000,0.0,0.0,0.0,0.0,1.0,0.0,"{'advisory': 10, 'silent': 9, 'intervention': 1}",0.65,0.5,1.0,0.0,0.0,0.0,-0.7584114779753877,0.0,6.999358000000001,5.928808108233976,0.6316661837929616,0.32749999999999996,59.79645278379248,"{'advisory': 15, 'silent': 3, 'intervention': 2}",no_vru,nuscenes,0.4553778079978576,0.33683928391834117,0.10948366681581936,environmental
scene-0916_ebcd168fd25247f68482853796c9327f_clip000,0.0,0.0,0.0,0.0,1.0,0.0,"{'advisory': 9, 'silent': 10, 'intervention': 1}",0.55,0.45,1.0,0.0,0.0,0.0,-0.6980100608965331,0.0,5.4991769999999995,5.928808108233976,0.638352336018456,0.3449999999999999,59.91185598585471,"{'silent': 2, 'advisory': 16, 'intervention': 2}",no_vru,nuscenes,0.4553778079978575,0.3342747683169585,0.12034576295629189,environmental
scene-0916_9256b7cc27954e7bb5e3a3fb8c62474c_clip000,0.0,0.0,0.0,0.0,1.0,0.0,"{'advisory': 9, 'silent': 10, 'intervention': 1}",0.55,0.45,1.0,0.0,0.0,0.0,-0.6980100608965331,0.0,4.999867999999999,5.928808108233976,0.6383138980936117,0.3449999999999999,59.76527830220486,"{'silent': 2, 'advisory': 16, 'intervention': 2}",no_vru,nuscenes,0.4553778079978576,0.33753205017584365,0.1256942697681407,environmental
scene-0916_eeabbd601fff49c08c086829bfe13287_clip000,0.0,0.0,0.0,0.0,1.0,0.0,"{'advisory': 9, 'silent': 10, 'intervention': 1}",0.55,0.45,1.0,0.0,0.0,0.0,-0.6980100608965331,0.0,5.4991769999999995,5.928808108233976,0.638352336018456,0.3449999999999999,59.9118559858547,"{'silent': 2, 'advisory': 16, 'intervention': 2}",no_vru,nuscenes,0.4553778079978576,0.3342747683169585,0.12034576295629189,environmental
scene-0916_54ca0158a30a4d8291684544ddbeff3f_clip000,0.0,0.0,0.0,0.0,1.0,0.0,"{'advisory': 9, 'silent': 10, 'intervention': 1}",0.55,0.45,1.0,0.0,0.0,0.0,-0.6980100608965331,0.0,5.4991769999999995,5.928808108233976,0.638352336018456,0.3449999999999999,59.91185598585471,"{'silent': 2, 'advisory': 16, 'intervention': 2}",no_vru,nuscenes,0.4553778079978575,0.3342747683169585,0.12034576295629189,environmental
scene-0916_b825554384e042baba291f6f75c1ba49_clip000,0.0,0.0,0.0,0.0,1.0,0.0,"{'advisory': 10, 'silent': 9, 'intervention': 1}",0.65,0.5,1.0,0.0,0.0,0.0,-0.7584114779753877,0.0,6.499485000000001,5.928808108233976,0.6316629917917499,0.32749999999999996,59.69983235332553,"{'advisory': 15, 'silent': 3, 'intervention': 2}",no_vru,nuscenes,0.4553778079978576,0.33898640459538437,0.11226153820736898,environmental
scene-0916_b7ff9843f0bc4154a865230adb65a45d_clip000,0.0,0.0,0.0,0.0,1.0,0.0,"{'advisory': 10, 'silent': 9, 'intervention': 1}",0.6,0.5,1.0,0.0,0.0,0.0,-0.6980100608965331,0.0,5.999064000000001,5.928808108233976,0.6383883333255308,0.3449999999999999,59.4615002758639,"{'silent': 2, 'advisory': 16, 'intervention': 2}",no_vru,nuscenes,0.4553778079978576,0.3442826729834207,0.1159105733078462,environmental
scene-0916_4b8ef2beabcf4121af0f287cd1a7fd55_clip000,0.0,0.0,0.0,0.0,1.0,0.0,"{'advisory': 10, 'silent': 9, 'intervention': 1}",0.65,0.5,1.0,0.0,0.0,0.0,-0.7584114779753877,0.0,6.499485000000001,5.928808108233976,0.6316629917917499,0.32749999999999996,59.69983235332553,"{'advisory': 15, 'silent': 3, 'intervention': 2}",no_vru,nuscenes,0.4553778079978576,0.33898640459538437,0.11226153820736898,environmental
scene-0916_89eaf741be444d7e8fcc4748482d338d_clip000,0.0,0.0,0.0,0.0,1.0,0.0,"{'advisory': 9, 'silent': 10, 'intervention': 1}",0.55,0.45,1.0,0.0,0.0,0.0,-0.6980100608965331,0.0,4.999867999999999,5.928808108233976,0.6383138980936117,0.3449999999999999,59.76527830220486,"{'silent': 2, 'advisory': 16, 'intervention': 2}",no_vru,nuscenes,0.4553778079978575,0.33753205017584365,0.1256942697681407,environmental
scene-0916_e5a06b589b93428c867bd6a92ed6da93_clip000,0.0,0.0,0.0,0.0,1.0,0.0,"{'advisory': 10, 'silent': 9, 'intervention': 1}",0.6,0.5,1.0,0.0,0.0,0.0,-0.6980100608965331,0.0,5.999064000000001,5.928808108233976,0.6383883333255308,0.3449999999999999,59.46150027586391,"{'silent': 2, 'advisory': 16, 'intervention': 2}",no_vru,nuscenes,0.4553778079978575,0.3442826729834207,0.1159105733078462,environmental
scene-0916_68d411d0e8664a09b4c59787793b0b87_clip000,0.0,0.0,0.0,0.0,1.0,0.0,"{'advisory': 9, 'silent': 10, 'intervention': 1}",0.55,0.45,1.0,0.0,0.0,0.0,-0.6980100608965331,0.0,4.999867999999999,5.928808108233976,0.6383138980936117,0.3449999999999999,59.76527830220486,"{'silent': 2, 'advisory': 16, 'intervention': 2}",no_vru,nuscenes,0.4553778079978576,0.33753205017584365,0.1256942697681407,environmental
scene-0916_c6d85e602dd342d99758b41e64e86e12_clip000,0.0,0.0,0.0,0.0,1.0,0.0,"{'advisory': 10, 'silent': 9, 'intervention': 1}",0.65,0.5,1.0,0.0,0.0,0.0,-0.7584114779753877,0.0,6.499485000000001,5.928808108233976,0.6316629917917499,0.32749999999999996,59.69983235332554,"{'advisory': 15, 'silent': 3, 'intervention': 2}",no_vru,nuscenes,0.4553778079978575,0.33898640459538437,0.11226153820736898,environmental
scene-0916_c5a370e03491457485bfda760515e537_clip000,0.0,0.0,0.0,0.0,1.0,0.0,"{'advisory': 10, 'silent': 9, 'intervention': 1}",0.65,0.5,1.0,0.0,0.0,0.0,-0.7584114779753877,0.0,6.499485000000001,5.928808108233976,0.6316629917917499,0.32749999999999996,59.69983235332553,"{'advisory': 15, 'silent': 3, 'intervention': 2}",no_vru,nuscenes,0.4553778079978576,0.33898640459538437,0.11226153820736898,environmental
scene-1094_55f7fb5fa2854b0da825c2cd1c94b23b_clip000,0.0,0.0,0.0,0.0,1.0,0.0,"{'advisory': 7, 'silent': 10, 'intervention': 1}",0.2222222222222222,0.3888888888888889,1.0,0.0,0.0,0.0,-0.7254762501100117,0.25,3.003106,3.706649448127391,0.705691401150277,0.4305555555555556,49.55787215335195,"{'emergency': 1, 'advisory': 14, 'intervention': 3}",no_vru,nuscenes,0.6663293487251398,0.30653363703923,0.19595881570700346,environmental
scene-1094_47304f98d3d3484d8af8d5e4c7428022_clip000,0.0,0.0,0.0,0.0,1.0,0.0,"{'advisory': 11, 'silent': 6, 'intervention': 3}",0.4,0.55,1.0,0.0,0.0,0.0,-0.8086075400626399,0.16666666666666666,6.004682000000001,3.706649448127391,0.946876443986577,0.47750000000000004,43.89055773416106,"{'emergency': 3, 'advisory': 14, 'intervention': 3}",no_vru,nuscenes,0.6663293487251398,0.4324739574656943,0.1919162832557047,environmental
scene-1094_3543efbc49b147c6a7151e945b999fe5_clip000,0.0,0.0,0.0,0.0,1.0,0.0,"{'advisory': 8, 'silent': 10, 'intervention': 1}",0.2631578947368421,0.42105263157894735,1.0,0.0,0.0,0.0,-0.7108186533109109,0.25,3.5029890000000004,3.706649448127391,0.6665050021755834,0.4263157894736842,49.43167625920845,"{'emergency': 1, 'advisory': 15, 'intervention': 3}",no_vru,nuscenes,0.6663293487251398,0.3093379902424189,0.19259722711143631,environmental
scene-1094_d61323aefb8640da9d5258fae57c2d1c_clip000,0.0,0.0,0.0,0.0,1.0,0.0,"{'advisory': 8, 'silent': 10, 'intervention': 1}",0.2631578947368421,0.42105263157894735,1.0,0.0,0.0,0.0,-0.7108186533109109,0.25,3.5029890000000004,3.706649448127391,0.6665050021755834,0.4263157894736842,49.43167625920845,"{'emergency': 1, 'advisory': 15, 'intervention': 3}",no_vru,nuscenes,0.6663293487251398,0.3093379902424189,0.19259722711143631,environmental
scene-1094_9777aa985269472595ff1ee88420008f_clip000,0.0,0.0,0.0,0.0,1.0,0.0,"{'advisory': 7, 'silent': 10, 'intervention': 1}",0.2222222222222222,0.3888888888888889,1.0,0.0,0.0,0.0,-0.7254762501100117,0.25,3.003106,3.706649448127391,0.705691401150277,0.4305555555555556,49.55787215335195,"{'emergency': 1, 'advisory': 14, 'intervention': 3}",no_vru,nuscenes,0.6663293487251398,0.30653363703923,0.19595881570700346,environmental
scene-1094_e6505be7823b40858d669c34afba37c4_clip000,0.0,0.0,0.0,0.0,1.0,0.0,"{'advisory': 13, 'silent': 4, 'intervention': 3}",0.5,0.65,1.0,0.0,0.0,0.0,-0.8086075400626399,0.16666666666666666,6.999912999999999,3.706649448127391,1.0526484213221097,0.4774999999999999,42.62028578025896,"{'emergency': 3, 'advisory': 14, 'intervention': 3}",no_vru,nuscenes,0.6663293487251398,0.46070222310796316,0.18253833724391552,environmental
scene-1094_9441225cd01f4730a02b5d8927063f53_clip000,0.0,0.0,0.0,0.0,1.0,0.0,"{'emergency': 1, 'advisory': 13, 'silent': 1, 'intervention': 5}",0.5,0.65,1.0,0.0,1.0,0.0,-0.9299811099505542,0.1,9.000587,3.706649448127391,1.2631017864259082,0.5750000000000001,35.85808723752656,"{'emergency': 6, 'advisory': 10, 'intervention': 4}",no_vru,nuscenes,0.6663293487251398,0.6109733018353498,0.18866962128890452,environmental
scene-1094_dc534f142fbf42afbdd38a1afae9df7f_clip000,0.0,0.0,0.0,0.0,1.0,0.0,"{'advisory': 5, 'silent': 10}",0.2,0.3333333333333333,0.0,0.0,0.0,0.0,-0.5900968443520823,0.5,1.5007200000000003,3.706649448127391,0.42857669394223985,0.38999999999999996,53.37413820634739,"{'advisory': 13, 'intervention': 2}",no_vru,nuscenes,0.6663293487251398,0.2217277247504426,0.18268665506922718,environmental
scene-1094_2c761ca3c6e745ab8b7553a3f3dc937e_clip000,0.0,0.0,0.0,0.0,1.0,0.0,"{'advisory': 9, 'silent': 9, 'intervention': 2}",0.3,0.45,1.0,0.0,0.0,0.0,-0.7586967559534945,0.2,4.452416,3.706649448127391,0.7406037486399341,0.45,47.28877583153457,"{'emergency': 2, 'advisory': 15, 'intervention': 3}",no_vru,nuscenes,0.6663293487251398,0.3569579997462829,0.19219149542553088,environmental
scene-1094_155047a77309452a908e6c96ddd60b55_clip000,0.0,0.0,0.0,0.0,1.0,0.0,"{'advisory': 12, 'silent': 5, 'intervention': 3}",0.45,0.6,1.0,0.0,0.0,0.0,-0.8086075400626399,0.16666666666666666,6.500036000000001,3.706649448127391,1.0526466484151773,0.4774999999999999,43.27621152986204,"{'emergency': 3, 'advisory': 14, 'intervention': 3}",no_vru,nuscenes,0.6663293487251398,0.4461260953390059,0.18703836128083035,environmental
scene-1094_8e992e7479094a61a550b951c1451092_clip000,0.0,0.0,0.0,0.0,1.0,0.0,"{'advisory': 13, 'silent': 4, 'intervention': 3}",0.5,0.65,1.0,0.0,0.0,0.0,-0.8086075400626399,0.16666666666666666,6.999912999999999,3.706649448127391,1.0526484213221097,0.4774999999999999,42.62028578025896,"{'emergency': 3, 'advisory': 14, 'intervention': 3}",no_vru,nuscenes,0.6663293487251398,0.46070222310796316,0.18253833724391552,environmental
scene-1094_c530e58bfaaf4ba38bf0f66c11381d7b_clip000,0.0,0.0,0.0,0.0,1.0,0.0,"{'advisory': 13, 'silent': 4, 'intervention': 3}",0.5,0.65,1.0,0.0,0.0,0.0,-0.8086075400626399,0.16666666666666666,6.999912999999999,3.706649448127391,1.0526484213221097,0.4774999999999999,42.62028578025896,"{'emergency': 3, 'advisory': 14, 'intervention': 3}",no_vru,nuscenes,0.6663293487251398,0.46070222310796316,0.18253833724391552,environmental
scene-1094_029357560fcc41db9973bd656d63547d_clip000,0.0,0.0,0.0,0.0,1.0,0.0,"{'emergency': 2, 'advisory': 13, 'intervention': 5}",0.55,0.65,1.0,0.0,1.0,0.0,-0.9476070829586856,0.09090909090909091,9.500392000000002,2.8688461782870722,1.1578469604201593,0.6025,34.22521064031389,"{'emergency': 7, 'advisory': 9, 'intervention': 4}",no_vru,nuscenes,0.6663293487251398,0.6472594484400758,0.20278134241788387,environmental
scene-1094_19f0484e0ec84c0eb64c92698fe5e7e3_clip000,0.0,0.0,0.0,0.0,1.0,0.0,"{'emergency': 3, 'advisory': 8, 'intervention': 9}",0.45,0.4,1.0,0.0,1.0,0.0,-0.9826073688810352,1.0,8.548764999999998,2.8688461782870722,0.8422655595928153,0.7100000000000001,28.68090709429297,"{'emergency': 12, 'advisory': 6, 'intervention': 2}",no_vru,nuscenes,0.6663293487251398,0.7704661939072073,0.16535246293401865,trajectory
scene-1094_98e2b15c113a477a9f291b25194cab62_clip000,0.0,0.0,0.0,0.0,1.0,0.0,"{'silent': 1, 'emergency': 3, 'advisory': 6, 'intervention': 8}",0.3333333333333333,0.3333333333333333,1.0,0.0,1.0,0.0,-0.9906101206907554,1.0,7.995693000000001,2.8688461782870722,0.9358076868413155,0.7361111111111112,27.734606245215133,"{'emergency': 11, 'advisory': 4, 'intervention': 3}",no_vru,nuscenes,0.6663293487251398,0.7914951016644928,0.1576455242972638,trajectory
scene-1094_1ab7d92d3ed3455ea628c6962906d4e7_clip000,0.0,0.0,0.0,0.0,1.0,0.0,"{'silent': 1, 'emergency': 3, 'advisory': 7, 'intervention': 9}",0.35,0.35,1.0,0.0,1.0,0.0,-0.9884389178158021,1.0,9.547959,2.8688461782870722,0.9426098289697306,0.725,28.34631601649923,"{'emergency': 12, 'advisory': 5, 'intervention': 3}",no_vru,nuscenes,0.6663293487251398,0.7779015511915128,0.1556090087949153,trajectory
scene-1100_0b2ba0a3a3874e4a9863541a7a65ec00_clip000,0.0,0.0,0.0,0.0,0.0,0.0,{'silent': 10},1.0,0.0,0.0,0.0,0.0,0.0,0.0,0.0,0.0,7.156893781968976,0.0,0.0,74.42813787384816,{'silent': 10},no_vru,nuscenes,0.4589338719878682,0.007344425929312862,0.1521770984933131,environmental
scene-1100_47b04d517ed64f92ad6af4c11233de34_clip000,0.0,0.0,0.0,0.0,0.0,0.0,{'silent': 20},1.0,0.0,0.0,0.0,0.0,0.0,0.0,0.0,0.0,8.255333802828359,0.0,0.0,74.53428374026848,{'silent': 20},no_vru,nuscenes,0.4589338719878682,0.0049856288977498855,0.11756589535764343,environmental
scene-1100_baa84e9048974b67a0c168a8bf946d3e_clip000,0.0,0.0,0.0,0.0,0.0,0.0,{'silent': 10},1.0,0.0,0.0,0.0,0.0,0.0,0.0,0.0,0.0,7.156893781968976,0.0,0.0,74.42813787384816,{'silent': 10},no_vru,nuscenes,0.4589338719878682,0.007344425929312862,0.1521770984933131,environmental
scene-1100_7a88efefda9f4fc3a30fa6a655978ada_clip000,0.0,0.0,0.0,0.0,0.0,0.0,{'silent': 20},1.0,0.0,0.0,0.0,0.0,0.0,0.0,0.0,0.0,8.395470031155442,0.0,0.0,74.66350162384336,{'silent': 20},no_vru,nuscenes,0.45893387198786834,0.0021141203738642284,0.11487370988759524,environmental
scene-1100_7c7ea45167174debb191420c7fb99649_clip000,0.0,0.0,0.0,0.0,0.0,0.0,{'silent': 20},1.0,0.0,0.0,0.0,0.0,0.0,0.0,0.0,0.0,8.214534625139017,0.0,0.0,74.44411111325869,{'silent': 20},no_vru,nuscenes,0.4589338719878682,0.0069894650535236675,0.11982535499519605,environmental
scene-1100_7b644b3fb6634f13bf30402c70770e3b_clip000,0.0,0.0,0.0,0.0,0.0,0.0,{'silent': 20},1.0,0.0,0.0,0.0,0.0,0.0,0.0,0.0,0.0,7.156893781968976,0.0,0.0,74.23878479591268,{'silent': 20},no_vru,nuscenes,0.4589338719878682,0.011552272105657044,0.13935836270424887,environmental
scene-1100_1c6ea643f2d04632ac5624e0072aa659_clip000,0.0,0.0,0.0,0.0,0.0,0.0,{'silent': 20},1.0,0.0,0.0,0.0,0.0,0.0,0.0,0.0,0.0,7.622279608464889,0.0,0.0,74.31118946962306,{'silent': 20},no_vru,nuscenes,0.4589338719878682,0.009943279356537523,0.12826038668880796,environmental
scene-1100_60e1ec6251134f9a8e2031b871a455d1_clip000,0.0,0.0,0.0,0.0,0.0,0.0,{'silent': 18},1.0,0.0,0.0,0.0,0.0,0.0,0.0,0.0,0.0,7.156893781968976,0.0,0.0,74.27154730204501,{'silent': 18},no_vru,nuscenes,0.4589338719878682,0.010824216413827352,0.14112866853021439,environmental
near_miss_0000,0.0,0.0,0.0,0.0,1.0,0.0,"{'emergency': 10, 'advisory': 20, 'intervention': 10}",0.5,0.5,1.0,0.0,1.0,0.0,-0.9822085452318712,0.8,3.4,0.6153846153846168,1.0256410256410258,0.7,28.27393294030454,"{'emergency': 20, 'advisory': 10, 'intervention': 10}",no_vru,prism_ar_synthetic,0.6930251611139581,0.7468818488539501,0.18481662036906193,trajectory
near_miss_0001,0.0,0.0,0.0,0.0,1.0,0.0,"{'emergency': 10, 'advisory': 20, 'intervention': 10}",0.5,0.5,1.0,0.0,1.0,0.0,-0.9822085452318712,0.8,3.4,0.6322434491419031,1.0256410256410258,0.7,28.078848635194127,"{'emergency': 20, 'advisory': 10, 'intervention': 10}",no_vru,prism_ar_synthetic,0.6930251611139581,0.7512170556341815,0.18043144861308885,trajectory
near_miss_0002,0.0,0.0,0.0,0.0,1.0,0.0,"{'emergency': 10, 'advisory': 22, 'intervention': 8}",0.55,0.55,1.0,0.0,1.0,0.0,-0.9765041584740066,0.7857142857142857,3.3,0.6549155677158964,1.0256410256410258,0.6725,29.506724127890113,"{'emergency': 18, 'advisory': 12, 'intervention': 10}",no_vru,prism_ar_synthetic,0.6930251611139581,0.7194864891298265,0.17493555323332186,trajectory
near_miss_0003,0.0,0.0,0.0,0.0,1.0,0.0,"{'emergency': 10, 'advisory': 20, 'intervention': 10}",0.5,0.5,1.0,0.0,1.0,0.0,-0.9822085452318712,0.8,3.4,0.6283376104558798,1.0256410256410258,0.7,28.254576690516934,"{'emergency': 20, 'advisory': 10, 'intervention': 10}",no_vru,prism_ar_synthetic,0.6930251611139581,0.7473119877381194,0.1814239006722021,trajectory
near_miss_0004,0.0,0.0,0.0,0.0,1.0,0.0,"{'emergency': 10, 'advisory': 22, 'intervention': 8}",0.55,0.55,1.0,0.0,1.0,0.0,-0.9615948225126727,0.7857142857142857,3.3,0.6447460000902581,1.0256410256410258,0.6849999999999999,29.41191564720135,"{'emergency': 20, 'advisory': 12, 'intervention': 8}",no_vru,prism_ar_synthetic,0.6930251611139581,0.7215933442562432,0.17734608817753444,trajectory
near_miss_0005,0.0,0.0,0.0,0.0,1.0,0.0,"{'emergency': 10, 'advisory': 20, 'intervention': 10}",0.5,0.5,1.0,0.0,1.0,0.0,-0.9821559067074769,0.7333333333333333,3.2,0.4753219694268166,1.0256410256410258,0.7,26.98503797750029,"{'emergency': 20, 'advisory': 10, 'intervention': 10}",no_vru,prism_ar_synthetic,0.7248196506115889,0.7366640275302737,0.21475473366187053,trajectory
near_miss_0006,0.0,0.0,0.0,0.0,1.0,0.0,"{'emergency': 10, 'advisory': 20, 'intervention': 10}",0.5,0.5,1.0,0.0,1.0,0.0,-0.9821559067074769,0.8,3.2,0.4695338870846171,1.0256410256410258,0.7,26.55983047246957,"{'emergency': 20, 'advisory': 10, 'intervention': 10}",no_vru,prism_ar_synthetic,0.7248196506115889,0.746113083197623,0.2176823625731203,trajectory
near_miss_0007,0.0,0.0,0.0,0.0,1.0,0.0,"{'emergency': 10, 'advisory': 20, 'intervention': 10}",0.5,0.5,1.0,0.0,1.0,0.0,-0.9821559067074769,0.7666666666666667,3.2,0.4758958245791921,1.0256410256410258,0.7,26.833820396334353,"{'emergency': 20, 'advisory': 10, 'intervention': 10}",no_vru,prism_ar_synthetic,0.7248196506115889,0.74002441822285,0.21446899167666383,trajectory
near_miss_0008,0.0,0.0,0.0,0.0,1.0,0.0,"{'emergency': 10, 'advisory': 20, 'intervention': 10}",0.5,0.5,1.0,0.0,1.0,0.0,-0.9821559067074769,0.8,3.2,0.47335688484785765,1.0256410256410258,0.7,26.78161570535329,"{'emergency': 20, 'advisory': 10, 'intervention': 10}",no_vru,prism_ar_synthetic,0.7248196506115889,0.7411845224668736,0.2157393416891098,trajectory
near_miss_0009,0.0,0.0,0.0,0.0,1.0,0.0,"{'emergency': 10, 'advisory': 20, 'intervention': 10}",0.5,0.5,1.0,0.0,1.0,0.0,-0.973111164061218,0.8,3.2,0.4757921665008333,1.0256410256410258,0.70625,26.204061157652525,"{'emergency': 21, 'advisory': 10, 'intervention': 9}",no_vru,prism_ar_synthetic,0.7248196506115889,0.7540190679713351,0.21452054699565903,trajectory
near_miss_0010,0.0,0.0,0.0,0.0,1.0,0.0,"{'emergency': 10, 'advisory': 20, 'intervention': 10}",0.7,0.5,1.0,0.0,0.0,0.0,-0.9213439086848838,1.0,3.2,0.4615384615384599,0.5128205128205129,0.515,42.09302922343257,"{'advisory': 18, 'intervention': 22}",no_vru,prism_ar_synthetic,0.43792338783161533,0.7515818765739685,0.21387785620558253,trajectory
near_miss_0011,0.0,0.0,0.0,0.0,1.0,0.0,"{'emergency': 10, 'advisory': 20, 'intervention': 10}",0.675,0.5,1.0,0.0,0.0,0.0,-0.9155088664009408,1.0,3.2,0.4734502033885555,0.5128205128205129,0.5225,41.77526420661082,"{'advisory': 17, 'intervention': 23}",no_vru,prism_ar_synthetic,0.4379233878316151,0.7586433213922299,0.2083339606447881,trajectory
near_miss_0012,0.0,0.0,0.0,0.0,1.0,0.0,"{'emergency': 10, 'advisory': 20, 'intervention': 10}",0.7,0.5,1.0,0.0,0.0,0.0,-0.9213439086848838,1.0,3.2,0.49573541092699,0.5128205128205129,0.515,42.04263615397093,"{'advisory': 18, 'intervention': 22}",no_vru,prism_ar_synthetic,0.43792338783161533,0.7527017225620048,0.1987389102597835,trajectory
near_miss_0013,0.0,0.0,0.0,0.0,1.0,0.0,"{'emergency': 10, 'advisory': 20, 'intervention': 10}",0.7,0.5,1.0,0.0,0.0,0.0,-0.9213439086848838,1.0,3.2,0.5095358666587053,0.5128205128205129,0.515,42.5650508704133,"{'advisory': 18, 'intervention': 22}",no_vru,prism_ar_synthetic,0.43792338783161533,0.7410925066410634,0.19633550973335645,trajectory
near_miss_0014,0.0,0.0,0.0,0.0,1.0,0.0,"{'emergency': 10, 'advisory': 22, 'intervention': 8}",0.675,0.55,1.0,0.0,0.0,0.0,-0.9074383907346287,1.0,3.0999999999999996,0.5078401824379597,0.5128205128205129,0.5075,43.31602249920691,"{'advisory': 19, 'intervention': 21}",no_vru,prism_ar_synthetic,0.43792338783161533,0.7244042482234276,0.19696706518556345,trajectory
near_miss_0015,0.0,0.0,0.0,0.0,1.0,0.0,"{'emergency': 10, 'advisory': 18, 'silent': 3, 'intervention': 9}",0.625,0.45,1.0,0.0,0.0,0.0,-0.9155519068396107,1.0,2.2,0.24056210088273064,0.5128205128205129,0.5075000000000001,43.466241415979816,"{'advisory': 19, 'intervention': 21}",no_vru,prism_ar_synthetic,0.4379233878316152,0.7210660500729189,0.2889987128561299,trajectory
near_miss_0016,0.0,0.0,0.0,0.0,1.0,0.0,"{'emergency': 9, 'advisory': 17, 'silent': 4, 'intervention': 10}",0.625,0.425,1.0,0.0,0.0,0.0,-0.9155519068396107,1.0,2.2,0.2452933868068449,0.5128205128205129,0.5075000000000001,44.068319700832525,"{'advisory': 19, 'intervention': 21}",no_vru,prism_ar_synthetic,0.43792338783161533,0.7076865326317474,0.28232650782740765,trajectory
near_miss_0017,0.0,0.0,0.0,0.0,1.0,0.0,"{'emergency': 9, 'advisory': 17, 'silent': 4, 'intervention': 10}",0.625,0.425,1.0,0.0,0.0,0.0,-0.9155519068396107,1.0,2.2,0.24184195191866506,0.5128205128205129,0.5075000000000001,43.99847155075721,"{'advisory': 19, 'intervention': 21}",no_vru,prism_ar_synthetic,0.4379233878316152,0.7092387137445324,0.2871611949401376,trajectory
near_miss_0018,0.0,0.0,0.0,0.0,1.0,0.0,"{'emergency': 9, 'advisory': 17, 'silent': 4, 'intervention': 10}",0.625,0.425,1.0,0.0,0.0,0.0,-0.9155519068396107,1.0,2.2,0.24125037138591232,0.5128205128205129,0.5075000000000001,44.45462008780299,"{'advisory': 19, 'intervention': 21}",no_vru,prism_ar_synthetic,0.43792338783161533,0.6991020795879592,0.2880074811852452,trajectory
near_miss_0019,0.0,0.0,0.0,0.0,1.0,0.0,"{'emergency': 9, 'advisory': 17, 'silent': 4, 'intervention': 10}",0.625,0.425,1.0,0.0,0.0,0.0,-0.9155519068396107,1.0,2.2,0.23411014262864427,0.5128205128205129,0.5075000000000001,44.28281921839683,"{'advisory': 19, 'intervention': 21}",no_vru,prism_ar_synthetic,0.43792338783161533,0.7029198766858739,0.2988638302046281,trajectory
near_miss_0020,0.0,0.0,0.0,0.0,1.0,0.0,"{'emergency': 9, 'advisory': 15, 'silent': 6, 'intervention': 10}",0.45,0.375,1.0,0.0,1.0,0.0,-0.968245836551854,0.12,2.4,0.17496594953789935,0.7692307692307693,0.65625,29.209013680176888,"{'emergency': 19, 'advisory': 15, 'intervention': 6}",no_vru,prism_ar_synthetic,0.7266917768645268,0.6849541909394251,0.32058014490719994,environmental
near_miss_0021,0.0,0.0,0.0,0.0,1.0,0.0,"{'emergency': 9, 'advisory': 16, 'silent': 5, 'intervention': 10}",0.475,0.4,1.0,0.0,1.0,0.0,-0.9587062360592131,0.12,2.4,0.17411637680404257,0.7692307692307693,0.6625,28.794220595616434,"{'emergency': 20, 'advisory': 15, 'intervention': 5}",no_vru,prism_ar_synthetic,0.7266917768645268,0.6941718150407687,0.3224226533683807,environmental
near_miss_0022,0.0,0.0,0.0,0.0,1.0,0.0,"{'emergency': 10, 'advisory': 16, 'silent': 5, 'intervention': 9}",0.475,0.4,1.0,0.0,1.0,0.0,-0.9529366376072009,0.15384615384615385,2.5,0.17681065642235883,0.5128205128205129,0.6762499999999999,28.557455531823145,"{'emergency': 21, 'advisory': 14, 'intervention': 5}",no_vru,prism_ar_synthetic,0.7266917768645268,0.6994332609028417,0.3166604211009068,environmental
near_miss_0023,0.0,0.0,0.0,0.0,1.0,0.0,"{'emergency': 9, 'advisory': 15, 'silent': 6, 'intervention': 10}",0.45,0.375,1.0,0.0,1.0,0.0,-0.968245836551854,0.12,2.4,0.1813968129945736,0.7692307692307693,0.65625,29.288662298830353,"{'emergency': 19, 'advisory': 15, 'intervention': 6}",no_vru,prism_ar_synthetic,0.7266917768645268,0.6831842216360149,0.31043647919328116,environmental
near_miss_0024,0.0,0.0,0.0,0.0,1.0,0.0,"{'emergency': 9, 'advisory': 16, 'silent': 5, 'intervention': 10}",0.475,0.4,1.0,0.0,1.0,0.0,-0.9587062360592131,0.12,2.4,0.17978840422355793,0.7692307692307693,0.6625,28.829550673692573,"{'emergency': 20, 'advisory': 15, 'intervention': 5}",no_vru,prism_ar_synthetic,0.7266917768645268,0.6933867021946322,0.3135417658499325,environmental
near_miss_0025,0.0,0.0,0.0,0.0,1.0,0.0,"{'silent': 1, 'emergency': 10, 'advisory': 20, 'intervention': 9}",0.6,0.5,1.0,0.0,0.0,0.0,-0.8981774262781437,1.0,3.6,0.3076923076923066,0.5128205128205129,0.53,37.287210384836854,"{'advisory': 16, 'intervention': 24}",no_vru,prism_ar_synthetic,0.5434552057942967,0.7293945176994849,0.26108563669897,trajectory
near_miss_0026,0.0,0.0,0.0,0.0,1.0,0.0,"{'emergency': 10, 'advisory': 20, 'intervention': 10}",0.625,0.5,1.0,0.0,0.0,0.0,-0.896581575151041,1.0,3.6,0.29845871392230805,0.5128205128205129,0.5375,36.38052429423454,"{'advisory': 15, 'intervention': 25}",no_vru,prism_ar_synthetic,0.5434552057942967,0.7495430974906475,0.26553170641805607,trajectory
near_miss_0027,0.0,0.0,0.0,0.0,1.0,0.0,"{'emergency': 10, 'advisory': 20, 'intervention': 10}",0.625,0.5,1.0,0.0,0.0,0.0,-0.896581575151041,1.0,3.6,0.30702222199253626,0.5128205128205129,0.5375,36.45268236167284,"{'advisory': 15, 'intervention': 25}",no_vru,prism_ar_synthetic,0.5434552057942967,0.7479395848809074,0.26159587246735805,trajectory
near_miss_0028,0.0,0.0,0.0,0.0,1.0,0.0,"{'emergency': 10, 'advisory': 20, 'intervention': 10}",0.625,0.5,1.0,0.0,0.0,0.0,-0.896581575151041,1.0,3.6,0.3133212550347153,0.5128205128205129,0.5375,36.72967618134007,"{'advisory': 15, 'intervention': 25}",no_vru,prism_ar_synthetic,0.5434552057942967,0.7417841666660802,0.25568764679634903,trajectory
near_miss_0029,0.0,0.0,0.0,0.0,1.0,0.0,"{'silent': 1, 'emergency': 10, 'advisory': 20, 'intervention': 9}",0.625,0.5,1.0,0.0,0.0,0.0,-0.9063269671749659,1.0,3.5,0.31203399895766637,0.5128205128205129,0.5225000000000001,37.37609383049593,"{'advisory': 17, 'intervention': 23}",no_vru,prism_ar_synthetic,0.5434552057942967,0.7274193300181719,0.25676363002374075,trajectory
e9df548a3ee566c7_1981_clip000,0.0,0.0,0.0,0.0,0.0,0.0,"{'advisory': 41, 'intervention': 15}",0.5,0.7321428571428571,0.0,0.0,0.0,0.0,-0.731387879079953,0.0,0.0,3.760047674179077,0.36363636363636365,0.26875,65.3825424179258,"{'silent': 13, 'advisory': 43}",no_trajectory,waymo,0.4461533597185226,0.6560177907074606,0.22397828439012096,trajectory
83d8b54e36003b1c_1459_clip000,0.0,0.0,0.0,0.0,0.0,0.0,{'silent': 61},1.0,0.0,0.0,0.0,0.0,0.0,0.0,0.0,0.0,17.652706146240234,0.0,0.0,75.01419456531069,{'silent': 61},no_trajectory,waymo,0.4461533597185226,0.0005274993409620221,0.009941570003790897,environmental
83d8b54e36003b1c_1451_clip000,0.0,0.0,0.0,0.0,0.0,0.0,{'silent': 60},1.0,0.0,0.0,0.0,0.0,0.0,0.0,0.0,0.0,17.652706146240234,0.0,0.0,75.01290062766954,{'silent': 60},no_trajectory,waymo,0.4461533597185225,0.0005362909964740885,0.00997032417359414,environmental
83d8b54e36003b1c_1452_clip000,0.0,0.0,0.0,0.0,0.0,0.0,"{'advisory': 3, 'silent': 49}",0.9423076923076923,0.057692307692307696,0.0,0.0,0.0,0.0,0.0,0.0,0.0,18.14910888671875,0.0,0.0,75.05579117360168,{'silent': 52},no_trajectory,waymo,0.4461533597185225,0.02164976219005204,0.00901720093065726,environmental
b9e482dcb539d3c0_2165_clip000,0.0,0.0,0.0,0.0,0.0,0.0,"{'advisory': 4, 'silent': 46, 'intervention': 1}",0.0784313725490196,0.0784313725490196,0.0,0.0,0.0,0.0,0.0,0.0,0.0,6.240941047668457,0.0,0.3500000000000001,66.64015382389879,{'advisory': 51},no_trajectory,waymo,0.4553778079978576,0.07527901594291082,0.18475703858264556,environmental
0015197d-b916-43b6-bcaa-8a7d90d7b87d_26944_clip000,0.0,0.0,0.0,0.0,0.0,0.0,"{'silent': 1, 'advisory': 47, 'intervention': 16}",0.359375,0.734375,0.0,0.0,0.0,0.0,-0.8507699593953255,0.0,0.0,5.246325143903048,0.6349206349206349,0.20781249999999998,69.05894616338294,"{'advisory': 38, 'silent': 26}",no_trajectory,argoverse,0.4553778079978576,0.6283523008074451,0.13100609770521987,trajectory
0015197d-b916-43b6-bcaa-8a7d90d7b87d_26953_clip000,0.0,0.0,0.0,0.0,0.0,0.0,"{'silent': 1, 'advisory': 77, 'intervention': 16}",0.43617021276595747,0.8191489361702128,0.0,0.0,0.0,0.0,-0.8500474370064828,0.0,0.0,5.246325143903048,0.5376344086021505,0.20851063829787236,69.10478495904071,"{'silent': 38, 'advisory': 56}",no_trajectory,argoverse,0.4553778079978575,0.5720079713219565,0.12998745780171406,trajectory
0015197d-b916-43b6-bcaa-8a7d90d7b87d_26955_clip000,0.0,0.0,0.0,0.0,0.0,0.0,"{'advisory': 48, 'silent': 11, 'intervention': 13}",0.5,0.6666666666666666,0.0,0.0,0.0,0.0,-0.8647713237659259,0.0,0.0,5.246325143903048,0.4225352112676057,0.18472222222222223,69.25257014075724,"{'advisory': 38, 'silent': 34}",no_trajectory,argoverse,0.4553778079978576,0.49940025396189747,0.12670334265245747,trajectory
0015197d-b916-43b6-bcaa-8a7d90d7b87d_26957_clip000,0.0,0.0,0.0,0.0,0.0,0.0,"{'silent': 1, 'advisory': 70, 'intervention': 16}",0.39080459770114945,0.8045977011494253,0.0,0.0,0.0,0.0,-0.8591320168694379,0.0,0.0,5.246325143903048,0.5813953488372092,0.19712643678160918,69.30044772225904,"{'silent': 38, 'advisory': 49}",no_trajectory,argoverse,0.4553778079978575,0.5733386954739799,0.12563939639686242,trajectory
0015197d-b916-43b6-bcaa-8a7d90d7b87d_26966_clip000,0.0,0.0,0.0,0.0,0.0,0.0,"{'advisory': 45, 'intervention': 16}",0.36065573770491804,0.7377049180327869,0.0,0.0,0.0,0.0,-0.8395467287038996,0.0,0.0,5.246325143903048,0.6666666666666666,0.21803278688524588,68.82559449508395,"{'advisory': 38, 'silent': 23}",no_trajectory,argoverse,0.4553778079978575,0.6451243231797266,0.13619169033408612,trajectory
0015197d-b916-43b6-bcaa-8a7d90d7b87d_27022_clip000,0.0,0.0,0.0,0.0,0.0,0.0,"{'silent': 1, 'advisory': 47, 'intervention': 16}",0.359375,0.734375,0.0,0.0,0.0,0.0,-0.8507699593953255,0.0,0.0,5.246325143903048,0.6349206349206349,0.20781249999999998,69.05894616338294,"{'advisory': 38, 'silent': 26}",no_trajectory,argoverse,0.4553778079978575,0.6283523008074451,0.13100609770521987,trajectory
001749f1-bc1c-47fb-a13f-9ab1f2c050a8_7637_clip000,0.0,0.0,0.0,0.0,0.0,0.0,"{'advisory': 20, 'silent': 31}",0.6078431372549019,0.39215686274509803,0.0,0.0,0.0,0.0,0.0,0.0,0.0,13.0779597103601,0.0,0.0,73.64016302201718,{'silent': 51},no_trajectory,argoverse,0.4553778079978575,0.26573653078248266,0.02920127862445888,environmental
001749f1-bc1c-47fb-a13f-9ab1f2c050a8_7719_clip000,0.0,0.0,0.0,0.0,0.0,0.0,"{'advisory': 23, 'silent': 31}",0.5740740740740741,0.42592592592592593,0.0,0.0,0.0,0.0,0.0,0.0,0.0,13.0779597103601,0.0,0.0,73.6510894404081,{'silent': 54},no_trajectory,argoverse,0.4553778079978576,0.2691196941149072,0.028958469326882792,environmental
001749f1-bc1c-47fb-a13f-9ab1f2c050a8_7791_clip000,0.0,0.0,0.0,0.0,0.0,0.0,"{'advisory': 27, 'silent': 66}",0.7096774193548387,0.2903225806451613,0.0,0.0,0.0,0.0,0.0,0.0,0.0,13.0779597103601,0.0,0.0,74.09815015207317,{'silent': 93},no_trajectory,argoverse,0.4553778079978576,0.2307669370637009,0.019023786845436895,environmental
001749f1-bc1c-47fb-a13f-9ab1f2c050a8_7834_clip000,0.0,0.0,0.0,0.0,0.0,0.0,"{'advisory': 27, 'silent': 39}",0.5909090909090909,0.4090909090909091,0.0,0.0,0.0,0.0,0.0,0.0,0.0,13.0779597103601,0.0,0.0,73.77929044467109,{'silent': 66},no_trajectory,argoverse,0.4553778079978575,0.2694777290806787,0.026109558121039107,environmental
001d7c9e-4f80-4d1d-9ad9-5b6432c4fb36_7174_clip000,0.0,0.0,0.0,0.0,0.0,0.0,"{'advisory': 44, 'intervention': 20}",0.0,0.6875,0.0,0.0,0.0,0.0,-0.6761234037828133,0.0,0.0,5.948764733383713,0.31746031746031744,0.06562499999999999,72.25180218282696,"{'advisory': 12, 'silent': 52}",no_trajectory,argoverse,0.4553778079978576,0.6030828626031141,0.06005374171757451,trajectory
001e7a56-f046-4f05-bd8f-ddf320079eae_128636_clip000,0.0,0.0,0.0,0.0,0.0,0.0,{'silent': 50},0.0,0.0,0.0,0.0,0.0,0.0,0.0,0.0,0.0,7.46465415725576,0.0,0.3500000000000001,68.04615030891999,{'advisory': 50},no_trajectory,argoverse,0.4553778079978575,0.003045731664989117,0.15351267224884071,environmental
001e7a56-f046-4f05-bd8f-ddf320079eae_128706_clip000,0.0,0.0,0.0,0.0,0.0,0.0,{'silent': 76},0.0,0.0,0.0,0.0,0.0,0.0,0.0,0.0,0.0,7.504280071130132,0.0,0.3500000000000001,68.09798860136986,{'advisory': 76},no_trajectory,argoverse,0.4553778079978575,0.00011509726109841222,0.1523607101943993,environmental
00230ccd-4922-4f8c-b67f-ba70d0db22d3_80443_clip000,0.0,0.0,0.0,0.0,0.0,0.0,"{'silent': 22, 'advisory': 75}",0.2268041237113402,0.7731958762886598,0.0,0.0,0.0,0.0,0.0,0.0,0.0,10.309420059594347,0.0,0.0,72.87770989717946,{'silent': 97},no_trajectory,argoverse,0.4666227184390222,0.3725278436615736,0.03240090197054041,environmental
00230ccd-4922-4f8c-b67f-ba70d0db22d3_80484_clip000,0.0,0.0,0.0,0.0,0.0,0.0,"{'silent': 19, 'advisory': 75}",0.20212765957446807,0.7978723404255319,0.0,0.0,0.0,0.0,0.0,0.0,0.0,10.309420059594347,0.0,0.0,72.83121489352355,{'silent': 94},no_trajectory,argoverse,0.4666227184390223,0.38003849351762287,0.03343412427400461,environmental
002ba35d-be70-4ce4-b15a-01a28e0ae801_124980_clip000,0.0,0.0,0.0,0.0,0.0,0.0,"{'advisory': 25, 'silent': 35, 'intervention': 15}",0.5866666666666667,0.3333333333333333,0.0,0.0,0.0,0.0,-0.8080322233479958,0.0,0.0,4.417922314372978,0.27027027027027023,0.11199999999999997,70.6842933364548,"{'advisory': 24, 'silent': 51}",no_trajectory,argoverse,0.4553778079978575,0.43762078540555127,0.09488727163695611,environmental
002ba35d-be70-4ce4-b15a-01a28e0ae801_124999_clip000,0.0,0.0,0.0,0.0,0.0,0.0,"{'advisory': 25, 'silent': 60, 'intervention': 15}",0.69,0.25,0.0,0.0,0.0,0.0,-0.7397666696145124,0.0,0.0,4.417922314372978,0.20202020202020202,0.08399999999999999,71.66024327621754,"{'advisory': 24, 'silent': 76}",no_trajectory,argoverse,0.4553778079978575,0.3283325846660251,0.07319949519778443,environmental
002ba35d-be70-4ce4-b15a-01a28e0ae801_125007_clip000,0.0,0.0,0.0,0.0,0.0,0.0,"{'advisory': 14, 'silent': 63, 'intervention': 9}",0.7558139534883721,0.16279069767441862,0.0,0.0,0.0,0.0,-0.5785201797494033,0.0,0.0,4.417922314372978,0.11764705882352941,0.04476744186046512,72.79777105388312,"{'advisory': 11, 'silent': 75}",no_trajectory,argoverse,0.4553778079978576,0.24463006416592806,0.0479211001385488,environmental
002ba35d-be70-4ce4-b15a-01a28e0ae801_125055_clip000,0.0,0.0,0.0,0.0,0.0,0.0,"{'advisory': 25, 'silent': 60, 'intervention': 15}",0.69,0.25,0.0,0.0,0.0,0.0,-0.7397666696145124,0.0,0.0,4.417922314372978,0.20202020202020202,0.08399999999999999,71.68124085833642,"{'advisory': 24, 'silent': 76}",no_trajectory,argoverse,0.4553778079978575,0.3257014602865319,0.07273288226180925,environmental
003363ad-fa78-45f9-a8d7-716f4ea6d586_28550_clip000,0.0,0.0,0.0,0.0,0.0,0.0,"{'emergency': 7, 'advisory': 44, 'silent': 37, 'intervention': 12}",0.37,0.44,0.0,0.0,0.0,0.0,-0.6184967694542813,0.0,0.0,3.808646403469341,0.20202020202020202,0.0525,72.47846510188013,"{'advisory': 15, 'silent': 85}",no_trajectory,argoverse,0.4665456582408972,0.43997676115782286,0.041367193219345004,environmental
scene-0061_bbd6c47a20e34276bc6f2cfbc6ba6205_clip000,0.0,0.0,0.0,0.0,0.0,0.0,"{'silent': 7, 'advisory': 11, 'intervention': 2}",0.6,0.55,0.0,0.0,0.0,0.0,-0.8627635262664035,0.0,0.0,4.141439698693297,0.2083466805425556,0.1575,69.23793953090852,"{'advisory': 9, 'silent': 11}",no_trajectory,nuscenes,0.4553778079978575,0.39549714521560136,0.12702846731576262,environmental
scene-0061_3843d35144d84c02b387678f9bc7f2ed_clip000,0.0,0.0,0.0,0.0,0.0,0.0,"{'emergency': 3, 'advisory': 3, 'silent': 3, 'intervention': 3}",0.25,0.25,0.0,0.0,0.0,0.0,-0.8568930704969754,0.0,0.0,2.677125974241124,0.36372544330402373,0.14583333333333331,67.02689318465266,"{'advisory': 5, 'silent': 7}",no_trajectory,nuscenes,0.4553778079978576,0.623187256739023,0.17616283056589266,trajectory
scene-0061_03d01c950f044575b69137f069345db0_clip000,0.0,0.0,0.0,0.0,0.0,0.0,"{'silent': 8, 'advisory': 10, 'intervention': 2}",0.65,0.5,0.0,0.0,0.0,0.0,-0.8627635262664035,0.0,0.0,4.141439698693297,0.20942015851221218,0.15749999999999997,69.18130405426744,"{'advisory': 9, 'silent': 11}",no_trajectory,nuscenes,0.4553778079978575,0.3765989543609045,0.12828703346334197,environmental
scene-0061_221dd725c6654412a04c71ced8ad6d03_clip000,0.0,0.0,0.0,0.0,0.0,0.0,"{'emergency': 3, 'advisory': 3, 'silent': 4, 'intervention': 3}",0.3076923076923077,0.23076923076923078,0.0,0.0,0.0,0.0,-0.8451542547285166,0.0,0.0,2.677125974241124,0.3334160760895496,0.1346153846153846,67.5957246057592,"{'advisory': 5, 'silent': 8}",no_trajectory,nuscenes,0.4553778079978575,0.5867811820928152,0.16352213231908083,trajectory
scene-0061_b4db946778484c2195efa320571f53dc_clip000,0.0,0.0,0.0,0.0,0.0,0.0,"{'advisory': 10, 'silent': 8, 'intervention': 2}",0.65,0.5,0.0,0.0,0.0,0.0,-0.8627635262664035,0.0,0.0,4.141439698693297,0.2083346788281341,0.15749999999999997,69.22040002837997,"{'advisory': 9, 'silent': 11}",no_trajectory,nuscenes,0.4553778079978576,0.3865214793445419,0.1274182340386189,environmental
scene-0061_e2f67391cb914b0cbdda3995dbc397f8_clip000,0.0,0.0,0.0,0.0,0.0,0.0,"{'silent': 7, 'advisory': 11, 'intervention': 2}",0.6,0.55,0.0,0.0,0.0,0.0,-0.8627635262664035,0.0,0.0,4.141439698693297,0.2083466805425556,0.1575,69.23793953090852,"{'advisory': 9, 'silent': 11}",no_trajectory,nuscenes,0.4553778079978574,0.39549714521560136,0.12702846731576262,environmental
scene-0061_95fc384cb4994ffe9a5caf914274ab22_clip000,0.0,0.0,0.0,0.0,0.0,0.0,"{'silent': 8, 'advisory': 10, 'intervention': 2}",0.65,0.5,0.0,0.0,0.0,0.0,-0.8627635262664035,0.0,0.0,4.141439698693297,0.20942015851221218,0.15749999999999997,69.18130405426744,"{'advisory': 9, 'silent': 11}",no_trajectory,nuscenes,0.4553778079978575,0.3765989543609045,0.12828703346334197,environmental
scene-0061_0e79e7bed1d543c9a00acfbf90ff60b3_clip000,0.0,0.0,0.0,0.0,0.0,0.0,"{'emergency': 3, 'advisory': 4, 'silent': 5, 'intervention': 3}",0.3333333333333333,0.26666666666666666,0.0,0.0,0.0,0.0,-0.8183170883849713,0.0,0.0,2.677125974241124,0.28374412862461845,0.11666666666666665,68.34454487649614,"{'advisory': 5, 'silent': 10}",no_trajectory,nuscenes,0.4553778079978575,0.54323855245476,0.14688168185825978,trajectory
scene-0061_1bc410ff237c4c48b9b7b094a9eaeb4d_clip000,0.0,0.0,0.0,0.0,0.0,0.0,"{'advisory': 9, 'silent': 9, 'intervention': 2}",0.7,0.45,0.0,0.0,0.0,0.0,-0.8627635262664035,0.0,0.0,4.141439698693297,0.2093963250526161,0.15749999999999997,69.13704110355113,"{'advisory': 9, 'silent': 11}",no_trajectory,nuscenes,0.4553778079978576,0.36963627383358133,0.12927065459037115,environmental
scene-0061_71603dd1a2ba4e9daf095535e38310ac_clip000,0.0,0.0,0.0,0.0,0.0,0.0,"{'silent': 8, 'advisory': 10, 'intervention': 2}",0.65,0.5,0.0,0.0,0.0,0.0,-0.8627635262664035,0.0,0.0,4.141439698693297,0.20942015851221218,0.15749999999999997,69.18130405426744,"{'advisory': 9, 'silent': 11}",no_trajectory,nuscenes,0.4553778079978574,0.3765989543609045,0.12828703346334197,environmental
scene-0061_eb3da8843f614a90a48ddb6ee392c0c0_clip000,0.0,0.0,0.0,0.0,0.0,0.0,"{'silent': 8, 'advisory': 10, 'intervention': 2}",0.65,0.5,0.0,0.0,0.0,0.0,-0.8627635262664035,0.0,0.0,4.141439698693297,0.20942015851221218,0.15749999999999997,69.18130405426744,"{'advisory': 9, 'silent': 11}",no_trajectory,nuscenes,0.4553778079978574,0.3765989543609045,0.12828703346334197,environmental
scene-0061_070412f6a4f944e6a0a9e01ac1ea1fee_clip000,0.0,0.0,0.0,0.0,0.0,0.0,"{'silent': 9, 'advisory': 9, 'intervention': 2}",0.7,0.45,0.0,0.0,0.0,0.0,-0.8627635262664035,0.0,0.0,4.141439698693297,0.2093954919663326,0.15749999999999997,69.05464174176153,"{'advisory': 9, 'silent': 11}",no_trajectory,nuscenes,0.4553778079978576,0.3590979707181078,0.13110175151902867,environmental
scene-0061_e59d97d4403a48b88fbb6a58fc9959e6_clip000,0.0,0.0,0.0,0.0,0.0,0.0,"{'advisory': 9, 'silent': 9, 'intervention': 2}",0.7,0.45,0.0,0.0,0.0,0.0,-0.8627635262664035,0.0,0.0,4.141439698693297,0.2093963250526161,0.15749999999999997,69.13704110355113,"{'advisory': 9, 'silent': 11}",no_trajectory,nuscenes,0.4553778079978575,0.36963627383358133,0.12927065459037115,environmental
scene-0061_e1e148c7bcb14072822872a4cfc8e882_clip000,0.0,0.0,0.0,0.0,0.0,0.0,"{'advisory': 9, 'silent': 9, 'intervention': 2}",0.7,0.45,0.0,0.0,0.0,0.0,-0.8627635262664035,0.0,0.0,4.141439698693297,0.2093963250526161,0.15749999999999997,69.13704110355113,"{'advisory': 9, 'silent': 11}",no_trajectory,nuscenes,0.4553778079978575,0.36963627383358133,0.12927065459037115,environmental
scene-0061_f81722a685cc49eba454efbb3aec0331_clip000,0.0,0.0,0.0,0.0,0.0,0.0,"{'silent': 8, 'advisory': 10, 'intervention': 2}",0.65,0.5,0.0,0.0,0.0,0.0,-0.8627635262664035,0.0,0.0,4.141439698693297,0.20942015851221218,0.15749999999999997,69.18130405426744,"{'advisory': 9, 'silent': 11}",no_trajectory,nuscenes,0.4553778079978575,0.3765989543609045,0.12828703346334197,environmental
scene-0061_acc1b985c3b746cdbb22fc59bb41b774_clip000,0.0,0.0,0.0,0.0,0.0,0.0,"{'advisory': 9, 'silent': 9, 'intervention': 2}",0.7,0.45,0.0,0.0,0.0,0.0,-0.8627635262664035,0.0,0.0,4.141439698693297,0.2093963250526161,0.15749999999999997,69.13704110355113,"{'advisory': 9, 'silent': 11}",no_trajectory,nuscenes,0.4553778079978576,0.36963627383358133,0.12927065459037115,environmental
scene-0061_73ee514c205c483da3d1d04282337457_clip000,0.0,0.0,0.0,0.0,0.0,0.0,"{'advisory': 9, 'silent': 9, 'intervention': 2}",0.7,0.45,0.0,0.0,0.0,0.0,-0.8627635262664035,0.0,0.0,4.141439698693297,0.2093963250526161,0.15749999999999997,69.13704110355113,"{'advisory': 9, 'silent': 11}",no_trajectory,nuscenes,0.4553778079978575,0.36963627383358133,0.12927065459037115,environmental
scene-0061_9e6d680cd81942f5acdfbb07254f8f45_clip000,0.0,0.0,0.0,0.0,0.0,0.0,"{'advisory': 8, 'silent': 10, 'intervention': 2}",0.75,0.4,0.0,0.0,0.0,0.0,-0.8627635262664035,0.0,0.0,4.141439698693297,0.21049234897147653,0.15749999999999997,69.02791479508781,"{'advisory': 9, 'silent': 11}",no_trajectory,nuscenes,0.4553778079978575,0.3478910116289992,0.1316956836673338,environmental
scene-0061_1e775890010e4d97b74ca1d06441d023_clip000,0.0,0.0,0.0,0.0,0.0,0.0,{'silent': 11},1.0,0.0,0.0,0.0,0.0,0.0,0.0,0.0,0.0,11.844171317134732,0.0,0.0,73.23313537832662,{'silent': 11},no_trajectory,nuscenes,0.4553778079978576,0.08681894268625868,0.038246337373137866,environmental
scene-0061_203a688b840844b8ae16a2b07967ffad_clip000,0.0,0.0,0.0,0.0,0.0,0.0,{'silent': 11},1.0,0.0,0.0,0.0,0.0,0.0,0.0,0.0,0.0,11.844171317134732,0.0,0.0,73.23313537832665,{'silent': 11},no_trajectory,nuscenes,0.4553778079978575,0.08681894268625868,0.038246337373137866,environmental
scene-0103_3b19bb63d0924f4da3034819357d6c8b_clip000,0.0,0.0,0.0,0.0,0.0,0.0,"{'silent': 1, 'advisory': 4, 'intervention': 9}",0.21428571428571427,0.2857142857142857,0.0,0.0,0.0,0.0,-0.7125253031944252,0.0,0.0,5.779254636762074,0.15626379516316674,0.275,68.37268941627305,"{'silent': 3, 'advisory': 11}",no_trajectory,nuscenes,0.4553778079978575,0.8090241955228435,0.14625624764099515,trajectory
scene-0103_68a40df2846e4298af0417ea12721b5c_clip000,0.0,0.0,0.0,0.0,0.0,0.0,"{'advisory': 4, 'intervention': 9}",0.15384615384615385,0.3076923076923077,0.0,0.0,0.0,0.0,-0.6267831705280088,0.0,0.0,5.779254636762074,0.16666177792118098,0.29615384615384616,67.97856274355375,"{'silent': 2, 'advisory': 11}",no_trajectory,nuscenes,0.4553778079978575,0.8546523524873737,0.15501461814586853,trajectory
scene-0103_fa107c6dd0dc4d15b94b86cbf5b990c0_clip000,0.0,0.0,0.0,0.0,0.0,0.0,"{'silent': 3, 'advisory': 4, 'intervention': 9}",0.3125,0.25,0.0,0.0,0.0,0.0,-0.8043996665398437,0.0,0.0,5.779254636762074,0.1351498372458085,0.24062499999999998,69.00405999106238,"{'silent': 5, 'advisory': 11}",no_trajectory,nuscenes,0.4553778079978576,0.717937023399007,0.13222579042345445,trajectory
scene-0103_ead6a822f86c432481c0a9d2e4e4f827_clip000,0.0,0.0,0.0,0.0,0.0,0.0,"{'silent': 1, 'advisory': 4, 'intervention': 9}",0.21428571428571427,0.2857142857142857,0.0,0.0,0.0,0.0,-0.7125253031944252,0.0,0.0,5.779254636762074,0.15626379516316674,0.275,68.37268941627305,"{'silent': 3, 'advisory': 11}",no_trajectory,nuscenes,0.4553778079978576,0.8090241955228435,0.14625624764099515,trajectory
scene-0103_99fbf1b9bf474215a4e8ad562bb7e9b2_clip000,0.0,0.0,0.0,0.0,0.0,0.0,"{'silent': 5, 'advisory': 4, 'intervention': 9}",0.3888888888888889,0.2222222222222222,0.0,0.0,0.0,0.0,-0.8456774081396351,0.0,0.0,5.779254636762074,0.11977275754256962,0.21388888888888888,69.4619374864799,"{'silent': 7, 'advisory': 11}",no_trajectory,nuscenes,0.4553778079978575,0.6492048237795562,0.12205073496973196,trajectory
scene-0103_6e71a9ceaf9a4974a1d07a2bd3544506_clip000,0.0,0.0,0.0,0.0,0.0,0.0,"{'silent': 6, 'advisory': 4, 'intervention': 9}",0.42105263157894735,0.21052631578947367,0.0,0.0,0.0,0.0,-0.8563488385776753,0.0,0.0,5.779254636762074,0.1129995980604297,0.2026315789473684,69.64376651228018,"{'silent': 8, 'advisory': 11}",no_trajectory,nuscenes,0.4553778079978576,0.6229158487153456,0.11801008995194755,trajectory
scene-0103_34aaf645a4174c6c8ff1874e6b33ccf6_clip000,0.0,0.0,0.0,0.0,0.0,0.0,"{'silent': 4, 'advisory': 4, 'intervention': 9}",0.35294117647058826,0.23529411764705882,0.0,0.0,0.0,0.0,-0.8291561975888501,0.0,0.0,5.779254636762074,0.12659756633902372,0.2264705882352941,69.25080983463056,"{'silent': 6, 'advisory': 11}",no_trajectory,nuscenes,0.4553778079978576,0.6823050263584968,0.12674246056638383,trajectory
scene-0103_b3412553d70f40b3a1d19a0eb8529a08_clip000,0.0,0.0,0.0,0.0,0.0,0.0,"{'advisory': 12, 'silent': 6, 'intervention': 2}",0.55,0.6,0.0,0.0,0.0,0.0,-0.7947194142390263,0.0,0.0,7.815466782298337,0.5262626092521175,0.10499999999999998,71.14885481691417,"{'advisory': 6, 'silent': 14}",no_trajectory,nuscenes,0.4553778079978574,0.37176724042587284,0.0845636831823041,environmental
scene-0103_e147a4c07e06487592fb5d6135c27a78_clip000,0.0,0.0,0.0,0.0,0.0,0.0,"{'advisory': 13, 'silent': 3, 'intervention': 4}",0.4,0.65,0.0,0.0,0.0,0.0,-0.8495907904857465,0.0,0.0,7.211785952341847,0.628222980208149,0.13999999999999999,70.57378936219641,"{'advisory': 8, 'silent': 12}",no_trajectory,nuscenes,0.4553778079978575,0.5010480175931844,0.09734291550936497,trajectory
scene-0103_996d9e039f7a4838ac48d5409ca89732_clip000,0.0,0.0,0.0,0.0,0.0,0.0,"{'silent': 5, 'advisory': 4, 'intervention': 9}",0.3888888888888889,0.2222222222222222,0.0,0.0,0.0,0.0,-0.8456774081396351,0.0,0.0,5.779254636762074,0.11977275754256962,0.21388888888888888,69.4619374864799,"{'silent': 7, 'advisory': 11}",no_trajectory,nuscenes,0.4553778079978575,0.6492048237795562,0.12205073496973196,trajectory
scene-0103_72137291381349428afb1038d4e5898c_clip000,0.0,0.0,0.0,0.0,0.0,0.0,"{'silent': 5, 'advisory': 4, 'intervention': 9}",0.3888888888888889,0.2222222222222222,0.0,0.0,0.0,0.0,-0.8456774081396351,0.0,0.0,5.779254636762074,0.11977275754256962,0.21388888888888888,69.4619374864799,"{'silent': 7, 'advisory': 11}",no_trajectory,nuscenes,0.4553778079978575,0.6492048237795562,0.12205073496973196,trajectory
scene-0103_c34cb46c7be6486a85ee49653850b174_clip000,0.0,0.0,0.0,0.0,0.0,0.0,"{'silent': 6, 'advisory': 4, 'intervention': 9}",0.42105263157894735,0.21052631578947367,0.0,0.0,0.0,0.0,-0.8563488385776753,0.0,0.0,5.779254636762074,0.1129995980604297,0.2026315789473684,69.6437665122802,"{'silent': 8, 'advisory': 11}",no_trajectory,nuscenes,0.4553778079978575,0.6229158487153456,0.11801008995194755,trajectory
scene-0103_5d77c275683248658e7564ef24bf63b2_clip000,0.0,0.0,0.0,0.0,0.0,0.0,"{'silent': 6, 'advisory': 4, 'intervention': 9}",0.42105263157894735,0.21052631578947367,0.0,0.0,0.0,0.0,-0.8563488385776753,0.0,0.0,5.779254636762074,0.1129995980604297,0.2026315789473684,69.64376651228018,"{'silent': 8, 'advisory': 11}",no_trajectory,nuscenes,0.4553778079978576,0.6229158487153456,0.11801008995194755,trajectory
scene-0103_3c7331d16ac6439e9bd5a57d75976446_clip000,0.0,0.0,0.0,0.0,0.0,0.0,"{'advisory': 12, 'silent': 7, 'intervention': 1}",0.6,0.6,0.0,0.0,0.0,0.0,-0.7509392614826383,0.0,0.0,7.967399571723729,0.4210342833480729,0.0875,71.39682813043589,"{'advisory': 5, 'silent': 15}",no_trajectory,nuscenes,0.4553778079978575,0.3273776510693439,0.07905316510404317,environmental
scene-0103_0809d64df9264121bead0772ee9b5984_clip000,0.0,0.0,0.0,0.0,0.0,0.0,"{'silent': 1, 'advisory': 10, 'intervention': 4}",0.2,0.6666666666666666,0.0,0.0,0.0,0.0,-0.8183170883849713,0.0,0.0,7.211785952341847,0.5713882477436593,0.11666666666666667,70.58299184206106,"{'advisory': 5, 'silent': 10}",no_trajectory,nuscenes,0.4553778079978574,0.5793695738784522,0.09713841595681723,trajectory
scene-0103_ad2ae385245f46d49b4d06f87e2ac544_clip000,0.0,0.0,0.0,0.0,0.0,0.0,"{'silent': 6, 'advisory': 4, 'intervention': 9}",0.42105263157894735,0.21052631578947367,0.0,0.0,0.0,0.0,-0.8563488385776753,0.0,0.0,5.779254636762074,0.1129995980604297,0.2026315789473684,69.6437665122802,"{'silent': 8, 'advisory': 11}",no_trajectory,nuscenes,0.4553778079978575,0.6229158487153456,0.11801008995194755,trajectory
scene-0103_09810748e6c04aacb393ebf14fafa5e8_clip000,0.0,0.0,0.0,0.0,0.0,0.0,"{'advisory': 12, 'silent': 8}",0.65,0.6,0.0,0.0,0.0,0.0,-0.7509392614826383,0.0,0.0,7.967399571723729,0.42105967878830813,0.0875,71.48133303135715,"{'advisory': 5, 'silent': 15}",no_trajectory,nuscenes,0.4553778079978576,0.2886705588185416,0.07717527841690383,environmental
scene-0103_4ce8f37952ad4203b1f5b23c728fb2e6_clip000,0.0,0.0,0.0,0.0,0.0,0.0,"{'advisory': 12, 'silent': 6, 'intervention': 2}",0.55,0.6,0.0,0.0,0.0,0.0,-0.7947194142390263,0.0,0.0,7.815466782298337,0.5262626092521175,0.10499999999999998,71.14885481691414,"{'advisory': 6, 'silent': 14}",no_trajectory,nuscenes,0.4553778079978576,0.37176724042587284,0.0845636831823041,environmental
scene-0103_c1fe224b76cc49e294847788c443e470_clip000,0.0,0.0,0.0,0.0,0.0,0.0,"{'advisory': 12, 'silent': 6, 'intervention': 2}",0.55,0.6,0.0,0.0,0.0,0.0,-0.7947194142390263,0.0,0.0,7.815466782298337,0.5262626092521175,0.10499999999999998,71.14885481691415,"{'advisory': 6, 'silent': 14}",no_trajectory,nuscenes,0.4553778079978575,0.37176724042587284,0.0845636831823041,environmental
scene-0103_608f6c85cd524242bc9d299c0a954f69_clip000,0.0,0.0,0.0,0.0,0.0,0.0,"{'advisory': 14, 'silent': 2, 'intervention': 4}",0.35,0.7,0.0,0.0,0.0,0.0,-0.8495907904857465,0.0,0.0,7.211785952341847,0.6282586335563197,0.13999999999999999,70.45388244693062,"{'advisory': 8, 'silent': 12}",no_trajectory,nuscenes,0.4553778079978574,0.5249905811176492,0.10000751362638247,trajectory
scene-0103_723af3d23fb445e3ab97669e85846445_clip000,0.0,0.0,0.0,0.0,0.0,0.0,"{'silent': 1, 'advisory': 8, 'intervention': 4}",0.23076923076923078,0.6153846153846154,0.0,0.0,0.0,0.0,-0.8451542547285166,0.0,0.0,7.211785952341847,0.49993859087642073,0.1346153846153846,70.64083814422864,"{'silent': 8, 'advisory': 5}",no_trajectory,nuscenes,0.4553778079978575,0.596905714464854,0.09585294257531568,trajectory
scene-0553_19804c352c0a4767b61b8d0709d1db99_clip000,0.0,0.0,0.0,0.0,0.0,0.0,{'silent': 20},0.1,0.0,0.0,0.0,0.0,0.0,-0.5202659817144719,0.0,0.0,7.913043448354689,0.10524645140539796,0.31499999999999995,69.25852870828268,"{'silent': 2, 'advisory': 18}",no_trajectory,nuscenes,0.4553778079978576,0.04786960659942179,0.12657093004078088,environmental
scene-0553_b61b72a5b5ad482e9bc94c203f75b8d4_clip000,0.0,0.0,0.0,0.0,0.0,0.0,{'silent': 20},0.05,0.0,0.0,0.0,0.0,0.0,-0.3779644730092272,0.0,0.0,7.913043448354689,0.10580684917360617,0.3324999999999999,69.19040024822081,"{'silent': 1, 'advisory': 19}",no_trajectory,nuscenes,0.4553778079978575,0.05019408168907639,0.12808489581993357,environmental
scene-0553_21d4060224a946e5b66fd00749282e82_clip000,0.0,0.0,0.0,0.0,0.0,0.0,{'silent': 20},0.1,0.0,0.0,0.0,0.0,0.0,-0.5202659817144719,0.0,0.0,7.913043448354689,0.10581209993106343,0.3149999999999999,69.22188753843608,"{'advisory': 18, 'silent': 2}",no_trajectory,nuscenes,0.4553778079978574,0.056869043933661864,0.12738517825959472,environmental
scene-0553_340ccb3c0dcb492eaa032f0e4e3017bb_clip000,0.0,0.0,0.0,0.0,0.0,0.0,{'silent': 20},0.25,0.0,0.0,0.0,0.0,0.0,-0.7509392614826383,0.0,0.0,7.913043448354689,0.10695179158689398,0.2624999999999999,69.54290026805134,"{'advisory': 15, 'silent': 5}",no_trajectory,nuscenes,0.4553778079978575,0.05582682127782261,0.12025156204592216,environmental
scene-0553_afd097377c71479ea8349eeae83b8143_clip000,0.0,0.0,0.0,0.0,0.0,0.0,{'silent': 20},0.25,0.0,0.0,0.0,0.0,0.0,-0.7509392614826383,0.0,0.0,7.913043448354689,0.10695179158689398,0.2624999999999999,69.54290026805134,"{'advisory': 15, 'silent': 5}",no_trajectory,nuscenes,0.4553778079978575,0.05582682127782261,0.12025156204592216,environmental
scene-0553_18cdcf0d2340409b95140ea38a70fd2e_clip000,0.0,0.0,0.0,0.0,0.0,0.0,{'silent': 20},0.0,0.0,0.0,0.0,0.0,0.0,0.0,0.0,0.0,7.913043448354689,0.0,0.3499999999999999,69.14955255042494,{'advisory': 20},no_trajectory,nuscenes,0.4553778079978576,0.052570884490107814,0.12899262243761947,environmental
scene-0553_2397a588f42e4195bf7fb0148aa7a3d6_clip000,0.0,0.0,0.0,0.0,0.0,0.0,{'silent': 19},0.15789473684210525,0.0,0.0,0.0,0.0,0.0,-0.6324555320336759,0.0,0.0,7.913043448354689,0.11109075681577897,0.29473684210526313,69.377180932691,"{'silent': 3, 'advisory': 16}",no_trajectory,nuscenes,0.4553778079978575,0.04279219713354413,0.1239342139428185,environmental
scene-0655_433e28f80ae9462eb927089896b5f669_clip000,0.0,0.0,0.0,0.0,0.0,0.0,"{'advisory': 9, 'silent': 9, 'intervention': 2}",0.5,0.45,0.0,0.0,0.0,0.0,-0.5202659817144719,0.0,0.0,9.303399999255339,0.21054903292197313,0.034999999999999996,72.45536947775899,"{'advisory': 2, 'silent': 18}",no_trajectory,nuscenes,0.4666227184390223,0.37752534624852974,0.04178624462432803,environmental
scene-0655_fe199544817e496aa7708a1db0af2108_clip000,0.0,0.0,0.0,0.0,0.0,0.0,"{'advisory': 9, 'silent': 9, 'intervention': 2}",0.5,0.45,0.0,0.0,0.0,0.0,-0.5202659817144719,0.0,0.0,9.303399999255339,0.21054903292197313,0.034999999999999996,72.45536947775899,"{'advisory': 2, 'silent': 18}",no_trajectory,nuscenes,0.4666227184390223,0.37752534624852974,0.04178624462432803,environmental
scene-0655_99d539b687cb4a46b8f1efc7204aa160_clip000,0.0,0.0,0.0,0.0,0.0,0.0,"{'advisory': 12, 'silent': 6, 'intervention': 2}",0.35,0.6,0.0,0.0,0.0,0.0,-0.5202659817144719,0.0,0.0,9.303399999255339,0.2093745135314037,0.034999999999999996,72.34613501664953,"{'advisory': 2, 'silent': 18}",no_trajectory,nuscenes,0.4666227184390222,0.4114819704021374,0.04421367709342794,environmental
scene-0757_4b086f653d5a47a79f73f1d4a4d956d8_clip000,0.0,0.0,0.0,0.0,0.0,0.0,{'silent': 11},1.0,0.0,0.0,0.0,0.0,0.0,0.0,0.0,0.0,15.367333636732997,0.0,0.0,73.74551504036341,{'silent': 11},no_trajectory,nuscenes,0.4665456582408972,0.019960905514055275,0.013210527919716353,environmental
scene-0757_3c16d6997c70488ab7e9dfd0fbec962e_clip000,0.0,0.0,0.0,0.0,0.0,0.0,{'silent': 11},1.0,0.0,0.0,0.0,0.0,0.0,0.0,0.0,0.0,15.367333636732997,0.0,0.0,73.74551504036341,{'silent': 11},no_trajectory,nuscenes,0.4665456582408972,0.019960905514055275,0.013210527919716353,environmental
scene-0796_a9ba2ffc5a95458c9bd1052be9bc24ad_clip000,0.0,0.0,0.0,0.0,0.0,0.0,"{'silent': 2, 'emergency': 1, 'advisory': 6, 'intervention': 4}",0.23076923076923078,0.46153846153846156,0.0,0.0,0.0,0.0,-0.8451542547285166,0.0,0.0,5.527536801495883,0.16392803034897982,0.1346153846153846,70.74768634818767,"{'silent': 8, 'advisory': 5}",no_trajectory,nuscenes,0.4553778079978575,0.6023153000030569,0.09347853804289244,trajectory
scene-0916_4591a9f392774001a2cf523286505ac9_clip000,0.0,0.0,0.0,0.0,0.0,0.0,"{'advisory': 10, 'silent': 9, 'intervention': 1}",0.7,0.5,0.0,0.0,0.0,0.0,-0.8671099695241199,0.0,0.0,5.928808108233976,0.21055433059724998,0.175,69.90245134078623,"{'advisory': 10, 'silent': 10}",no_trajectory,nuscenes,0.4553778079978575,0.33898640459538437,0.11226153820736898,environmental
scene-0916_c8fcea5cd6d344e69a92241622f58be7_clip000,0.0,0.0,0.0,0.0,0.0,0.0,"{'advisory': 10, 'silent': 9, 'intervention': 1}",0.7,0.5,0.0,0.0,0.0,0.0,-0.8671099695241199,0.0,0.0,5.928808108233976,0.21279611110851027,0.175,69.73824476126475,"{'advisory': 10, 'silent': 10}",no_trajectory,nuscenes,0.4553778079978576,0.3442826729834207,0.1159105733078462,environmental
scene-0916_cb5fdffa966345cdb9c7c186143b7857_clip000,0.0,0.0,0.0,0.0,0.0,0.0,"{'advisory': 9, 'silent': 10, 'intervention': 1}",0.75,0.45,0.0,0.0,0.0,0.0,-0.8671099695241199,0.0,0.0,5.928808108233976,0.21278411200615202,0.175,69.5386612270847,"{'advisory': 10, 'silent': 10}",no_trajectory,nuscenes,0.4553778079978576,0.3342747683169585,0.12034576295629189,environmental
scene-0916_de7bc639112c40ec9ebe406673f1487d_clip000,0.0,0.0,0.0,0.0,0.0,0.0,"{'advisory': 9, 'silent': 10, 'intervention': 1}",0.75,0.45,0.0,0.0,0.0,0.0,-0.8671099695241199,0.0,0.0,5.928808108233976,0.21278411200615202,0.175,69.5386612270847,"{'advisory': 10, 'silent': 10}",no_trajectory,nuscenes,0.4553778079978575,0.3342747683169585,0.12034576295629189,environmental
scene-0916_c2c271c1bc484bce81639bfda2083588_clip000,0.0,0.0,0.0,0.0,0.0,0.0,"{'advisory': 9, 'silent': 9, 'intervention': 1}",0.6842105263157895,0.47368421052631576,0.0,0.0,0.0,0.0,-0.8563488385776753,0.0,0.0,5.928808108233976,0.3370608139726538,0.2026315789473684,69.05401085204416,"{'silent': 8, 'advisory': 11}",no_trajectory,nuscenes,0.4553778079978575,0.34531424714725745,0.13111577129052607,environmental
scene-0916_af7483c35ffa4ad193d14bbac3b0ab4e_clip000,0.0,0.0,0.0,0.0,0.0,0.0,"{'advisory': 10, 'silent': 9, 'intervention': 1}",0.7,0.5,0.0,0.0,0.0,0.0,-0.8671099695241199,0.0,0.0,5.928808108233976,0.21055539459765388,0.175,70.02745555340597,"{'advisory': 10, 'silent': 10}",no_trajectory,nuscenes,0.4553778079978575,0.33683928391834117,0.10948366681581936,environmental
scene-0916_ebcd168fd25247f68482853796c9327f_clip000,0.0,0.0,0.0,0.0,0.0,0.0,"{'advisory': 9, 'silent': 10, 'intervention': 1}",0.75,0.45,0.0,0.0,0.0,0.0,-0.8671099695241199,0.0,0.0,5.928808108233976,0.21278411200615202,0.175,69.5386612270847,"{'advisory': 10, 'silent': 10}",no_trajectory,nuscenes,0.4553778079978575,0.3342747683169585,0.12034576295629189,environmental
scene-0916_9256b7cc27954e7bb5e3a3fb8c62474c_clip000,0.0,0.0,0.0,0.0,0.0,0.0,"{'advisory': 9, 'silent': 10, 'intervention': 1}",0.7,0.45,0.0,0.0,0.0,0.0,-0.8627635262664035,0.0,0.0,5.928808108233976,0.31915694904680586,0.19249999999999998,69.2979784205515,"{'silent': 9, 'advisory': 11}",no_trajectory,nuscenes,0.4553778079978575,0.33753205017584365,0.1256942697681407,environmental
scene-0916_eeabbd601fff49c08c086829bfe13287_clip000,0.0,0.0,0.0,0.0,0.0,0.0,"{'advisory': 9, 'silent': 10, 'intervention': 1}",0.75,0.45,0.0,0.0,0.0,0.0,-0.8671099695241199,0.0,0.0,5.928808108233976,0.21278411200615202,0.175,69.5386612270847,"{'advisory': 10, 'silent': 10}",no_trajectory,nuscenes,0.4553778079978575,0.3342747683169585,0.12034576295629189,environmental
scene-0916_54ca0158a30a4d8291684544ddbeff3f_clip000,0.0,0.0,0.0,0.0,0.0,0.0,"{'advisory': 9, 'silent': 10, 'intervention': 1}",0.75,0.45,0.0,0.0,0.0,0.0,-0.8671099695241199,0.0,0.0,5.928808108233976,0.21278411200615202,0.175,69.5386612270847,"{'advisory': 10, 'silent': 10}",no_trajectory,nuscenes,0.4553778079978575,0.3342747683169585,0.12034576295629189,environmental
scene-0916_b825554384e042baba291f6f75c1ba49_clip000,0.0,0.0,0.0,0.0,0.0,0.0,"{'advisory': 10, 'silent': 9, 'intervention': 1}",0.7,0.5,0.0,0.0,0.0,0.0,-0.8671099695241199,0.0,0.0,5.928808108233976,0.21055433059724998,0.175,69.90245134078623,"{'advisory': 10, 'silent': 10}",no_trajectory,nuscenes,0.4553778079978575,0.33898640459538437,0.11226153820736898,environmental
scene-0916_b7ff9843f0bc4154a865230adb65a45d_clip000,0.0,0.0,0.0,0.0,0.0,0.0,"{'advisory': 10, 'silent': 9, 'intervention': 1}",0.7,0.5,0.0,0.0,0.0,0.0,-0.8671099695241199,0.0,0.0,5.928808108233976,0.21279611110851027,0.175,69.73824476126477,"{'advisory': 10, 'silent': 10}",no_trajectory,nuscenes,0.4553778079978574,0.3442826729834207,0.1159105733078462,environmental
scene-0916_4b8ef2beabcf4121af0f287cd1a7fd55_clip000,0.0,0.0,0.0,0.0,0.0,0.0,"{'advisory': 10, 'silent': 9, 'intervention': 1}",0.7,0.5,0.0,0.0,0.0,0.0,-0.8671099695241199,0.0,0.0,5.928808108233976,0.21055433059724998,0.175,69.90245134078623,"{'advisory': 10, 'silent': 10}",no_trajectory,nuscenes,0.4553778079978574,0.33898640459538437,0.11226153820736898,environmental
scene-0916_89eaf741be444d7e8fcc4748482d338d_clip000,0.0,0.0,0.0,0.0,0.0,0.0,"{'advisory': 9, 'silent': 10, 'intervention': 1}",0.7,0.45,0.0,0.0,0.0,0.0,-0.8627635262664035,0.0,0.0,5.928808108233976,0.31915694904680586,0.19249999999999998,69.2979784205515,"{'silent': 9, 'advisory': 11}",no_trajectory,nuscenes,0.4553778079978576,0.33753205017584365,0.1256942697681407,environmental
scene-0916_e5a06b589b93428c867bd6a92ed6da93_clip000,0.0,0.0,0.0,0.0,0.0,0.0,"{'advisory': 10, 'silent': 9, 'intervention': 1}",0.7,0.5,0.0,0.0,0.0,0.0,-0.8671099695241199,0.0,0.0,5.928808108233976,0.21279611110851027,0.175,69.73824476126477,"{'advisory': 10, 'silent': 10}",no_trajectory,nuscenes,0.4553778079978575,0.3442826729834207,0.1159105733078462,environmental
scene-0916_68d411d0e8664a09b4c59787793b0b87_clip000,0.0,0.0,0.0,0.0,0.0,0.0,"{'advisory': 9, 'silent': 10, 'intervention': 1}",0.7,0.45,0.0,0.0,0.0,0.0,-0.8627635262664035,0.0,0.0,5.928808108233976,0.31915694904680586,0.19249999999999998,69.2979784205515,"{'silent': 9, 'advisory': 11}",no_trajectory,nuscenes,0.4553778079978576,0.33753205017584365,0.1256942697681407,environmental
scene-0916_c6d85e602dd342d99758b41e64e86e12_clip000,0.0,0.0,0.0,0.0,0.0,0.0,"{'advisory': 10, 'silent': 9, 'intervention': 1}",0.7,0.5,0.0,0.0,0.0,0.0,-0.8671099695241199,0.0,0.0,5.928808108233976,0.21055433059724998,0.175,69.90245134078623,"{'advisory': 10, 'silent': 10}",no_trajectory,nuscenes,0.4553778079978575,0.33898640459538437,0.11226153820736898,environmental
scene-0916_c5a370e03491457485bfda760515e537_clip000,0.0,0.0,0.0,0.0,0.0,0.0,"{'advisory': 10, 'silent': 9, 'intervention': 1}",0.7,0.5,0.0,0.0,0.0,0.0,-0.8671099695241199,0.0,0.0,5.928808108233976,0.21055433059724998,0.175,69.90245134078623,"{'advisory': 10, 'silent': 10}",no_trajectory,nuscenes,0.4553778079978576,0.33898640459538437,0.11226153820736898,environmental
scene-1094_55f7fb5fa2854b0da825c2cd1c94b23b_clip000,0.0,0.0,0.0,0.0,0.0,0.0,"{'advisory': 7, 'silent': 10, 'intervention': 1}",0.3888888888888889,0.3888888888888889,0.0,0.0,0.0,0.0,0.0,0.0,0.0,3.706649448127391,0.0,0.3499999999999999,54.533739113302154,{'advisory': 18},no_trajectory,nuscenes,0.6663293487251398,0.30653363703923,0.19595881570700346,environmental
scene-1094_47304f98d3d3484d8af8d5e4c7428022_clip000,0.0,0.0,0.0,0.0,0.0,0.0,"{'advisory': 11, 'silent': 6, 'intervention': 3}",0.55,0.55,0.0,0.0,0.0,0.0,0.0,0.0,0.0,3.706649448127391,0.0,0.3499999999999999,54.71565307361059,{'advisory': 20},no_trajectory,nuscenes,0.6663293487251398,0.4324739574656943,0.1919162832557047,environmental
scene-1094_3543efbc49b147c6a7151e945b999fe5_clip000,0.0,0.0,0.0,0.0,0.0,0.0,"{'advisory': 8, 'silent': 10, 'intervention': 1}",0.42105263157894735,0.42105263157894735,0.0,0.0,0.0,0.0,0.0,0.0,0.0,3.706649448127391,0.0,0.3499999999999999,54.68501060010268,{'advisory': 19},no_trajectory,nuscenes,0.6663293487251398,0.3093379902424189,0.19259722711143631,environmental
scene-1094_d61323aefb8640da9d5258fae57c2d1c_clip000,0.0,0.0,0.0,0.0,0.0,0.0,"{'advisory': 8, 'silent': 10, 'intervention': 1}",0.42105263157894735,0.42105263157894735,0.0,0.0,0.0,0.0,0.0,0.0,0.0,3.706649448127391,0.0,0.3499999999999999,54.68501060010268,{'advisory': 19},no_trajectory,nuscenes,0.6663293487251398,0.3093379902424189,0.19259722711143631,environmental
scene-1094_9777aa985269472595ff1ee88420008f_clip000,0.0,0.0,0.0,0.0,0.0,0.0,"{'advisory': 7, 'silent': 10, 'intervention': 1}",0.3888888888888889,0.3888888888888889,0.0,0.0,0.0,0.0,0.0,0.0,0.0,3.706649448127391,0.0,0.3499999999999999,54.533739113302154,{'advisory': 18},no_trajectory,nuscenes,0.6663293487251398,0.30653363703923,0.19595881570700346,environmental
scene-1094_e6505be7823b40858d669c34afba37c4_clip000,0.0,0.0,0.0,0.0,0.0,0.0,"{'advisory': 13, 'silent': 4, 'intervention': 3}",0.65,0.65,0.0,0.0,0.0,0.0,0.0,0.0,0.0,3.706649448127391,0.0,0.3499999999999999,55.1376606441411,{'advisory': 20},no_trajectory,nuscenes,0.6663293487251398,0.46070222310796316,0.18253833724391552,environmental
scene-1094_9441225cd01f4730a02b5d8927063f53_clip000,0.0,0.0,0.0,0.0,0.0,0.0,"{'emergency': 1, 'advisory': 13, 'silent': 1, 'intervention': 5}",0.65,0.65,0.0,0.0,0.0,0.0,0.0,0.0,0.0,3.706649448127391,0.0,0.3499999999999999,54.8617528621166,{'advisory': 20},no_trajectory,nuscenes,0.6663293487251398,0.6109733018353498,0.18866962128890452,environmental
scene-1094_dc534f142fbf42afbdd38a1afae9df7f_clip000,0.0,0.0,0.0,0.0,0.0,0.0,"{'advisory': 5, 'silent': 10}",0.3333333333333333,0.3333333333333333,0.0,0.0,0.0,0.0,0.0,0.0,0.0,3.706649448127391,0.0,0.3499999999999999,55.13098634200208,{'advisory': 15},no_trajectory,nuscenes,0.6663293487251398,0.2217277247504426,0.18268665506922718,environmental
scene-1094_2c761ca3c6e745ab8b7553a3f3dc937e_clip000,0.0,0.0,0.0,0.0,0.0,0.0,"{'advisory': 9, 'silent': 9, 'intervention': 2}",0.45,0.45,0.0,0.0,0.0,0.0,0.0,0.0,0.0,3.706649448127391,0.0,0.3499999999999999,54.70326852596842,{'advisory': 20},no_trajectory,nuscenes,0.6663293487251398,0.3569579997462829,0.19219149542553088,environmental
scene-1094_155047a77309452a908e6c96ddd60b55_clip000,0.0,0.0,0.0,0.0,0.0,0.0,"{'advisory': 12, 'silent': 5, 'intervention': 3}",0.6,0.6,0.0,0.0,0.0,0.0,0.0,0.0,0.0,3.706649448127391,0.0,0.3499999999999999,54.93515956247993,{'advisory': 20},no_trajectory,nuscenes,0.6663293487251398,0.4461260953390059,0.18703836128083035,environmental
scene-1094_8e992e7479094a61a550b951c1451092_clip000,0.0,0.0,0.0,0.0,0.0,0.0,"{'advisory': 13, 'silent': 4, 'intervention': 3}",0.65,0.65,0.0,0.0,0.0,0.0,0.0,0.0,0.0,3.706649448127391,0.0,0.3499999999999999,55.1376606441411,{'advisory': 20},no_trajectory,nuscenes,0.6663293487251398,0.46070222310796316,0.18253833724391552,environmental
scene-1094_c530e58bfaaf4ba38bf0f66c11381d7b_clip000,0.0,0.0,0.0,0.0,0.0,0.0,"{'advisory': 13, 'silent': 4, 'intervention': 3}",0.65,0.65,0.0,0.0,0.0,0.0,0.0,0.0,0.0,3.706649448127391,0.0,0.3499999999999999,55.1376606441411,{'advisory': 20},no_trajectory,nuscenes,0.6663293487251398,0.46070222310796316,0.18253833724391552,environmental
scene-1094_029357560fcc41db9973bd656d63547d_clip000,0.0,0.0,0.0,0.0,1.0,0.0,"{'emergency': 2, 'advisory': 13, 'intervention': 5}",0.65,0.65,0.0,0.0,0.0,0.0,-0.3779644730092272,0.0,0.0,2.8688461782870722,0.10525881458365084,0.36499999999999994,54.22672541131253,"{'advisory': 19, 'intervention': 1}",no_trajectory,nuscenes,0.6663293487251398,0.6472594484400758,0.20278134241788387,environmental
scene-1094_19f0484e0ec84c0eb64c92698fe5e7e3_clip000,0.0,0.0,0.0,0.0,1.0,0.0,"{'emergency': 3, 'advisory': 8, 'intervention': 9}",0.4,0.4,0.0,0.0,0.0,0.0,-0.3779644730092272,1.0,3.5007889999999975,2.8688461782870722,0.21056638989820384,0.3649999999999999,55.91102498808647,"{'advisory': 19, 'intervention': 1}",no_trajectory,nuscenes,0.6663293487251398,0.7704661939072073,0.16535246293401865,trajectory
scene-1094_98e2b15c113a477a9f291b25194cab62_clip000,0.0,0.0,0.0,0.0,1.0,0.0,"{'silent': 1, 'emergency': 3, 'advisory': 6, 'intervention': 8}",0.3333333333333333,0.3333333333333333,0.0,0.0,0.0,0.0,-0.3973597071195132,1.0,4.499983,2.8688461782870722,0.2339519217103289,0.3666666666666666,56.25783722674042,"{'advisory': 17, 'intervention': 1}",no_trajectory,nuscenes,0.6663293487251398,0.7914951016644928,0.1576455242972638,trajectory
scene-1094_1ab7d92d3ed3455ea628c6962906d4e7_clip000,0.0,0.0,0.0,0.0,1.0,0.0,"{'silent': 1, 'emergency': 3, 'advisory': 7, 'intervention': 9}",0.35,0.35,0.0,0.0,0.0,0.0,-0.3779644730092272,1.0,4.499983,2.8688461782870722,0.20946885088216236,0.3649999999999999,56.34948042434611,"{'advisory': 19, 'intervention': 1}",no_trajectory,nuscenes,0.6663293487251398,0.7779015511915128,0.1556090087949153,trajectory
scene-1100_0b2ba0a3a3874e4a9863541a7a65ec00_clip000,0.0,0.0,0.0,0.0,0.0,0.0,{'silent': 10},0.0,0.0,0.0,0.0,0.0,0.0,0.0,0.0,0.0,7.156893781968976,0.0,0.35,67.91066760846815,{'advisory': 10},no_trajectory,nuscenes,0.4589338719878682,0.007344425929312862,0.1521770984933131,environmental
scene-1100_47b04d517ed64f92ad6af4c11233de34_clip000,0.0,0.0,0.0,0.0,0.0,0.0,{'silent': 20},0.0,0.0,0.0,0.0,0.0,0.0,0.0,0.0,0.0,8.255333802828359,0.0,0.3499999999999999,69.4681717495733,{'advisory': 20},no_trajectory,nuscenes,0.4589338719878682,0.0049856288977498855,0.11756589535764343,environmental
scene-1100_baa84e9048974b67a0c168a8bf946d3e_clip000,0.0,0.0,0.0,0.0,0.0,0.0,{'silent': 10},0.0,0.0,0.0,0.0,0.0,0.0,0.0,0.0,0.0,7.156893781968976,0.0,0.35,67.91066760846815,{'advisory': 10},no_trajectory,nuscenes,0.4589338719878682,0.007344425929312862,0.1521770984933131,environmental
scene-1100_7a88efefda9f4fc3a30fa6a655978ada_clip000,0.0,0.0,0.0,0.0,0.0,0.0,{'silent': 20},0.0,0.0,0.0,0.0,0.0,0.0,0.0,0.0,0.0,8.395470031155442,0.0,0.3499999999999999,69.58932009572545,{'advisory': 20},no_trajectory,nuscenes,0.45893387198786834,0.0021141203738642284,0.11487370988759524,environmental
scene-1100_7c7ea45167174debb191420c7fb99649_clip000,0.0,0.0,0.0,0.0,0.0,0.0,{'silent': 20},0.0,0.0,0.0,0.0,0.0,0.0,0.0,0.0,0.0,8.214534625139017,0.0,0.3499999999999999,69.36649606588342,{'advisory': 20},no_trajectory,nuscenes,0.4589338719878682,0.0069894650535236675,0.11982535499519605,environmental
scene-1100_7b644b3fb6634f13bf30402c70770e3b_clip000,0.0,0.0,0.0,0.0,0.0,0.0,{'silent': 20},0.0,0.0,0.0,0.0,0.0,0.0,0.0,0.0,0.0,7.156893781968976,0.0,0.3499999999999999,68.48751071897604,{'advisory': 20},no_trajectory,nuscenes,0.4589338719878682,0.011552272105657044,0.13935836270424887,environmental
scene-1100_1c6ea643f2d04632ac5624e0072aa659_clip000,0.0,0.0,0.0,0.0,0.0,0.0,{'silent': 20},0.0,0.0,0.0,0.0,0.0,0.0,0.0,0.0,0.0,7.622279608464889,0.0,0.3499999999999999,68.98691963967089,{'advisory': 20},no_trajectory,nuscenes,0.4589338719878682,0.009943279356537523,0.12826038668880796,environmental
scene-1100_60e1ec6251134f9a8e2031b871a455d1_clip000,0.0,0.0,0.0,0.0,0.0,0.0,{'silent': 18},0.0,0.0,0.0,0.0,0.0,0.0,0.0,0.0,0.0,7.156893781968976,0.0,0.3499999999999999,68.40784695680762,{'advisory': 18},no_trajectory,nuscenes,0.4589338719878681,0.010824216413827352,0.14112866853021439,environmental
near_miss_0000,0.0,0.0,0.0,0.0,1.0,0.0,"{'emergency': 10, 'advisory': 20, 'intervention': 10}",0.6,0.5,0.0,0.0,0.4,0.0,-0.5200460839031871,1.0,2.0999999999999996,0.6153846153846168,0.5128205128205129,0.4050000000000001,53.566868222124526,"{'emergency': 4, 'advisory': 36}",no_trajectory,prism_ar_synthetic,0.6930251611139581,0.7468818488539501,0.18481662036906193,trajectory
near_miss_0001,0.0,0.0,0.0,0.0,1.0,0.0,"{'emergency': 10, 'advisory': 20, 'intervention': 10}",0.6,0.5,0.0,0.0,0.4,0.0,-0.5200460839031871,1.0,2.0999999999999996,0.6322434491419031,0.5128205128205129,0.4050000000000001,53.76420095114331,"{'emergency': 4, 'advisory': 36}",no_trajectory,prism_ar_synthetic,0.6930251611139581,0.7512170556341815,0.18043144861308885,trajectory
near_miss_0002,0.0,0.0,0.0,0.0,1.0,0.0,"{'emergency': 10, 'advisory': 22, 'intervention': 8}",0.65,0.55,0.0,0.0,0.4,0.0,-0.5200460839031871,1.0,2.0999999999999996,0.6549155677158964,0.5128205128205129,0.4050000000000001,54.01151624323281,"{'emergency': 4, 'advisory': 36}",no_trajectory,prism_ar_synthetic,0.6930251611139581,0.7194864891298265,0.17493555323332186,trajectory
near_miss_0003,0.0,0.0,0.0,0.0,1.0,0.0,"{'emergency': 10, 'advisory': 20, 'intervention': 10}",0.6,0.5,0.0,0.0,0.4,0.0,-0.5200460839031871,1.0,2.0999999999999996,0.6283376104558798,0.5128205128205129,0.4050000000000001,53.719540608483214,"{'emergency': 4, 'advisory': 36}",no_trajectory,prism_ar_synthetic,0.6930251611139581,0.7473119877381194,0.1814239006722021,trajectory
near_miss_0004,0.0,0.0,0.0,0.0,1.0,0.0,"{'emergency': 10, 'advisory': 22, 'intervention': 8}",0.65,0.55,0.0,0.0,0.4,0.0,-0.5200460839031871,1.0,2.0999999999999996,0.6447460000902581,0.5128205128205129,0.4050000000000001,53.903042170743255,"{'emergency': 4, 'advisory': 36}",no_trajectory,prism_ar_synthetic,0.6930251611139581,0.7215933442562432,0.17734608817753444,trajectory
near_miss_0005,0.0,0.0,0.0,0.0,1.0,0.0,"{'emergency': 10, 'advisory': 20, 'intervention': 10}",0.6,0.5,0.0,0.0,0.4,0.0,-0.6207673579337563,1.0,2.0,0.4753219694268166,1.0256410256410258,0.42000000000000004,50.47095620157843,"{'emergency': 4, 'advisory': 34, 'intervention': 2}",no_trajectory,prism_ar_synthetic,0.7248196506115889,0.7366640275302737,0.21475473366187053,trajectory
near_miss_0006,0.0,0.0,0.0,0.0,1.0,0.0,"{'emergency': 10, 'advisory': 20, 'intervention': 10}",0.6,0.5,0.0,0.0,0.4,0.0,-0.6207673579337563,1.0,2.0,0.4695338870846171,1.0256410256410258,0.42000000000000004,50.339212900572186,"{'emergency': 4, 'advisory': 34, 'intervention': 2}",no_trajectory,prism_ar_synthetic,0.7248196506115889,0.746113083197623,0.2176823625731203,trajectory
near_miss_0007,0.0,0.0,0.0,0.0,1.0,0.0,"{'emergency': 10, 'advisory': 20, 'intervention': 10}",0.6,0.5,0.0,0.0,0.4,0.0,-0.6207673579337563,1.0,2.0,0.4758958245791921,1.0256410256410258,0.42000000000000004,50.48381459091273,"{'emergency': 4, 'advisory': 34, 'intervention': 2}",no_trajectory,prism_ar_synthetic,0.7248196506115889,0.74002441822285,0.21446899167666383,trajectory
near_miss_0008,0.0,0.0,0.0,0.0,1.0,0.0,"{'emergency': 10, 'advisory': 20, 'intervention': 10}",0.6,0.5,0.0,0.0,0.4,0.0,-0.6207673579337563,1.0,2.0,0.47335688484785765,1.0256410256410258,0.42000000000000004,50.42664884035266,"{'emergency': 4, 'advisory': 34, 'intervention': 2}",no_trajectory,prism_ar_synthetic,0.7248196506115889,0.7411845224668736,0.2157393416891098,trajectory
near_miss_0009,0.0,0.0,0.0,0.0,1.0,0.0,"{'emergency': 10, 'advisory': 20, 'intervention': 10}",0.6,0.5,0.0,0.0,0.4,0.0,-0.6207673579337563,1.0,2.0,0.4757921665008333,1.0256410256410258,0.42000000000000004,50.48149460155794,"{'emergency': 4, 'advisory': 34, 'intervention': 2}",no_trajectory,prism_ar_synthetic,0.7248196506115889,0.7540190679713351,0.21452054699565903,trajectory
near_miss_0010,0.0,0.0,0.0,0.0,1.0,0.0,"{'emergency': 10, 'advisory': 20, 'intervention': 10}",0.0,0.5,0.0,0.0,0.0,0.0,-0.8701626851293667,1.0,2.3,0.4615384615384599,1.0256410256410258,0.16999999999999998,66.28971014000993,"{'advisory': 12, 'silent': 24, 'intervention': 4}",no_trajectory,prism_ar_synthetic,0.43792338783161533,0.7515818765739685,0.21387785620558253,trajectory
near_miss_0011,0.0,0.0,0.0,0.0,1.0,0.0,"{'emergency': 10, 'advisory': 20, 'intervention': 10}",0.0,0.5,0.0,0.0,0.0,0.0,-0.8701626851293667,1.0,2.3,0.4734502033885555,1.0256410256410258,0.16999999999999998,66.53918544024569,"{'advisory': 12, 'silent': 24, 'intervention': 4}",no_trajectory,prism_ar_synthetic,0.43792338783161533,0.7586433213922299,0.2083339606447881,trajectory
near_miss_0012,0.0,0.0,0.0,0.0,1.0,0.0,"{'emergency': 10, 'advisory': 20, 'intervention': 10}",0.0,0.5,0.0,0.0,0.0,0.0,-0.8425313969992912,1.0,2.3,0.49573541092699,1.0256410256410258,0.1525,66.97096270757089,"{'advisory': 10, 'silent': 26, 'intervention': 4}",no_trajectory,prism_ar_synthetic,0.43792338783161533,0.7527017225620048,0.1987389102597835,trajectory
near_miss_0013,0.0,0.0,0.0,0.0,1.0,0.0,"{'emergency': 10, 'advisory': 20, 'intervention': 10}",0.0,0.5,0.0,0.0,0.0,0.0,-0.8425313969992912,1.0,2.3,0.5095358666587053,1.0256410256410258,0.1525,67.07911573126012,"{'advisory': 10, 'silent': 26, 'intervention': 4}",no_trajectory,prism_ar_synthetic,0.4379233878316152,0.7410925066410634,0.19633550973335645,trajectory
near_miss_0014,0.0,0.0,0.0,0.0,1.0,0.0,"{'emergency': 10, 'advisory': 22, 'intervention': 8}",0.0,0.55,0.0,0.0,0.0,0.0,-0.8425313969992912,1.0,2.3,0.5078401824379597,1.0256410256410258,0.1525,67.05069573591081,"{'advisory': 10, 'silent': 26, 'intervention': 4}",no_trajectory,prism_ar_synthetic,0.43792338783161533,0.7244042482234276,0.19696706518556345,trajectory
near_miss_0015,0.0,0.0,0.0,0.0,1.0,0.0,"{'emergency': 10, 'advisory': 18, 'silent': 3, 'intervention': 9}",0.125,0.45,0.0,0.0,0.0,0.0,-0.915868871331308,1.0,1.4,0.24056210088273064,1.0256410256410258,0.22875,62.90927159073531,"{'advisory': 15, 'silent': 19, 'intervention': 6}",no_trajectory,prism_ar_synthetic,0.43792338783161533,0.7210660500729189,0.2889987128561299,trajectory
near_miss_0016,0.0,0.0,0.0,0.0,1.0,0.0,"{'emergency': 9, 'advisory': 17, 'silent': 4, 'intervention': 10}",0.15,0.425,0.0,0.0,0.0,0.0,-0.915868871331308,1.0,1.4,0.2452933868068449,1.0256410256410258,0.22875,63.20952081702781,"{'advisory': 15, 'silent': 19, 'intervention': 6}",no_trajectory,prism_ar_synthetic,0.43792338783161533,0.7076865326317474,0.28232650782740765,trajectory
near_miss_0017,0.0,0.0,0.0,0.0,1.0,0.0,"{'emergency': 9, 'advisory': 17, 'silent': 4, 'intervention': 10}",0.15,0.425,0.0,0.0,0.0,0.0,-0.915868871331308,1.0,1.4,0.24184195191866506,1.0256410256410258,0.22875,62.99195989695495,"{'advisory': 15, 'silent': 19, 'intervention': 6}",no_trajectory,prism_ar_synthetic,0.43792338783161533,0.7092387137445324,0.2871611949401376,trajectory
near_miss_0018,0.0,0.0,0.0,0.0,1.0,0.0,"{'emergency': 9, 'advisory': 17, 'silent': 4, 'intervention': 10}",0.15,0.425,0.0,0.0,0.0,0.0,-0.915868871331308,1.0,1.4,0.24125037138591232,1.0256410256410258,0.22875,62.95387701592513,"{'advisory': 15, 'silent': 19, 'intervention': 6}",no_trajectory,prism_ar_synthetic,0.4379233878316152,0.6991020795879592,0.2880074811852452,trajectory
near_miss_0019,0.0,0.0,0.0,0.0,1.0,0.0,"{'emergency': 9, 'advisory': 17, 'silent': 4, 'intervention': 10}",0.2,0.425,0.0,0.0,0.0,0.0,-0.92,1.0,1.4,0.23411014262864427,1.0256410256410258,0.24625,62.46534131005289,"{'advisory': 17, 'silent': 17, 'intervention': 6}",no_trajectory,prism_ar_synthetic,0.4379233878316152,0.7029198766858739,0.2988638302046281,trajectory
near_miss_0020,0.0,0.0,0.0,0.0,1.0,0.0,"{'emergency': 9, 'advisory': 15, 'silent': 6, 'intervention': 10}",0.575,0.375,0.1,0.0,0.7777777777777778,0.0,-0.7580159861731925,0.0,1.4,0.17496594953789935,1.0256410256410258,0.46875,45.60584575162703,"{'emergency': 7, 'advisory': 30, 'intervention': 3}",no_trajectory,prism_ar_synthetic,0.7266917768645268,0.6849541909394251,0.32058014490719994,environmental
near_miss_0021,0.0,0.0,0.0,0.0,1.0,0.0,"{'emergency': 9, 'advisory': 16, 'silent': 5, 'intervention': 10}",0.6,0.4,0.1,0.0,0.7777777777777778,0.0,-0.7580159861731925,0.0,1.4,0.17411637680404257,1.0256410256410258,0.46875,45.52293287087389,"{'emergency': 7, 'advisory': 30, 'intervention': 3}",no_trajectory,prism_ar_synthetic,0.7266917768645268,0.6941718150407687,0.3224226533683807,environmental
near_miss_0022,0.0,0.0,0.0,0.0,1.0,0.0,"{'emergency': 10, 'advisory': 16, 'silent': 5, 'intervention': 9}",0.575,0.4,0.0,0.0,0.7,0.0,-0.7287701162595385,0.0,1.4,0.17681065642235883,1.0256410256410258,0.46125,45.782233322910216,"{'emergency': 7, 'advisory': 31, 'intervention': 2}",no_trajectory,prism_ar_synthetic,0.7266917768645268,0.6994332609028417,0.3166604211009068,environmental
near_miss_0023,0.0,0.0,0.0,0.0,1.0,0.0,"{'emergency': 9, 'advisory': 15, 'silent': 6, 'intervention': 10}",0.525,0.375,0.0,0.0,0.6666666666666666,0.0,-0.7299315036357864,0.0,1.4,0.1813968129945736,1.0256410256410258,0.45499999999999996,46.06231070875337,"{'emergency': 6, 'advisory': 31, 'intervention': 3}",no_trajectory,prism_ar_synthetic,0.7266917768645268,0.6831842216360149,0.31043647919328116,environmental
near_miss_0024,0.0,0.0,0.0,0.0,1.0,0.0,"{'emergency': 9, 'advisory': 16, 'silent': 5, 'intervention': 10}",0.575,0.4,0.0,0.0,0.7777777777777778,0.0,-0.7287701162595385,0.0,1.4,0.17978840422355793,1.0256410256410258,0.46125,45.92257280920406,"{'emergency': 7, 'advisory': 31, 'intervention': 2}",no_trajectory,prism_ar_synthetic,0.7266917768645268,0.6933867021946322,0.3135417658499325,environmental
near_miss_0025,0.0,0.0,0.0,0.0,1.0,0.0,"{'silent': 1, 'emergency': 10, 'advisory': 20, 'intervention': 9}",0.5,0.5,0.0,0.0,0.0,0.0,-0.6192403787032473,1.0,2.7,0.3076923076923066,0.5128205128205129,0.395,58.361110029860015,"{'advisory': 34, 'intervention': 6}",no_trajectory,prism_ar_synthetic,0.5434552057942968,0.7293945176994849,0.26108563669897,trajectory
near_miss_0026,0.0,0.0,0.0,0.0,1.0,0.0,"{'emergency': 10, 'advisory': 20, 'intervention': 10}",0.5,0.5,0.0,0.0,0.0,0.0,-0.6192403787032473,1.0,2.7,0.29845871392230805,0.5128205128205129,0.395,58.16103689250116,"{'advisory': 34, 'intervention': 6}",no_trajectory,prism_ar_synthetic,0.5434552057942966,0.7495430974906475,0.26553170641805607,trajectory
near_miss_0027,0.0,0.0,0.0,0.0,1.0,0.0,"{'emergency': 10, 'advisory': 20, 'intervention': 10}",0.5,0.5,0.0,0.0,0.0,0.0,-0.6192403787032473,1.0,2.7,0.30702222199253626,0.5128205128205129,0.395,58.33814942028257,"{'advisory': 34, 'intervention': 6}",no_trajectory,prism_ar_synthetic,0.5434552057942966,0.7479395848809074,0.26159587246735805,trajectory
near_miss_0028,0.0,0.0,0.0,0.0,1.0,0.0,"{'emergency': 10, 'advisory': 20, 'intervention': 10}",0.5,0.5,0.0,0.0,0.0,0.0,-0.6189495872438204,1.0,2.7,0.3133212550347153,0.5128205128205129,0.395,58.60401957547798,"{'advisory': 34, 'intervention': 6}",no_trajectory,prism_ar_synthetic,0.5434552057942966,0.7417841666660802,0.25568764679634903,trajectory
near_miss_0029,0.0,0.0,0.0,0.0,1.0,0.0,"{'silent': 1, 'emergency': 10, 'advisory': 20, 'intervention': 9}",0.5,0.5,0.0,0.0,0.0,0.0,-0.6189495872438204,1.0,2.7,0.31203399895766637,0.5128205128205129,0.395,58.555600330245326,"{'advisory': 34, 'intervention': 6}",no_trajectory,prism_ar_synthetic,0.5434552057942967,0.7274193300181719,0.25676363002374075,trajectory
e9df548a3ee566c7_1981_clip000,0.0,0.0,0.0,0.0,0.0,0.0,"{'advisory': 41, 'intervention': 15}",0.5892857142857143,0.7321428571428571,0.0,0.0,0.0,0.0,-0.6061881843392659,0.0,0.0,3.760047674179077,0.7272727272727273,0.3,55.75398335833166,"{'silent': 8, 'advisory': 48}",no_weather,waymo,0.4461533597185225,0.6560177907074606,0.22397828439012096,trajectory
83d8b54e36003b1c_1459_clip000,0.0,0.0,0.0,0.0,0.0,0.0,{'silent': 61},1.0,0.0,0.0,0.0,0.0,0.0,0.0,0.0,0.0,17.652706146240234,0.0,0.0,81.83979353091648,{'silent': 61},no_weather,waymo,0.4461533597185226,0.0005274993409620221,0.009941570003790897,environmental
83d8b54e36003b1c_1451_clip000,0.0,0.0,0.0,0.0,0.0,0.0,{'silent': 60},1.0,0.0,0.0,0.0,0.0,0.0,0.0,0.0,0.0,17.652706146240234,0.0,0.0,81.83866715615703,{'silent': 60},no_weather,waymo,0.4461533597185226,0.0005362909964740885,0.00997032417359414,environmental
83d8b54e36003b1c_1452_clip000,0.0,0.0,0.0,0.0,0.0,0.0,"{'advisory': 3, 'silent': 49}",0.9423076923076923,0.057692307692307696,0.0,0.0,0.0,0.0,0.0,0.0,0.0,18.14910888671875,0.0,0.0,81.23385671763783,{'silent': 52},no_weather,waymo,0.4461533597185226,0.02164976219005204,0.00901720093065726,environmental
b9e482dcb539d3c0_2165_clip000,0.0,0.0,0.0,0.0,0.0,0.0,"{'advisory': 4, 'silent': 46, 'intervention': 1}",0.9803921568627451,0.0784313725490196,0.0,0.0,0.0,0.0,-0.5151549430847144,0.0,0.0,6.240941047668457,1.2,0.03431372549019608,73.983806044319,"{'advisory': 5, 'silent': 46}",no_weather,waymo,0.4553778079978575,0.07527901594291082,0.18475703858264556,environmental
0015197d-b916-43b6-bcaa-8a7d90d7b87d_26944_clip000,0.0,0.0,0.0,0.0,0.0,0.0,"{'silent': 1, 'advisory': 47, 'intervention': 16}",0.65625,0.734375,0.0,0.0,0.0,0.0,-0.5406548735632486,0.0,0.0,5.246325143903048,0.6349206349206349,0.31171875000000004,59.00413572470575,"{'advisory': 57, 'silent': 7}",no_weather,argoverse,0.4553778079978576,0.6283523008074451,0.13100609770521987,trajectory
0015197d-b916-43b6-bcaa-8a7d90d7b87d_26953_clip000,0.0,0.0,0.0,0.0,0.0,0.0,"{'silent': 1, 'advisory': 77, 'intervention': 16}",0.6808510638297872,0.8191489361702128,0.0,0.0,0.0,0.0,-0.6343318611081883,0.0,0.0,5.246325143903048,0.7526881720430108,0.29414893617021287,60.725024806375586,"{'silent': 15, 'advisory': 79}",no_weather,argoverse,0.4553778079978575,0.5720079713219565,0.12998745780171406,trajectory
0015197d-b916-43b6-bcaa-8a7d90d7b87d_26955_clip000,0.0,0.0,0.0,0.0,0.0,0.0,"{'advisory': 48, 'silent': 11, 'intervention': 13}",0.625,0.6666666666666666,0.0,0.0,0.0,0.0,-0.8246866347489057,0.0,0.0,5.246325143903048,1.267605633802817,0.22847222222222227,63.00177978165506,"{'advisory': 47, 'silent': 25}",no_weather,argoverse,0.4553778079978576,0.49940025396189747,0.12670334265245747,trajectory
0015197d-b916-43b6-bcaa-8a7d90d7b87d_26957_clip000,0.0,0.0,0.0,0.0,0.0,0.0,"{'silent': 1, 'advisory': 70, 'intervention': 16}",0.6551724137931034,0.8045977011494253,0.0,0.0,0.0,0.0,-0.6543075677650932,0.0,0.0,5.246325143903048,0.8139534883720929,0.28965517241379324,60.81554492396043,"{'silent': 15, 'advisory': 72}",no_weather,argoverse,0.4553778079978576,0.5733386954739799,0.12563939639686242,trajectory
0015197d-b916-43b6-bcaa-8a7d90d7b87d_26966_clip000,0.0,0.0,0.0,0.0,0.0,0.0,"{'advisory': 45, 'intervention': 16}",0.6721311475409836,0.7377049180327869,0.0,0.0,0.0,0.0,-0.42880178141180275,0.0,0.0,5.246325143903048,0.6666666666666666,0.32704918032786895,58.34540727467132,"{'advisory': 57, 'silent': 4}",no_weather,argoverse,0.4553778079978576,0.6451243231797266,0.13619169033408612,trajectory
0015197d-b916-43b6-bcaa-8a7d90d7b87d_27022_clip000,0.0,0.0,0.0,0.0,0.0,0.0,"{'silent': 1, 'advisory': 47, 'intervention': 16}",0.65625,0.734375,0.0,0.0,0.0,0.0,-0.5406548735632486,0.0,0.0,5.246325143903048,0.6349206349206349,0.31171875000000004,59.00413572470575,"{'advisory': 57, 'silent': 7}",no_weather,argoverse,0.4553778079978575,0.6283523008074451,0.13100609770521987,trajectory
001749f1-bc1c-47fb-a13f-9ab1f2c050a8_7637_clip000,0.0,0.0,0.0,0.0,0.0,0.0,"{'advisory': 20, 'silent': 31}",0.6274509803921569,0.39215686274509803,0.0,0.0,0.0,0.0,-0.24019223070763068,0.0,0.0,13.0779597103601,0.4,0.006862745098039216,72.93675339787745,"{'advisory': 1, 'silent': 50}",no_weather,argoverse,0.4553778079978575,0.26573653078248266,0.02920127862445888,environmental
001749f1-bc1c-47fb-a13f-9ab1f2c050a8_7719_clip000,0.0,0.0,0.0,0.0,0.0,0.0,"{'advisory': 23, 'silent': 31}",0.5925925925925926,0.42592592592592593,0.0,0.0,0.0,0.0,-0.23354968324845687,0.0,0.0,13.0779597103601,0.37735849056603776,0.006481481481481481,72.842542776832,"{'advisory': 1, 'silent': 53}",no_weather,argoverse,0.4553778079978576,0.2691196941149072,0.028958469326882792,environmental
001749f1-bc1c-47fb-a13f-9ab1f2c050a8_7791_clip000,0.0,0.0,0.0,0.0,0.0,0.0,"{'advisory': 27, 'silent': 66}",0.7204301075268817,0.2903225806451613,0.0,0.0,0.0,0.0,-0.17864740025262407,0.0,0.0,13.0779597103601,0.2173913043478261,0.0037634408602150535,74.29116596281156,"{'advisory': 1, 'silent': 92}",no_weather,argoverse,0.4553778079978575,0.2307669370637009,0.019023786845436895,environmental
001749f1-bc1c-47fb-a13f-9ab1f2c050a8_7834_clip000,0.0,0.0,0.0,0.0,0.0,0.0,"{'advisory': 27, 'silent': 39}",0.6060606060606061,0.4090909090909091,0.0,0.0,0.0,0.0,-0.21160368475757946,0.0,0.0,13.0779597103601,0.3076923076923077,0.0053030303030303025,72.91726906403416,"{'advisory': 1, 'silent': 65}",no_weather,argoverse,0.4553778079978576,0.2694777290806787,0.026109558121039107,environmental
001d7c9e-4f80-4d1d-9ad9-5b6432c4fb36_7174_clip000,0.0,0.0,0.0,0.0,0.0,0.0,"{'advisory': 44, 'intervention': 20}",0.359375,0.6875,0.0,0.0,0.0,0.0,-0.8133501469468493,0.0,0.0,5.948764733383713,0.47619047619047616,0.23515625,61.89078955046505,"{'advisory': 43, 'silent': 21}",no_weather,argoverse,0.4553778079978574,0.6030828626031141,0.06005374171757451,trajectory
001e7a56-f046-4f05-bd8f-ddf320079eae_128636_clip000,0.0,0.0,0.0,0.0,0.0,0.0,{'silent': 50},1.0,0.0,0.0,0.0,0.0,0.0,0.0,0.0,0.0,7.46465415725576,0.0,0.0,77.08813556267081,{'silent': 50},no_weather,argoverse,0.4553778079978575,0.003045731664989117,0.15351267224884071,environmental
001e7a56-f046-4f05-bd8f-ddf320079eae_128706_clip000,0.0,0.0,0.0,0.0,0.0,0.0,{'silent': 76},1.0,0.0,0.0,0.0,0.0,0.0,0.0,0.0,0.0,7.504280071130132,0.0,0.0,77.21061345642075,{'silent': 76},no_weather,argoverse,0.4553778079978576,0.00011509726109841222,0.1523607101943993,environmental
00230ccd-4922-4f8c-b67f-ba70d0db22d3_80443_clip000,0.0,0.0,0.0,0.0,0.0,0.0,"{'silent': 22, 'advisory': 75}",0.6804123711340206,0.7731958762886598,0.0,0.0,0.0,0.0,-0.862335461974974,0.0,0.0,10.309420059594347,0.7291666666666667,0.15876288659793814,69.18722889347569,"{'silent': 53, 'advisory': 44}",no_weather,argoverse,0.4666227184390223,0.3725278436615736,0.03240090197054041,environmental
00230ccd-4922-4f8c-b67f-ba70d0db22d3_80484_clip000,0.0,0.0,0.0,0.0,0.0,0.0,"{'silent': 19, 'advisory': 75}",0.6702127659574468,0.7978723404255319,0.0,0.0,0.0,0.0,-0.8643083144797218,0.0,0.0,10.309420059594347,0.7526881720430108,0.16382978723404257,68.9309127286903,"{'silent': 50, 'advisory': 44}",no_weather,argoverse,0.4666227184390222,0.38003849351762287,0.03343412427400461,environmental
002ba35d-be70-4ce4-b15a-01a28e0ae801_124980_clip000,0.0,0.0,0.0,0.0,0.0,0.0,"{'advisory': 25, 'silent': 35, 'intervention': 15}",0.68,0.3333333333333333,0.0,0.0,0.0,0.0,-0.852992389807612,0.0,0.0,4.417922314372978,0.5405405405405405,0.14466666666666667,65.80964596881049,"{'advisory': 31, 'silent': 44}",no_weather,argoverse,0.4553778079978575,0.43762078540555127,0.09488727163695611,environmental
002ba35d-be70-4ce4-b15a-01a28e0ae801_124999_clip000,0.0,0.0,0.0,0.0,0.0,0.0,"{'advisory': 25, 'silent': 60, 'intervention': 15}",0.76,0.25,0.0,0.0,0.0,0.0,-0.8011018514631217,0.0,0.0,4.417922314372978,0.40404040404040403,0.1085,69.73892528417142,"{'advisory': 31, 'silent': 69}",no_weather,argoverse,0.4553778079978575,0.3283325846660251,0.07319949519778443,environmental
002ba35d-be70-4ce4-b15a-01a28e0ae801_125007_clip000,0.0,0.0,0.0,0.0,0.0,0.0,"{'advisory': 14, 'silent': 63, 'intervention': 9}",0.813953488372093,0.16279069767441862,0.0,0.0,0.0,0.0,-0.674063094054803,0.0,0.0,4.417922314372978,0.11764705882352941,0.06511627906976741,73.00835275095139,"{'advisory': 16, 'silent': 70}",no_weather,argoverse,0.4553778079978576,0.24463006416592806,0.0479211001385488,environmental
002ba35d-be70-4ce4-b15a-01a28e0ae801_125055_clip000,0.0,0.0,0.0,0.0,0.0,0.0,"{'advisory': 25, 'silent': 60, 'intervention': 15}",0.76,0.25,0.0,0.0,0.0,0.0,-0.8011018514631217,0.0,0.0,4.417922314372978,0.40404040404040403,0.10849999999999999,69.83185740363545,"{'advisory': 31, 'silent': 69}",no_weather,argoverse,0.4553778079978575,0.3257014602865319,0.07273288226180925,environmental
003363ad-fa78-45f9-a8d7-716f4ea6d586_28550_clip000,0.0,0.0,0.0,0.0,0.0,0.0,"{'emergency': 7, 'advisory': 44, 'silent': 37, 'intervention': 12}",0.54,0.44,0.0,0.0,0.0,0.0,-0.831425959970394,0.0,0.0,3.808646403469341,0.30303030303030304,0.12599999999999997,66.89785503904908,"{'advisory': 36, 'silent': 64}",no_weather,argoverse,0.4665456582408971,0.43997676115782286,0.041367193219345004,environmental
scene-0061_bbd6c47a20e34276bc6f2cfbc6ba6205_clip000,0.0,0.0,0.0,0.0,0.0,0.0,"{'silent': 7, 'advisory': 11, 'intervention': 2}",0.65,0.55,0.0,0.0,0.0,0.0,-0.8495907904857465,0.0,0.0,4.141439698693297,0.4166933610851112,0.13999999999999999,66.10911930414478,"{'advisory': 8, 'silent': 12}",no_weather,nuscenes,0.4553778079978576,0.39549714521560136,0.12702846731576262,environmental
scene-0061_3843d35144d84c02b387678f9bc7f2ed_clip000,0.0,0.0,0.0,0.0,1.0,0.0,"{'emergency': 3, 'advisory': 3, 'silent': 3, 'intervention': 3}",0.25,0.25,0.0,0.0,0.0,0.0,-0.916057224828689,1.0,3.448807,2.677125974241124,0.7274508866080475,0.22499999999999998,57.80438506093822,"{'advisory': 4, 'silent': 6, 'intervention': 2}",no_weather,nuscenes,0.4553778079978575,0.623187256739023,0.17616283056589266,trajectory
scene-0061_03d01c950f044575b69137f069345db0_clip000,0.0,0.0,0.0,0.0,0.0,0.0,"{'silent': 8, 'advisory': 10, 'intervention': 2}",0.7,0.5,0.0,0.0,0.0,0.0,-0.8495907904857465,0.0,0.0,4.141439698693297,0.41884031702442437,0.13999999999999999,66.6383080453583,"{'advisory': 8, 'silent': 12}",no_weather,nuscenes,0.4553778079978575,0.3765989543609045,0.12828703346334197,environmental
scene-0061_221dd725c6654412a04c71ced8ad6d03_clip000,0.0,0.0,0.0,0.0,1.0,0.0,"{'emergency': 3, 'advisory': 3, 'silent': 4, 'intervention': 3}",0.3076923076923077,0.23076923076923078,0.0,0.0,0.0,0.0,-0.9032906873947423,1.0,3.9486649999999996,2.677125974241124,0.6668321521790992,0.20769230769230768,59.275788247728805,"{'advisory': 4, 'silent': 7, 'intervention': 2}",no_weather,nuscenes,0.4553778079978576,0.5867811820928152,0.16352213231908083,trajectory
scene-0061_b4db946778484c2195efa320571f53dc_clip000,0.0,0.0,0.0,0.0,0.0,0.0,"{'advisory': 10, 'silent': 8, 'intervention': 2}",0.7,0.5,0.0,0.0,0.0,0.0,-0.8495907904857465,0.0,0.0,4.141439698693297,0.4166693576562682,0.13999999999999999,66.36669627859087,"{'advisory': 8, 'silent': 12}",no_weather,nuscenes,0.4553778079978576,0.3865214793445419,0.1274182340386189,environmental
scene-0061_e2f67391cb914b0cbdda3995dbc397f8_clip000,0.0,0.0,0.0,0.0,0.0,0.0,"{'silent': 7, 'advisory': 11, 'intervention': 2}",0.65,0.55,0.0,0.0,0.0,0.0,-0.8495907904857465,0.0,0.0,4.141439698693297,0.4166933610851112,0.13999999999999999,66.10911930414478,"{'advisory': 8, 'silent': 12}",no_weather,nuscenes,0.4553778079978575,0.39549714521560136,0.12702846731576262,environmental
scene-0061_95fc384cb4994ffe9a5caf914274ab22_clip000,0.0,0.0,0.0,0.0,0.0,0.0,"{'silent': 8, 'advisory': 10, 'intervention': 2}",0.7,0.5,0.0,0.0,0.0,0.0,-0.8495907904857465,0.0,0.0,4.141439698693297,0.41884031702442437,0.13999999999999999,66.6383080453583,"{'advisory': 8, 'silent': 12}",no_weather,nuscenes,0.4553778079978575,0.3765989543609045,0.12828703346334197,environmental
scene-0061_0e79e7bed1d543c9a00acfbf90ff60b3_clip000,0.0,0.0,0.0,0.0,1.0,0.0,"{'emergency': 3, 'advisory': 4, 'silent': 5, 'intervention': 3}",0.3333333333333333,0.26666666666666666,0.0,0.0,0.0,0.0,-0.8752550648647676,1.0,4.9987580000000005,2.677125974241124,0.5674882572492369,0.18,61.0812806506951,"{'advisory': 4, 'silent': 9, 'intervention': 2}",no_weather,nuscenes,0.4553778079978575,0.54323855245476,0.14688168185825978,trajectory
scene-0061_1bc410ff237c4c48b9b7b094a9eaeb4d_clip000,0.0,0.0,0.0,0.0,0.0,0.0,"{'advisory': 9, 'silent': 9, 'intervention': 2}",0.75,0.45,0.0,0.0,0.0,0.0,-0.8495907904857465,0.0,0.0,4.141439698693297,0.4187926501052322,0.13999999999999999,66.81767982736713,"{'advisory': 8, 'silent': 12}",no_weather,nuscenes,0.4553778079978576,0.36963627383358133,0.12927065459037115,environmental
scene-0061_71603dd1a2ba4e9daf095535e38310ac_clip000,0.0,0.0,0.0,0.0,0.0,0.0,"{'silent': 8, 'advisory': 10, 'intervention': 2}",0.7,0.5,0.0,0.0,0.0,0.0,-0.8495907904857465,0.0,0.0,4.141439698693297,0.41884031702442437,0.13999999999999999,66.6383080453583,"{'advisory': 8, 'silent': 12}",no_weather,nuscenes,0.4553778079978576,0.3765989543609045,0.12828703346334197,environmental
scene-0061_eb3da8843f614a90a48ddb6ee392c0c0_clip000,0.0,0.0,0.0,0.0,0.0,0.0,"{'silent': 8, 'advisory': 10, 'intervention': 2}",0.7,0.5,0.0,0.0,0.0,0.0,-0.8495907904857465,0.0,0.0,4.141439698693297,0.41884031702442437,0.13999999999999999,66.6383080453583,"{'advisory': 8, 'silent': 12}",no_weather,nuscenes,0.4553778079978575,0.3765989543609045,0.12828703346334197,environmental
scene-0061_070412f6a4f944e6a0a9e01ac1ea1fee_clip000,0.0,0.0,0.0,0.0,0.0,0.0,"{'silent': 9, 'advisory': 9, 'intervention': 2}",0.75,0.45,0.0,0.0,0.0,0.0,-0.8495907904857465,0.0,0.0,4.141439698693297,0.4187909839326652,0.13999999999999999,67.0788960129716,"{'advisory': 8, 'silent': 12}",no_weather,nuscenes,0.4553778079978576,0.3590979707181078,0.13110175151902867,environmental
scene-0061_e59d97d4403a48b88fbb6a58fc9959e6_clip000,0.0,0.0,0.0,0.0,0.0,0.0,"{'advisory': 9, 'silent': 9, 'intervention': 2}",0.75,0.45,0.0,0.0,0.0,0.0,-0.8495907904857465,0.0,0.0,4.141439698693297,0.4187926501052322,0.13999999999999999,66.81767982736713,"{'advisory': 8, 'silent': 12}",no_weather,nuscenes,0.4553778079978575,0.36963627383358133,0.12927065459037115,environmental
scene-0061_e1e148c7bcb14072822872a4cfc8e882_clip000,0.0,0.0,0.0,0.0,0.0,0.0,"{'advisory': 9, 'silent': 9, 'intervention': 2}",0.75,0.45,0.0,0.0,0.0,0.0,-0.8495907904857465,0.0,0.0,4.141439698693297,0.4187926501052322,0.13999999999999999,66.81767982736713,"{'advisory': 8, 'silent': 12}",no_weather,nuscenes,0.4553778079978575,0.36963627383358133,0.12927065459037115,environmental
scene-0061_f81722a685cc49eba454efbb3aec0331_clip000,0.0,0.0,0.0,0.0,0.0,0.0,"{'silent': 8, 'advisory': 10, 'intervention': 2}",0.7,0.5,0.0,0.0,0.0,0.0,-0.8495907904857465,0.0,0.0,4.141439698693297,0.41884031702442437,0.13999999999999999,66.6383080453583,"{'advisory': 8, 'silent': 12}",no_weather,nuscenes,0.4553778079978575,0.3765989543609045,0.12828703346334197,environmental
scene-0061_acc1b985c3b746cdbb22fc59bb41b774_clip000,0.0,0.0,0.0,0.0,0.0,0.0,"{'advisory': 9, 'silent': 9, 'intervention': 2}",0.75,0.45,0.0,0.0,0.0,0.0,-0.8495907904857465,0.0,0.0,4.141439698693297,0.4187926501052322,0.13999999999999999,66.81767982736713,"{'advisory': 8, 'silent': 12}",no_weather,nuscenes,0.4553778079978576,0.36963627383358133,0.12927065459037115,environmental
scene-0061_73ee514c205c483da3d1d04282337457_clip000,0.0,0.0,0.0,0.0,0.0,0.0,"{'advisory': 9, 'silent': 9, 'intervention': 2}",0.75,0.45,0.0,0.0,0.0,0.0,-0.8495907904857465,0.0,0.0,4.141439698693297,0.4187926501052322,0.13999999999999999,66.81767982736713,"{'advisory': 8, 'silent': 12}",no_weather,nuscenes,0.4553778079978575,0.36963627383358133,0.12927065459037115,environmental
scene-0061_9e6d680cd81942f5acdfbb07254f8f45_clip000,0.0,0.0,0.0,0.0,0.0,0.0,"{'advisory': 8, 'silent': 10, 'intervention': 2}",0.8,0.4,0.0,0.0,0.0,0.0,-0.8495907904857465,0.0,0.0,4.141439698693297,0.42098469794295307,0.13999999999999999,67.39728682119569,"{'advisory': 8, 'silent': 12}",no_weather,nuscenes,0.4553778079978575,0.3478910116289992,0.1316956836673338,environmental
scene-0061_1e775890010e4d97b74ca1d06441d023_clip000,0.0,0.0,0.0,0.0,0.0,0.0,{'silent': 11},1.0,0.0,0.0,0.0,0.0,0.0,0.0,0.0,0.0,11.844171317134732,0.0,0.0,78.03292927830381,{'silent': 11},no_weather,nuscenes,0.4553778079978576,0.08681894268625868,0.038246337373137866,environmental
scene-0061_203a688b840844b8ae16a2b07967ffad_clip000,0.0,0.0,0.0,0.0,0.0,0.0,{'silent': 11},1.0,0.0,0.0,0.0,0.0,0.0,0.0,0.0,0.0,11.844171317134732,0.0,0.0,78.03292927830381,{'silent': 11},no_weather,nuscenes,0.4553778079978575,0.08681894268625868,0.038246337373137866,environmental
scene-0103_3b19bb63d0924f4da3034819357d6c8b_clip000,0.0,0.0,0.0,0.0,0.0,0.0,"{'silent': 1, 'advisory': 4, 'intervention': 9}",0.2857142857142857,0.2857142857142857,0.0,0.0,0.0,0.0,-0.6076436202501999,0.0,0.0,5.779254636762074,0.15626379516316674,0.3,53.12647438517053,"{'silent': 2, 'advisory': 12}",no_weather,nuscenes,0.4553778079978576,0.8090241955228435,0.14625624764099515,trajectory
scene-0103_68a40df2846e4298af0417ea12721b5c_clip000,0.0,0.0,0.0,0.0,0.0,0.0,"{'advisory': 4, 'intervention': 9}",0.23076923076923078,0.3076923076923077,0.0,0.0,0.0,0.0,-0.4629100498862757,0.0,0.0,5.779254636762074,0.16666177792118098,0.3230769230769231,51.49487856108843,"{'silent': 1, 'advisory': 12}",no_weather,nuscenes,0.4553778079978576,0.8546523524873737,0.15501461814586853,trajectory
scene-0103_fa107c6dd0dc4d15b94b86cbf5b990c0_clip000,0.0,0.0,0.0,0.0,0.0,0.0,"{'silent': 3, 'advisory': 4, 'intervention': 9}",0.375,0.25,0.0,0.0,0.0,0.0,-0.7514691493021795,0.0,0.0,5.779254636762074,0.1351498372458085,0.26249999999999996,56.28000326541185,"{'silent': 4, 'advisory': 12}",no_weather,nuscenes,0.4553778079978576,0.717937023399007,0.13222579042345445,trajectory
scene-0103_ead6a822f86c432481c0a9d2e4e4f827_clip000,0.0,0.0,0.0,0.0,0.0,0.0,"{'silent': 1, 'advisory': 4, 'intervention': 9}",0.2857142857142857,0.2857142857142857,0.0,0.0,0.0,0.0,-0.6076436202501999,0.0,0.0,5.779254636762074,0.15626379516316674,0.3,53.12647438517054,"{'silent': 2, 'advisory': 12}",no_weather,nuscenes,0.4553778079978575,0.8090241955228435,0.14625624764099515,trajectory
scene-0103_99fbf1b9bf474215a4e8ad562bb7e9b2_clip000,0.0,0.0,0.0,0.0,0.0,0.0,"{'silent': 5, 'advisory': 4, 'intervention': 9}",0.4444444444444444,0.2222222222222222,0.0,0.0,0.0,0.0,-0.8177595307636584,0.0,0.0,5.779254636762074,0.11977275754256962,0.23333333333333328,58.64722091760705,"{'silent': 6, 'advisory': 12}",no_weather,nuscenes,0.4553778079978575,0.6492048237795562,0.12205073496973196,trajectory
scene-0103_6e71a9ceaf9a4974a1d07a2bd3544506_clip000,0.0,0.0,0.0,0.0,0.0,0.0,"{'silent': 6, 'advisory': 4, 'intervention': 9}",0.47368421052631576,0.21052631578947367,0.0,0.0,0.0,0.0,-0.8366600265340756,0.0,0.0,5.779254636762074,0.1129995980604297,0.22105263157894733,59.5571095200669,"{'silent': 7, 'advisory': 12}",no_weather,nuscenes,0.4553778079978575,0.6229158487153456,0.11801008995194755,trajectory
scene-0103_34aaf645a4174c6c8ff1874e6b33ccf6_clip000,0.0,0.0,0.0,0.0,0.0,0.0,"{'silent': 4, 'advisory': 4, 'intervention': 9}",0.4117647058823529,0.23529411764705882,0.0,0.0,0.0,0.0,-0.7905694150420949,0.0,0.0,5.779254636762074,0.12659756633902372,0.24705882352941172,57.51346307233929,"{'silent': 5, 'advisory': 12}",no_weather,nuscenes,0.4553778079978574,0.6823050263584968,0.12674246056638383,trajectory
scene-0103_b3412553d70f40b3a1d19a0eb8529a08_clip000,0.0,0.0,0.0,0.0,0.0,0.0,"{'advisory': 12, 'silent': 6, 'intervention': 2}",0.75,0.6,0.0,0.0,0.0,0.0,-0.8627635262664035,0.0,0.0,7.815466782298337,0.5262626092521175,0.1925,68.0949599718404,"{'advisory': 11, 'silent': 9}",no_weather,nuscenes,0.4553778079978575,0.37176724042587284,0.0845636831823041,environmental
scene-0103_e147a4c07e06487592fb5d6135c27a78_clip000,0.0,0.0,0.0,0.0,0.0,0.0,"{'advisory': 13, 'silent': 3, 'intervention': 4}",0.65,0.65,0.0,0.0,0.0,0.0,-0.7947194142390263,0.0,0.0,7.211785952341847,0.5235191501734575,0.24499999999999994,63.83315968700922,"{'advisory': 14, 'silent': 6}",no_weather,nuscenes,0.4553778079978574,0.5010480175931844,0.09734291550936497,trajectory
scene-0103_996d9e039f7a4838ac48d5409ca89732_clip000,0.0,0.0,0.0,0.0,0.0,0.0,"{'silent': 5, 'advisory': 4, 'intervention': 9}",0.4444444444444444,0.2222222222222222,0.0,0.0,0.0,0.0,-0.8177595307636584,0.0,0.0,5.779254636762074,0.11977275754256962,0.23333333333333328,58.64722091760705,"{'silent': 6, 'advisory': 12}",no_weather,nuscenes,0.4553778079978575,0.6492048237795562,0.12205073496973196,trajectory
scene-0103_72137291381349428afb1038d4e5898c_clip000,0.0,0.0,0.0,0.0,0.0,0.0,"{'silent': 5, 'advisory': 4, 'intervention': 9}",0.4444444444444444,0.2222222222222222,0.0,0.0,0.0,0.0,-0.8177595307636584,0.0,0.0,5.779254636762074,0.11977275754256962,0.23333333333333328,58.64722091760705,"{'silent': 6, 'advisory': 12}",no_weather,nuscenes,0.4553778079978576,0.6492048237795562,0.12205073496973196,trajectory
scene-0103_c34cb46c7be6486a85ee49653850b174_clip000,0.0,0.0,0.0,0.0,0.0,0.0,"{'silent': 6, 'advisory': 4, 'intervention': 9}",0.47368421052631576,0.21052631578947367,0.0,0.0,0.0,0.0,-0.8366600265340756,0.0,0.0,5.779254636762074,0.1129995980604297,0.22105263157894733,59.5571095200669,"{'silent': 7, 'advisory': 12}",no_weather,nuscenes,0.4553778079978576,0.6229158487153456,0.11801008995194755,trajectory
scene-0103_5d77c275683248658e7564ef24bf63b2_clip000,0.0,0.0,0.0,0.0,0.0,0.0,"{'silent': 6, 'advisory': 4, 'intervention': 9}",0.47368421052631576,0.21052631578947367,0.0,0.0,0.0,0.0,-0.8366600265340756,0.0,0.0,5.779254636762074,0.1129995980604297,0.22105263157894733,59.5571095200669,"{'silent': 7, 'advisory': 12}",no_weather,nuscenes,0.4553778079978575,0.6229158487153456,0.11801008995194755,trajectory
scene-0103_3c7331d16ac6439e9bd5a57d75976446_clip000,0.0,0.0,0.0,0.0,0.0,0.0,"{'advisory': 12, 'silent': 7, 'intervention': 1}",0.8,0.6,0.0,0.0,0.0,0.0,-0.8671099695241199,0.0,0.0,7.967399571723729,0.5262928541850912,0.175,69.5919631948841,"{'advisory': 10, 'silent': 10}",no_weather,nuscenes,0.4553778079978576,0.3273776510693439,0.07905316510404317,environmental
scene-0103_0809d64df9264121bead0772ee9b5984_clip000,0.0,0.0,0.0,0.0,0.0,0.0,"{'silent': 1, 'advisory': 10, 'intervention': 4}",0.5333333333333333,0.6666666666666666,0.0,0.0,0.0,0.0,-0.7676494735787384,0.0,0.0,7.211785952341847,0.714235309679574,0.25666666666666665,61.489647985027624,"{'silent': 4, 'advisory': 11}",no_weather,nuscenes,0.4553778079978575,0.5793695738784522,0.09713841595681723,trajectory
scene-0103_ad2ae385245f46d49b4d06f87e2ac544_clip000,0.0,0.0,0.0,0.0,0.0,0.0,"{'silent': 6, 'advisory': 4, 'intervention': 9}",0.47368421052631576,0.21052631578947367,0.0,0.0,0.0,0.0,-0.8366600265340756,0.0,0.0,5.779254636762074,0.1129995980604297,0.22105263157894733,59.5571095200669,"{'silent': 7, 'advisory': 12}",no_weather,nuscenes,0.4553778079978575,0.6229158487153456,0.11801008995194755,trajectory
scene-0103_09810748e6c04aacb393ebf14fafa5e8_clip000,0.0,0.0,0.0,0.0,0.0,0.0,"{'advisory': 12, 'silent': 8}",0.85,0.6,0.0,0.0,0.0,0.0,-0.8627635262664035,0.0,0.0,7.967399571723729,0.5263245984853852,0.1575,70.80951256302235,"{'advisory': 9, 'silent': 11}",no_weather,nuscenes,0.4553778079978575,0.2886705588185416,0.07717527841690383,environmental
scene-0103_4ce8f37952ad4203b1f5b23c728fb2e6_clip000,0.0,0.0,0.0,0.0,0.0,0.0,"{'advisory': 12, 'silent': 6, 'intervention': 2}",0.75,0.6,0.0,0.0,0.0,0.0,-0.8627635262664035,0.0,0.0,7.815466782298337,0.5262626092521175,0.1925,68.0949599718404,"{'advisory': 11, 'silent': 9}",no_weather,nuscenes,0.4553778079978575,0.37176724042587284,0.0845636831823041,environmental
scene-0103_c1fe224b76cc49e294847788c443e470_clip000,0.0,0.0,0.0,0.0,0.0,0.0,"{'advisory': 12, 'silent': 6, 'intervention': 2}",0.75,0.6,0.0,0.0,0.0,0.0,-0.8627635262664035,0.0,0.0,7.815466782298337,0.5262626092521175,0.1925,68.0949599718404,"{'advisory': 11, 'silent': 9}",no_weather,nuscenes,0.4553778079978575,0.37176724042587284,0.0845636831823041,environmental
scene-0103_608f6c85cd524242bc9d299c0a954f69_clip000,0.0,0.0,0.0,0.0,0.0,0.0,"{'advisory': 14, 'silent': 2, 'intervention': 4}",0.65,0.7,0.0,0.0,0.0,0.0,-0.7509392614826383,0.0,0.0,7.211785952341847,0.6282586335563197,0.2624999999999999,63.03494483776475,"{'advisory': 15, 'silent': 5}",no_weather,nuscenes,0.4553778079978575,0.5249905811176492,0.10000751362638247,trajectory
scene-0103_723af3d23fb445e3ab97669e85846445_clip000,0.0,0.0,0.0,0.0,0.0,0.0,"{'silent': 1, 'advisory': 8, 'intervention': 4}",0.46153846153846156,0.6153846153846154,0.0,0.0,0.0,0.0,-0.8017837257372732,0.0,0.0,7.211785952341847,0.6665847878352277,0.2423076923076923,61.002127968880615,"{'advisory': 9, 'silent': 4}",no_weather,nuscenes,0.4553778079978576,0.596905714464854,0.09585294257531568,trajectory
scene-0553_19804c352c0a4767b61b8d0709d1db99_clip000,0.0,0.0,0.0,0.0,0.0,0.0,{'silent': 20},1.0,0.0,0.0,0.0,0.0,0.0,0.0,0.0,0.0,7.913043448354689,0.0,0.0,76.55167158087963,{'silent': 20},no_weather,nuscenes,0.4553778079978575,0.04786960659942179,0.12657093004078088,environmental
scene-0553_b61b72a5b5ad482e9bc94c203f75b8d4_clip000,0.0,0.0,0.0,0.0,0.0,0.0,{'silent': 20},1.0,0.0,0.0,0.0,0.0,0.0,0.0,0.0,0.0,7.913043448354689,0.0,0.0,76.4365183548154,{'silent': 20},no_weather,nuscenes,0.4553778079978576,0.05019408168907639,0.12808489581993357,environmental
scene-0553_21d4060224a946e5b66fd00749282e82_clip000,0.0,0.0,0.0,0.0,0.0,0.0,{'silent': 20},1.0,0.0,0.0,0.0,0.0,0.0,0.0,0.0,0.0,7.913043448354689,0.0,0.0,76.257261014288,{'silent': 20},no_weather,nuscenes,0.4553778079978576,0.056869043933661864,0.12738517825959472,environmental
scene-0553_340ccb3c0dcb492eaa032f0e4e3017bb_clip000,0.0,0.0,0.0,0.0,0.0,0.0,{'silent': 20},1.0,0.0,0.0,0.0,0.0,0.0,0.0,0.0,0.0,7.913043448354689,0.0,0.0,76.50253618037335,{'silent': 20},no_weather,nuscenes,0.4553778079978576,0.05582682127782261,0.12025156204592216,environmental
scene-0553_afd097377c71479ea8349eeae83b8143_clip000,0.0,0.0,0.0,0.0,0.0,0.0,{'silent': 20},1.0,0.0,0.0,0.0,0.0,0.0,0.0,0.0,0.0,7.913043448354689,0.0,0.0,76.50253618037335,{'silent': 20},no_weather,nuscenes,0.4553778079978576,0.05582682127782261,0.12025156204592216,environmental
scene-0553_18cdcf0d2340409b95140ea38a70fd2e_clip000,0.0,0.0,0.0,0.0,0.0,0.0,{'silent': 20},1.0,0.0,0.0,0.0,0.0,0.0,0.0,0.0,0.0,7.913043448354689,0.0,0.0,76.3379824722539,{'silent': 20},no_weather,nuscenes,0.4553778079978575,0.052570884490107814,0.12899262243761947,environmental
scene-0553_2397a588f42e4195bf7fb0148aa7a3d6_clip000,0.0,0.0,0.0,0.0,0.0,0.0,{'silent': 19},1.0,0.0,0.0,0.0,0.0,0.0,0.0,0.0,0.0,7.913043448354689,0.0,0.0,76.78309534779483,{'silent': 19},no_weather,nuscenes,0.4553778079978575,0.04279219713354413,0.1239342139428185,environmental
scene-0655_433e28f80ae9462eb927089896b5f669_clip000,0.0,0.0,0.0,0.0,0.0,0.0,"{'advisory': 9, 'silent': 9, 'intervention': 2}",0.85,0.45,0.0,0.0,0.0,0.0,-0.8671099695241199,0.0,0.0,9.303399999255339,0.947470648148879,0.175,68.75574353625338,"{'advisory': 10, 'silent': 10}",no_weather,nuscenes,0.4666227184390222,0.37752534624852974,0.04178624462432803,environmental
scene-0655_fe199544817e496aa7708a1db0af2108_clip000,0.0,0.0,0.0,0.0,0.0,0.0,"{'advisory': 9, 'silent': 9, 'intervention': 2}",0.85,0.45,0.0,0.0,0.0,0.0,-0.8671099695241199,0.0,0.0,9.303399999255339,0.947470648148879,0.175,68.75574353625338,"{'advisory': 10, 'silent': 10}",no_weather,nuscenes,0.4666227184390222,0.37752534624852974,0.04178624462432803,environmental
scene-0655_99d539b687cb4a46b8f1efc7204aa160_clip000,0.0,0.0,0.0,0.0,0.0,0.0,"{'advisory': 12, 'silent': 6, 'intervention': 2}",0.75,0.6,0.0,0.0,0.0,0.0,-0.8627635262664035,0.0,0.0,9.303399999255339,1.2562470811884223,0.19249999999999998,67.66422183757214,"{'advisory': 11, 'silent': 9}",no_weather,nuscenes,0.4666227184390222,0.4114819704021374,0.04421367709342794,environmental
scene-0757_4b086f653d5a47a79f73f1d4a4d956d8_clip000,0.0,0.0,0.0,0.0,0.0,0.0,{'silent': 11},1.0,0.0,0.0,0.0,0.0,0.0,0.0,0.0,0.0,15.367333636732997,0.0,0.0,80.34303066735096,{'silent': 11},no_weather,nuscenes,0.4665456582408971,0.019960905514055275,0.013210527919716353,environmental
scene-0757_3c16d6997c70488ab7e9dfd0fbec962e_clip000,0.0,0.0,0.0,0.0,0.0,0.0,{'silent': 11},1.0,0.0,0.0,0.0,0.0,0.0,0.0,0.0,0.0,15.367333636732997,0.0,0.0,80.34303066735096,{'silent': 11},no_weather,nuscenes,0.4665456582408971,0.019960905514055275,0.013210527919716353,environmental
scene-0796_a9ba2ffc5a95458c9bd1052be9bc24ad_clip000,0.0,0.0,0.0,0.0,0.0,0.0,"{'silent': 2, 'emergency': 1, 'advisory': 6, 'intervention': 4}",0.3076923076923077,0.46153846153846156,0.0,0.0,0.0,0.0,-0.8660254037844387,0.0,0.0,5.527536801495883,0.4917840910469395,0.18846153846153843,60.911072538707224,"{'silent': 6, 'advisory': 7}",no_weather,nuscenes,0.4553778079978576,0.6023153000030569,0.09347853804289244,trajectory
scene-0916_4591a9f392774001a2cf523286505ac9_clip000,0.0,0.0,0.0,0.0,0.0,0.0,"{'advisory': 10, 'silent': 9, 'intervention': 1}",0.9,0.5,0.0,0.0,0.0,0.0,-0.8671099695241199,0.0,0.0,5.928808108233976,0.42110866119449997,0.175,68.24744939600309,"{'advisory': 10, 'silent': 10}",no_weather,nuscenes,0.4553778079978575,0.33898640459538437,0.11226153820736898,environmental
scene-0916_c8fcea5cd6d344e69a92241622f58be7_clip000,0.0,0.0,0.0,0.0,0.0,0.0,"{'advisory': 10, 'silent': 9, 'intervention': 1}",0.9,0.5,0.0,0.0,0.0,0.0,-0.8671099695241199,0.0,0.0,5.928808108233976,0.42559222221702053,0.175,67.97909029134769,"{'advisory': 10, 'silent': 10}",no_weather,nuscenes,0.4553778079978576,0.3442826729834207,0.1159105733078462,environmental
scene-0916_cb5fdffa966345cdb9c7c186143b7857_clip000,0.0,0.0,0.0,0.0,0.0,0.0,"{'advisory': 9, 'silent': 10, 'intervention': 1}",0.95,0.45,0.0,0.0,0.0,0.0,-0.8671099695241199,0.0,0.0,5.928808108233976,0.42556822401230404,0.175,68.14627174188819,"{'advisory': 10, 'silent': 10}",no_weather,nuscenes,0.4553778079978575,0.3342747683169585,0.12034576295629189,environmental
scene-0916_de7bc639112c40ec9ebe406673f1487d_clip000,0.0,0.0,0.0,0.0,0.0,0.0,"{'advisory': 9, 'silent': 10, 'intervention': 1}",0.95,0.45,0.0,0.0,0.0,0.0,-0.8671099695241199,0.0,0.0,5.928808108233976,0.42556822401230404,0.175,68.14627174188819,"{'advisory': 10, 'silent': 10}",no_weather,nuscenes,0.4553778079978575,0.3342747683169585,0.12034576295629189,environmental
scene-0916_c2c271c1bc484bce81639bfda2083588_clip000,0.0,0.0,0.0,0.0,0.0,0.0,"{'advisory': 9, 'silent': 9, 'intervention': 1}",0.9473684210526315,0.47368421052631576,0.0,0.0,0.0,0.0,-0.8660254037844388,0.0,0.0,5.928808108233976,0.4494144186302051,0.18421052631578946,67.4919871269522,"{'advisory': 10, 'silent': 9}",no_weather,nuscenes,0.4553778079978575,0.34531424714725745,0.13111577129052607,environmental
scene-0916_af7483c35ffa4ad193d14bbac3b0ab4e_clip000,0.0,0.0,0.0,0.0,0.0,0.0,"{'advisory': 10, 'silent': 9, 'intervention': 1}",0.9,0.5,0.0,0.0,0.0,0.0,-0.8671099695241199,0.0,0.0,5.928808108233976,0.42111078919530776,0.175,68.39519915806088,"{'advisory': 10, 'silent': 10}",no_weather,nuscenes,0.4553778079978575,0.33683928391834117,0.10948366681581936,environmental
scene-0916_ebcd168fd25247f68482853796c9327f_clip000,0.0,0.0,0.0,0.0,0.0,0.0,"{'advisory': 9, 'silent': 10, 'intervention': 1}",0.95,0.45,0.0,0.0,0.0,0.0,-0.8671099695241199,0.0,0.0,5.928808108233976,0.42556822401230404,0.175,68.14627174188817,"{'advisory': 10, 'silent': 10}",no_weather,nuscenes,0.4553778079978576,0.3342747683169585,0.12034576295629189,environmental
scene-0916_9256b7cc27954e7bb5e3a3fb8c62474c_clip000,0.0,0.0,0.0,0.0,0.0,0.0,"{'advisory': 9, 'silent': 10, 'intervention': 1}",0.95,0.45,0.0,0.0,0.0,0.0,-0.8671099695241199,0.0,0.0,5.928808108233976,0.4255425987290745,0.175,67.88809808176617,"{'advisory': 10, 'silent': 10}",no_weather,nuscenes,0.4553778079978576,0.33753205017584365,0.1256942697681407,environmental
scene-0916_eeabbd601fff49c08c086829bfe13287_clip000,0.0,0.0,0.0,0.0,0.0,0.0,"{'advisory': 9, 'silent': 10, 'intervention': 1}",0.95,0.45,0.0,0.0,0.0,0.0,-0.8671099695241199,0.0,0.0,5.928808108233976,0.42556822401230404,0.175,68.14627174188819,"{'advisory': 10, 'silent': 10}",no_weather,nuscenes,0.4553778079978575,0.3342747683169585,0.12034576295629189,environmental
scene-0916_54ca0158a30a4d8291684544ddbeff3f_clip000,0.0,0.0,0.0,0.0,0.0,0.0,"{'advisory': 9, 'silent': 10, 'intervention': 1}",0.95,0.45,0.0,0.0,0.0,0.0,-0.8671099695241199,0.0,0.0,5.928808108233976,0.42556822401230404,0.175,68.14627174188817,"{'advisory': 10, 'silent': 10}",no_weather,nuscenes,0.4553778079978576,0.3342747683169585,0.12034576295629189,environmental
scene-0916_b825554384e042baba291f6f75c1ba49_clip000,0.0,0.0,0.0,0.0,0.0,0.0,"{'advisory': 10, 'silent': 9, 'intervention': 1}",0.9,0.5,0.0,0.0,0.0,0.0,-0.8671099695241199,0.0,0.0,5.928808108233976,0.42110866119449997,0.175,68.24744939600309,"{'advisory': 10, 'silent': 10}",no_weather,nuscenes,0.4553778079978576,0.33898640459538437,0.11226153820736898,environmental
scene-0916_b7ff9843f0bc4154a865230adb65a45d_clip000,0.0,0.0,0.0,0.0,0.0,0.0,"{'advisory': 10, 'silent': 9, 'intervention': 1}",0.9,0.5,0.0,0.0,0.0,0.0,-0.8671099695241199,0.0,0.0,5.928808108233976,0.42559222221702053,0.175,67.97909029134769,"{'advisory': 10, 'silent': 10}",no_weather,nuscenes,0.4553778079978576,0.3442826729834207,0.1159105733078462,environmental
scene-0916_4b8ef2beabcf4121af0f287cd1a7fd55_clip000,0.0,0.0,0.0,0.0,0.0,0.0,"{'advisory': 10, 'silent': 9, 'intervention': 1}",0.9,0.5,0.0,0.0,0.0,0.0,-0.8671099695241199,0.0,0.0,5.928808108233976,0.42110866119449997,0.175,68.24744939600309,"{'advisory': 10, 'silent': 10}",no_weather,nuscenes,0.4553778079978576,0.33898640459538437,0.11226153820736898,environmental
scene-0916_89eaf741be444d7e8fcc4748482d338d_clip000,0.0,0.0,0.0,0.0,0.0,0.0,"{'advisory': 9, 'silent': 10, 'intervention': 1}",0.95,0.45,0.0,0.0,0.0,0.0,-0.8671099695241199,0.0,0.0,5.928808108233976,0.4255425987290745,0.175,67.88809808176617,"{'advisory': 10, 'silent': 10}",no_weather,nuscenes,0.4553778079978576,0.33753205017584365,0.1256942697681407,environmental
scene-0916_e5a06b589b93428c867bd6a92ed6da93_clip000,0.0,0.0,0.0,0.0,0.0,0.0,"{'advisory': 10, 'silent': 9, 'intervention': 1}",0.9,0.5,0.0,0.0,0.0,0.0,-0.8671099695241199,0.0,0.0,5.928808108233976,0.42559222221702053,0.175,67.97909029134769,"{'advisory': 10, 'silent': 10}",no_weather,nuscenes,0.4553778079978575,0.3442826729834207,0.1159105733078462,environmental
scene-0916_68d411d0e8664a09b4c59787793b0b87_clip000,0.0,0.0,0.0,0.0,0.0,0.0,"{'advisory': 9, 'silent': 10, 'intervention': 1}",0.95,0.45,0.0,0.0,0.0,0.0,-0.8671099695241199,0.0,0.0,5.928808108233976,0.4255425987290745,0.175,67.88809808176617,"{'advisory': 10, 'silent': 10}",no_weather,nuscenes,0.4553778079978576,0.33753205017584365,0.1256942697681407,environmental
scene-0916_c6d85e602dd342d99758b41e64e86e12_clip000,0.0,0.0,0.0,0.0,0.0,0.0,"{'advisory': 10, 'silent': 9, 'intervention': 1}",0.9,0.5,0.0,0.0,0.0,0.0,-0.8671099695241199,0.0,0.0,5.928808108233976,0.42110866119449997,0.175,68.24744939600309,"{'advisory': 10, 'silent': 10}",no_weather,nuscenes,0.4553778079978576,0.33898640459538437,0.11226153820736898,environmental
scene-0916_c5a370e03491457485bfda760515e537_clip000,0.0,0.0,0.0,0.0,0.0,0.0,"{'advisory': 10, 'silent': 9, 'intervention': 1}",0.9,0.5,0.0,0.0,0.0,0.0,-0.8671099695241199,0.0,0.0,5.928808108233976,0.42110866119449997,0.175,68.24744939600309,"{'advisory': 10, 'silent': 10}",no_weather,nuscenes,0.4553778079978576,0.33898640459538437,0.11226153820736898,environmental
scene-1094_55f7fb5fa2854b0da825c2cd1c94b23b_clip000,0.0,0.0,0.0,0.0,0.0,0.0,"{'advisory': 7, 'silent': 10, 'intervention': 1}",0.7777777777777778,0.3888888888888889,0.0,0.0,0.0,0.0,-0.8673649643743679,0.0,0.0,3.706649448127391,0.11761523352504616,0.175,66.7101140976987,"{'advisory': 9, 'silent': 9}",no_weather,nuscenes,0.4553778079978575,0.30653363703923,0.19595881570700346,environmental
scene-1094_47304f98d3d3484d8af8d5e4c7428022_clip000,0.0,0.0,0.0,0.0,0.0,0.0,"{'advisory': 11, 'silent': 6, 'intervention': 3}",0.7,0.55,0.0,0.0,0.0,0.0,-0.7509392614826383,0.0,0.0,3.706649448127391,0.10520849377628634,0.2624999999999999,63.05318045844373,"{'advisory': 15, 'silent': 5}",no_weather,nuscenes,0.4553778079978576,0.4324739574656943,0.1919162832557047,environmental
scene-1094_3543efbc49b147c6a7151e945b999fe5_clip000,0.0,0.0,0.0,0.0,0.0,0.0,"{'advisory': 8, 'silent': 10, 'intervention': 1}",0.7894736842105263,0.42105263157894735,0.0,0.0,0.0,0.0,-0.8660254037844388,0.0,0.0,3.706649448127391,0.1110841670292639,0.18421052631578946,66.72683115947005,"{'advisory': 10, 'silent': 9}",no_weather,nuscenes,0.4553778079978575,0.3093379902424189,0.19259722711143631,environmental
scene-1094_d61323aefb8640da9d5258fae57c2d1c_clip000,0.0,0.0,0.0,0.0,0.0,0.0,"{'advisory': 8, 'silent': 10, 'intervention': 1}",0.7894736842105263,0.42105263157894735,0.0,0.0,0.0,0.0,-0.8660254037844388,0.0,0.0,3.706649448127391,0.1110841670292639,0.18421052631578946,66.72683115947005,"{'advisory': 10, 'silent': 9}",no_weather,nuscenes,0.4553778079978575,0.3093379902424189,0.19259722711143631,environmental
scene-1094_9777aa985269472595ff1ee88420008f_clip000,0.0,0.0,0.0,0.0,0.0,0.0,"{'advisory': 7, 'silent': 10, 'intervention': 1}",0.7777777777777778,0.3888888888888889,0.0,0.0,0.0,0.0,-0.8673649643743679,0.0,0.0,3.706649448127391,0.11761523352504616,0.175,66.7101140976987,"{'advisory': 9, 'silent': 9}",no_weather,nuscenes,0.4553778079978575,0.30653363703923,0.19595881570700346,environmental
scene-1094_e6505be7823b40858d669c34afba37c4_clip000,0.0,0.0,0.0,0.0,0.0,0.0,"{'advisory': 13, 'silent': 4, 'intervention': 3}",0.65,0.65,0.0,0.0,0.0,0.0,-0.693687975619296,0.0,0.0,3.706649448127391,0.31579452639663286,0.2799999999999999,62.48767086952934,"{'advisory': 16, 'silent': 4}",no_weather,nuscenes,0.4553778079978576,0.46070222310796316,0.18253833724391552,trajectory
scene-1094_9441225cd01f4730a02b5d8927063f53_clip000,0.0,0.0,0.0,0.0,0.0,0.0,"{'emergency': 1, 'advisory': 13, 'silent': 1, 'intervention': 5}",0.6,0.65,0.0,0.0,0.0,0.0,-0.3779644730092272,0.0,0.0,3.706649448127391,0.21051696440431802,0.3324999999999999,57.79559998635807,"{'silent': 1, 'advisory': 19}",no_weather,nuscenes,0.4553778079978575,0.6109733018353498,0.18866962128890452,trajectory
scene-1094_dc534f142fbf42afbdd38a1afae9df7f_clip000,0.0,0.0,0.0,0.0,0.0,0.0,"{'advisory': 5, 'silent': 10}",0.8,0.3333333333333333,0.0,0.0,0.0,0.0,-0.8504200642707612,0.0,0.0,3.706649448127391,0.1428588979807466,0.14,69.6524562854956,"{'advisory': 6, 'silent': 9}",no_weather,nuscenes,0.4553778079978576,0.2217277247504426,0.18268665506922718,environmental
scene-1094_2c761ca3c6e745ab8b7553a3f3dc937e_clip000,0.0,0.0,0.0,0.0,0.0,0.0,"{'advisory': 9, 'silent': 9, 'intervention': 2}",0.75,0.45,0.0,0.0,0.0,0.0,-0.8495907904857465,0.0,0.0,3.706649448127391,0.10580053551999058,0.21000000000000002,65.31040282493129,"{'advisory': 12, 'silent': 8}",no_weather,nuscenes,0.4553778079978575,0.3569579997462829,0.19219149542553088,environmental
scene-1094_155047a77309452a908e6c96ddd60b55_clip000,0.0,0.0,0.0,0.0,0.0,0.0,"{'advisory': 12, 'silent': 5, 'intervention': 3}",0.65,0.6,0.0,0.0,0.0,0.0,-0.7509392614826383,0.0,0.0,3.706649448127391,0.21052932968303545,0.2624999999999999,62.78995398149061,"{'advisory': 15, 'silent': 5}",no_weather,nuscenes,0.4553778079978575,0.4461260953390059,0.18703836128083035,environmental
scene-1094_8e992e7479094a61a550b951c1451092_clip000,0.0,0.0,0.0,0.0,0.0,0.0,"{'advisory': 13, 'silent': 4, 'intervention': 3}",0.65,0.65,0.0,0.0,0.0,0.0,-0.693687975619296,0.0,0.0,3.706649448127391,0.31579452639663286,0.2799999999999999,62.48767086952934,"{'advisory': 16, 'silent': 4}",no_weather,nuscenes,0.4553778079978575,0.46070222310796316,0.18253833724391552,trajectory
scene-1094_c530e58bfaaf4ba38bf0f66c11381d7b_clip000,0.0,0.0,0.0,0.0,0.0,0.0,"{'advisory': 13, 'silent': 4, 'intervention': 3}",0.65,0.65,0.0,0.0,0.0,0.0,-0.693687975619296,0.0,0.0,3.706649448127391,0.31579452639663286,0.2799999999999999,62.48767086952934,"{'advisory': 16, 'silent': 4}",no_weather,nuscenes,0.4553778079978575,0.46070222310796316,0.18253833724391552,trajectory
scene-1094_029357560fcc41db9973bd656d63547d_clip000,0.0,0.0,0.0,0.0,1.0,0.0,"{'emergency': 2, 'advisory': 13, 'intervention': 5}",0.6,0.65,0.0,0.0,0.0,0.0,-0.5209880722517277,1.0,0.0,2.8688461782870722,0.31577644375095254,0.3475,56.28366395434691,"{'silent': 1, 'advisory': 18, 'intervention': 1}",no_weather,nuscenes,0.4553778079978574,0.6472594484400758,0.20278134241788387,trajectory
scene-1094_19f0484e0ec84c0eb64c92698fe5e7e3_clip000,0.0,0.0,0.0,0.0,1.0,0.0,"{'emergency': 3, 'advisory': 8, 'intervention': 9}",0.35,0.4,0.0,0.0,0.0,0.0,-0.5209880722517277,1.0,3.5007889999999975,2.8688461782870722,0.4211327797964077,0.3474999999999999,53.710327974848916,"{'silent': 1, 'advisory': 18, 'intervention': 1}",no_weather,nuscenes,0.4553778079978575,0.7704661939072073,0.16535246293401865,trajectory
scene-1094_98e2b15c113a477a9f291b25194cab62_clip000,0.0,0.0,0.0,0.0,1.0,0.0,"{'silent': 1, 'emergency': 3, 'advisory': 6, 'intervention': 8}",0.3333333333333333,0.3333333333333333,0.0,0.0,0.0,0.0,-0.6488856845230503,1.0,4.499983,2.8688461782870722,0.5848798042758222,0.3277777777777777,53.310668901233,"{'silent': 2, 'advisory': 15, 'intervention': 1}",no_weather,nuscenes,0.4553778079978576,0.7914951016644928,0.1576455242972638,trajectory
scene-1094_1ab7d92d3ed3455ea628c6962906d4e7_clip000,0.0,0.0,0.0,0.0,1.0,0.0,"{'silent': 1, 'emergency': 3, 'advisory': 7, 'intervention': 9}",0.35,0.35,0.0,0.0,0.0,0.0,-0.6210590034081187,1.0,4.499983,2.8688461782870722,0.5236721272054059,0.3299999999999999,53.77957088049286,"{'silent': 2, 'advisory': 17, 'intervention': 1}",no_weather,nuscenes,0.4553778079978574,0.7779015511915128,0.1556090087949153,trajectory
scene-1100_0b2ba0a3a3874e4a9863541a7a65ec00_clip000,0.0,0.0,0.0,0.0,0.0,0.0,{'silent': 10},1.0,0.0,0.0,0.0,0.0,0.0,0.0,0.0,0.0,7.156893781968976,0.0,0.0,76.99924194740692,{'silent': 10},no_weather,nuscenes,0.4553778079978575,0.007344425929312862,0.1521770984933131,environmental
scene-1100_47b04d517ed64f92ad6af4c11233de34_clip000,0.0,0.0,0.0,0.0,0.0,0.0,{'silent': 20},1.0,0.0,0.0,0.0,0.0,0.0,0.0,0.0,0.0,8.255333802828359,0.0,0.0,78.1083419524239,{'silent': 20},no_weather,nuscenes,0.4553778079978576,0.0049856288977498855,0.11756589535764343,environmental
scene-1100_baa84e9048974b67a0c168a8bf946d3e_clip000,0.0,0.0,0.0,0.0,0.0,0.0,{'silent': 10},1.0,0.0,0.0,0.0,0.0,0.0,0.0,0.0,0.0,7.156893781968976,0.0,0.0,76.99924194740692,{'silent': 10},no_weather,nuscenes,0.4553778079978575,0.007344425929312862,0.1521770984933131,environmental
scene-1100_7a88efefda9f4fc3a30fa6a655978ada_clip000,0.0,0.0,0.0,0.0,0.0,0.0,{'silent': 20},1.0,0.0,0.0,0.0,0.0,0.0,0.0,0.0,0.0,8.395470031155442,0.0,0.0,78.27525277224193,{'silent': 20},no_weather,nuscenes,0.4553778079978575,0.0021141203738642284,0.11487370988759524,environmental
scene-1100_7c7ea45167174debb191420c7fb99649_clip000,0.0,0.0,0.0,0.0,0.0,0.0,{'silent': 20},1.0,0.0,0.0,0.0,0.0,0.0,0.0,0.0,0.0,8.214534625139017,0.0,0.0,77.98044307862412,{'silent': 20},no_weather,nuscenes,0.4553778079978575,0.0069894650535236675,0.11982535499519605,environmental
scene-1100_7b644b3fb6634f13bf30402c70770e3b_clip000,0.0,0.0,0.0,0.0,0.0,0.0,{'silent': 20},1.0,0.0,0.0,0.0,0.0,0.0,0.0,0.0,0.0,7.156893781968976,0.0,0.0,77.25756863578852,{'silent': 20},no_weather,nuscenes,0.4553778079978576,0.011552272105657044,0.13935836270424887,environmental
scene-1100_1c6ea643f2d04632ac5624e0072aa659_clip000,0.0,0.0,0.0,0.0,0.0,0.0,{'silent': 20},1.0,0.0,0.0,0.0,0.0,0.0,0.0,0.0,0.0,7.622279608464889,0.0,0.0,77.63877769872533,{'silent': 20},no_weather,nuscenes,0.4553778079978576,0.009943279356537523,0.12826038668880796,environmental
scene-1100_60e1ec6251134f9a8e2031b871a455d1_clip000,0.0,0.0,0.0,0.0,0.0,0.0,{'silent': 18},1.0,0.0,0.0,0.0,0.0,0.0,0.0,0.0,0.0,7.156893781968976,0.0,0.0,77.22630113176444,{'silent': 18},no_weather,nuscenes,0.4553778079978576,0.010824216413827352,0.14112866853021439,environmental
near_miss_0000,0.0,0.0,0.0,0.0,1.0,0.0,"{'emergency': 10, 'advisory': 20, 'intervention': 10}",0.55,0.5,0.0,0.0,0.4,0.0,-0.7595759229226662,1.0,2.3,0.6153846153846168,1.5384615384615385,0.4175000000000001,50.458138122931494,"{'emergency': 4, 'advisory': 30, 'silent': 2, 'intervention': 4}",no_weather,prism_ar_synthetic,0.5397726950094535,0.7468818488539501,0.18481662036906193,trajectory
near_miss_0001,0.0,0.0,0.0,0.0,1.0,0.0,"{'emergency': 10, 'advisory': 20, 'intervention': 10}",0.55,0.5,0.0,0.0,0.4,0.0,-0.7595759229226662,1.0,2.3,0.6322434491419031,1.5384615384615385,0.4175000000000001,50.45963707220375,"{'emergency': 4, 'advisory': 30, 'silent': 2, 'intervention': 4}",no_weather,prism_ar_synthetic,0.5397726950094535,0.7512170556341815,0.18043144861308885,trajectory
near_miss_0002,0.0,0.0,0.0,0.0,1.0,0.0,"{'emergency': 10, 'advisory': 22, 'intervention': 8}",0.55,0.55,0.0,0.0,0.4,0.0,-0.8093732047118852,1.0,2.3,0.6549155677158964,2.0512820512820515,0.4,51.576430928727405,"{'silent': 4, 'emergency': 4, 'advisory': 28, 'intervention': 4}",no_weather,prism_ar_synthetic,0.5397726950094535,0.7194864891298265,0.17493555323332186,trajectory
near_miss_0003,0.0,0.0,0.0,0.0,1.0,0.0,"{'emergency': 10, 'advisory': 20, 'intervention': 10}",0.55,0.5,0.0,0.0,0.4,0.0,-0.7595759229226662,1.0,2.3,0.6283376104558798,1.5384615384615385,0.4175000000000001,50.54701554731223,"{'emergency': 4, 'advisory': 30, 'silent': 2, 'intervention': 4}",no_weather,prism_ar_synthetic,0.5397726950094534,0.7473119877381194,0.1814239006722021,trajectory
near_miss_0004,0.0,0.0,0.0,0.0,1.0,0.0,"{'emergency': 10, 'advisory': 22, 'intervention': 8}",0.55,0.55,0.0,0.0,0.4,0.0,-0.8093732047118852,1.0,2.3,0.6447460000902581,2.0512820512820515,0.4,51.440909226608525,"{'silent': 4, 'emergency': 4, 'advisory': 28, 'intervention': 4}",no_weather,prism_ar_synthetic,0.5397726950094535,0.7215933442562432,0.17734608817753444,trajectory
near_miss_0005,0.0,0.0,0.0,0.0,1.0,0.0,"{'emergency': 10, 'advisory': 20, 'intervention': 10}",0.3,0.5,0.0,0.0,0.0,0.0,-0.8456461262797924,1.0,2.0,0.4753219694268166,1.0256410256410258,0.325,53.630217000157565,"{'advisory': 26, 'silent': 8, 'intervention': 6}",no_weather,prism_ar_synthetic,0.44568050410195287,0.7366640275302737,0.21475473366187053,trajectory
near_miss_0006,0.0,0.0,0.0,0.0,1.0,0.0,"{'emergency': 10, 'advisory': 20, 'intervention': 10}",0.3,0.5,0.0,0.0,0.0,0.0,-0.8456461262797924,1.0,2.0,0.4695338870846171,1.0256410256410258,0.325,53.25891646279958,"{'advisory': 26, 'silent': 8, 'intervention': 6}",no_weather,prism_ar_synthetic,0.44568050410195287,0.746113083197623,0.2176823625731203,trajectory
near_miss_0007,0.0,0.0,0.0,0.0,1.0,0.0,"{'emergency': 10, 'advisory': 20, 'intervention': 10}",0.3,0.5,0.0,0.0,0.0,0.0,-0.8456461262797924,1.0,2.0,0.4758958245791921,1.0256410256410258,0.325,53.53797753893646,"{'advisory': 26, 'silent': 8, 'intervention': 6}",no_weather,prism_ar_synthetic,0.44568050410195287,0.74002441822285,0.21446899167666383,trajectory
near_miss_0008,0.0,0.0,0.0,0.0,1.0,0.0,"{'emergency': 10, 'advisory': 20, 'intervention': 10}",0.3,0.5,0.0,0.0,0.0,0.0,-0.8456461262797924,1.0,2.0,0.47335688484785765,1.0256410256410258,0.325,53.465063911242375,"{'advisory': 26, 'silent': 8, 'intervention': 6}",no_weather,prism_ar_synthetic,0.44568050410195287,0.7411845224668736,0.2157393416891098,trajectory
near_miss_0009,0.0,0.0,0.0,0.0,1.0,0.0,"{'emergency': 10, 'advisory': 20, 'intervention': 10}",0.3,0.5,0.0,0.0,0.0,0.0,-0.8456461262797924,1.0,2.0,0.4757921665008333,1.0256410256410258,0.325,53.11659138691207,"{'advisory': 26, 'silent': 8, 'intervention': 6}",no_weather,prism_ar_synthetic,0.44568050410195287,0.7540190679713351,0.21452054699565903,trajectory
near_miss_0010,0.0,0.0,0.0,0.0,1.0,0.0,"{'emergency': 10, 'advisory': 20, 'intervention': 10}",0.3,0.5,0.0,0.0,0.0,0.0,-0.8456461262797924,1.0,2.4,0.4615384615384599,1.0256410256410258,0.325,53.51927250334886,"{'advisory': 26, 'silent': 8, 'intervention': 6}",no_weather,prism_ar_synthetic,0.43792338783161533,0.7515818765739685,0.21387785620558253,trajectory
near_miss_0011,0.0,0.0,0.0,0.0,1.0,0.0,"{'emergency': 10, 'advisory': 20, 'intervention': 10}",0.3,0.5,0.0,0.0,0.0,0.0,-0.8456461262797924,1.0,2.4,0.4734502033885555,1.0256410256410258,0.325,53.473746025624834,"{'advisory': 26, 'silent': 8, 'intervention': 6}",no_weather,prism_ar_synthetic,0.43792338783161533,0.7586433213922299,0.2083339606447881,trajectory
near_miss_0012,0.0,0.0,0.0,0.0,1.0,0.0,"{'emergency': 10, 'advisory': 20, 'intervention': 10}",0.3,0.5,0.0,0.0,0.0,0.0,-0.8456461262797924,1.0,2.4,0.49573541092699,1.0256410256410258,0.325,53.93984550208173,"{'advisory': 26, 'silent': 8, 'intervention': 6}",no_weather,prism_ar_synthetic,0.43792338783161533,0.7527017225620048,0.1987389102597835,trajectory
near_miss_0013,0.0,0.0,0.0,0.0,1.0,0.0,"{'emergency': 10, 'advisory': 20, 'intervention': 10}",0.275,0.5,0.0,0.0,0.0,0.0,-0.8615413635611239,1.0,2.4,0.5095358666587053,1.0256410256410258,0.31625000000000003,54.36022399550279,"{'advisory': 25, 'silent': 9, 'intervention': 6}",no_weather,prism_ar_synthetic,0.43792338783161533,0.7410925066410634,0.19633550973335645,trajectory
near_miss_0014,0.0,0.0,0.0,0.0,1.0,0.0,"{'emergency': 10, 'advisory': 22, 'intervention': 8}",0.3,0.55,0.0,0.0,0.0,0.0,-0.8753269007054402,1.0,2.4,0.5078401824379597,1.0256410256410258,0.3075,54.84192508446565,"{'advisory': 24, 'silent': 10, 'intervention': 6}",no_weather,prism_ar_synthetic,0.43792338783161533,0.7244042482234276,0.19696706518556345,trajectory
near_miss_0015,0.0,0.0,0.0,0.0,1.0,0.0,"{'emergency': 10, 'advisory': 18, 'silent': 3, 'intervention': 9}",0.325,0.45,0.0,0.0,0.0,0.0,-0.91919791776857,1.0,1.6,0.24056210088273064,0.7692307692307693,0.32125000000000004,52.181121598863925,"{'advisory': 20, 'silent': 11, 'intervention': 9}",no_weather,prism_ar_synthetic,0.43792338783161533,0.7210660500729189,0.2889987128561299,trajectory
near_miss_0016,0.0,0.0,0.0,0.0,1.0,0.0,"{'emergency': 9, 'advisory': 17, 'silent': 4, 'intervention': 10}",0.325,0.425,0.0,0.0,0.0,0.0,-0.917662935482247,1.0,1.5,0.2452933868068449,0.7692307692307693,0.30500000000000005,52.78267327296074,"{'advisory': 20, 'silent': 12, 'intervention': 8}",no_weather,prism_ar_synthetic,0.4379233878316152,0.7076865326317474,0.28232650782740765,trajectory
near_miss_0017,0.0,0.0,0.0,0.0,1.0,0.0,"{'emergency': 9, 'advisory': 17, 'silent': 4, 'intervention': 10}",0.325,0.425,0.0,0.0,0.0,0.0,-0.9255155035807995,1.0,1.6,0.24184195191866506,0.7692307692307693,0.3125,52.591067226195285,"{'advisory': 19, 'silent': 12, 'intervention': 9}",no_weather,prism_ar_synthetic,0.4379233878316152,0.7092387137445324,0.2871611949401376,trajectory
near_miss_0018,0.0,0.0,0.0,0.0,1.0,0.0,"{'emergency': 9, 'advisory': 17, 'silent': 4, 'intervention': 10}",0.325,0.425,0.0,0.0,0.0,0.0,-0.9255155035807995,1.0,1.6,0.24125037138591232,0.7692307692307693,0.3125,52.86977766353925,"{'advisory': 19, 'silent': 12, 'intervention': 9}",no_weather,prism_ar_synthetic,0.43792338783161533,0.6991020795879592,0.2880074811852452,trajectory
near_miss_0019,0.0,0.0,0.0,0.0,1.0,0.0,"{'emergency': 9, 'advisory': 17, 'silent': 4, 'intervention': 10}",0.325,0.425,0.0,0.0,0.0,0.0,-0.9261685782265114,1.0,1.6,0.23411014262864427,0.7692307692307693,0.3125,52.42955328002033,"{'advisory': 19, 'silent': 12, 'intervention': 9}",no_weather,prism_ar_synthetic,0.43792338783161533,0.7029198766858739,0.2988638302046281,trajectory
near_miss_0020,0.0,0.0,0.0,0.0,1.0,0.0,"{'emergency': 9, 'advisory': 15, 'silent': 6, 'intervention': 10}",0.375,0.375,0.1,0.0,0.0,0.0,-0.9363257351760343,1.0,1.4,0.17496594953789935,0.7692307692307693,0.31125,52.317034411336635,"{'advisory': 17, 'silent': 13, 'intervention': 10}",no_weather,prism_ar_synthetic,0.43792338783161533,0.6849541909394251,0.32058014490719994,trajectory
near_miss_0021,0.0,0.0,0.0,0.0,1.0,0.0,"{'emergency': 9, 'advisory': 16, 'silent': 5, 'intervention': 10}",0.35,0.4,0.1,0.0,0.0,0.0,-0.9363257351760343,1.0,1.4,0.17411637680404257,0.7692307692307693,0.31125,51.98523043446092,"{'advisory': 17, 'silent': 13, 'intervention': 10}",no_weather,prism_ar_synthetic,0.43792338783161533,0.6941718150407687,0.3224226533683807,trajectory
near_miss_0022,0.0,0.0,0.0,0.0,1.0,0.0,"{'emergency': 10, 'advisory': 16, 'silent': 5, 'intervention': 9}",0.325,0.4,0.0,0.0,0.0,0.0,-0.9363257351760343,1.0,1.4,0.17681065642235883,0.7692307692307693,0.31125,52.000254026622926,"{'advisory': 17, 'silent': 13, 'intervention': 10}",no_weather,prism_ar_synthetic,0.43792338783161544,0.6994332609028417,0.3166604211009068,trajectory
near_miss_0023,0.0,0.0,0.0,0.0,1.0,0.0,"{'emergency': 9, 'advisory': 15, 'silent': 6, 'intervention': 10}",0.35,0.375,0.0,0.0,0.0,0.0,-0.9308819347643332,1.0,1.4,0.1813968129945736,0.7692307692307693,0.3037500000000001,52.674443461856505,"{'advisory': 18, 'silent': 13, 'intervention': 9}",no_weather,prism_ar_synthetic,0.43792338783161533,0.6831842216360149,0.31043647919328116,trajectory
near_miss_0024,0.0,0.0,0.0,0.0,1.0,0.0,"{'emergency': 9, 'advisory': 16, 'silent': 5, 'intervention': 10}",0.325,0.4,0.0,0.0,0.0,0.0,-0.9308819347643332,1.0,1.4,0.17978840422355793,0.7692307692307693,0.3037500000000001,52.27521044539844,"{'advisory': 18, 'silent': 13, 'intervention': 9}",no_weather,prism_ar_synthetic,0.43792338783161533,0.6933867021946322,0.3135417658499325,trajectory
near_miss_0025,0.0,0.0,0.0,0.0,1.0,0.0,"{'silent': 1, 'emergency': 10, 'advisory': 20, 'intervention': 9}",0.675,0.5,0.2222222222222222,0.0,0.5,0.0,-0.8070413802734554,1.0,3.0,0.3076923076923066,1.0256410256410258,0.47125000000000006,48.694687567668225,"{'emergency': 5, 'advisory': 28, 'intervention': 7}",no_weather,prism_ar_synthetic,0.5397726950094534,0.7293945176994849,0.26108563669897,trajectory
near_miss_0026,0.0,0.0,0.0,0.0,1.0,0.0,"{'emergency': 10, 'advisory': 20, 'intervention': 10}",0.65,0.5,0.2,0.0,0.5,0.0,-0.808263245288446,1.0,3.0,0.29845871392230805,2.0512820512820515,0.45500000000000007,47.95684808236075,"{'silent': 1, 'emergency': 5, 'advisory': 28, 'intervention': 6}",no_weather,prism_ar_synthetic,0.5397726950094535,0.7495430974906475,0.26553170641805607,trajectory
near_miss_0027,0.0,0.0,0.0,0.0,1.0,0.0,"{'emergency': 10, 'advisory': 20, 'intervention': 10}",0.625,0.5,0.2,0.0,0.5,0.0,-0.848373055975532,1.0,3.0,0.30702222199253626,1.5384615384615385,0.45375,48.123028479173904,"{'silent': 2, 'emergency': 5, 'advisory': 26, 'intervention': 7}",no_weather,prism_ar_synthetic,0.5397726950094534,0.7479395848809074,0.26159587246735805,trajectory
near_miss_0028,0.0,0.0,0.0,0.0,1.0,0.0,"{'emergency': 10, 'advisory': 20, 'intervention': 10}",0.6,0.5,0.1,0.0,0.4,0.0,-0.8072441963174855,1.0,2.9,0.3133212550347153,1.5384615384615385,0.44875,48.48493779574899,"{'silent': 1, 'emergency': 4, 'advisory': 28, 'intervention': 7}",no_weather,prism_ar_synthetic,0.5397726950094535,0.7417841666660802,0.25568764679634903,trajectory
near_miss_0029,0.0,0.0,0.0,0.0,1.0,0.0,"{'silent': 1, 'emergency': 10, 'advisory': 20, 'intervention': 9}",0.625,0.5,0.2222222222222222,0.0,0.4,0.0,-0.8273494075984591,1.0,3.0,0.31203399895766637,1.5384615384615385,0.45625,48.88360339836447,"{'silent': 1, 'emergency': 4, 'advisory': 27, 'intervention': 8}",no_weather,prism_ar_synthetic,0.5397726950094535,0.7274193300181719,0.25676363002374075,trajectory
