scene_id,under_warning_rate,over_warning_rate,adaptive_under_warning_rate,adaptive_over_warning_rate,static_under_warning_rate,static_over_warning_rate,gt_tier_distribution,adaptive_tier_accuracy,static_tier_accuracy,adaptive_intervention_recall,static_intervention_recall,adaptive_emergency_recall,static_emergency_recall,cue_risk_monotonicity,shap_alignment,warning_lead_time_s,min_distance_m,cue_flicker_hz,visual_clutter,mean_score,tier_distribution,condition,dataset
e9df548a3ee566c7_1981_clip000,0.0,0.0,0.0,0.0,0.0,0.0,"{'advisory': 41, 'intervention': 15}",0.5892857142857143,0.7321428571428571,0.0,0.0,0.0,0.0,-0.6061881843392659,0.0,0.0,3.760047674179077,0.7272727272727273,0.3,55.75398335833166,"{'advisory': 48, 'silent': 8}",clean,waymo
0015197d-b916-43b6-bcaa-8a7d90d7b87d_26944_clip000,0.0,0.0,0.0,0.0,0.0,0.0,"{'advisory': 47, 'intervention': 16, 'silent': 1}",0.65625,0.734375,0.0,0.0,0.0,0.0,-0.5406548735632486,0.0,0.0,5.246325143903048,0.6349206349206349,0.31171875000000004,59.00413572470575,"{'advisory': 57, 'silent': 7}",clean,argoverse
0015197d-b916-43b6-bcaa-8a7d90d7b87d_26953_clip000,0.0,0.0,0.0,0.0,0.0,0.0,"{'advisory': 77, 'intervention': 16, 'silent': 1}",0.6808510638297872,0.8191489361702128,0.0,0.0,0.0,0.0,-0.6343318611081883,0.0,0.0,5.246325143903048,0.7526881720430108,0.29414893617021287,60.725024806375586,"{'advisory': 79, 'silent': 15}",clean,argoverse
0015197d-b916-43b6-bcaa-8a7d90d7b87d_26955_clip000,0.0,0.0,0.0,0.0,0.0,0.0,"{'advisory': 48, 'intervention': 13, 'silent': 11}",0.625,0.6666666666666666,0.0,0.0,0.0,0.0,-0.8246866347489057,0.0,0.0,5.246325143903048,1.267605633802817,0.22847222222222227,63.00177978165506,"{'advisory': 47, 'silent': 25}",clean,argoverse
0015197d-b916-43b6-bcaa-8a7d90d7b87d_26957_clip000,0.0,0.0,0.0,0.0,0.0,0.0,"{'advisory': 70, 'intervention': 16, 'silent': 1}",0.6551724137931034,0.8045977011494253,0.0,0.0,0.0,0.0,-0.6543075677650932,0.0,0.0,5.246325143903048,0.8139534883720929,0.28965517241379324,60.81554492396043,"{'advisory': 72, 'silent': 15}",clean,argoverse
0015197d-b916-43b6-bcaa-8a7d90d7b87d_26966_clip000,0.0,0.0,0.0,0.0,0.0,0.0,"{'advisory': 45, 'intervention': 16}",0.6721311475409836,0.7377049180327869,0.0,0.0,0.0,0.0,-0.42880178141180275,0.0,0.0,5.246325143903048,0.6666666666666666,0.32704918032786895,58.34540727467132,"{'advisory': 57, 'silent': 4}",clean,argoverse
0015197d-b916-43b6-bcaa-8a7d90d7b87d_27022_clip000,0.0,0.0,0.0,0.0,0.0,0.0,"{'advisory': 47, 'intervention': 16, 'silent': 1}",0.65625,0.734375,0.0,0.0,0.0,0.0,-0.5406548735632486,0.0,0.0,5.246325143903048,0.6349206349206349,0.31171875000000004,59.00413572470575,"{'advisory': 57, 'silent': 7}",clean,argoverse
001749f1-bc1c-47fb-a13f-9ab1f2c050a8_7637_clip000,0.0,0.0,0.0,0.0,0.0,0.0,"{'advisory': 20, 'silent': 31}",0.6274509803921569,0.39215686274509803,0.0,0.0,0.0,0.0,-0.24019223070763068,0.0,0.0,13.0779597103601,0.4,0.006862745098039216,72.93675339787745,"{'advisory': 1, 'silent': 50}",clean,argoverse
001749f1-bc1c-47fb-a13f-9ab1f2c050a8_7719_clip000,0.0,0.0,0.0,0.0,0.0,0.0,"{'advisory': 23, 'silent': 31}",0.5925925925925926,0.42592592592592593,0.0,0.0,0.0,0.0,-0.23354968324845687,0.0,0.0,13.0779597103601,0.37735849056603776,0.006481481481481481,72.842542776832,"{'advisory': 1, 'silent': 53}",clean,argoverse
001749f1-bc1c-47fb-a13f-9ab1f2c050a8_7791_clip000,0.0,0.0,0.0,0.0,0.0,0.0,"{'advisory': 27, 'silent': 66}",0.7204301075268817,0.2903225806451613,0.0,0.0,0.0,0.0,-0.17864740025262407,0.0,0.0,13.0779597103601,0.2173913043478261,0.0037634408602150535,74.29116596281156,"{'advisory': 1, 'silent': 92}",clean,argoverse
001749f1-bc1c-47fb-a13f-9ab1f2c050a8_7834_clip000,0.0,0.0,0.0,0.0,0.0,0.0,"{'advisory': 27, 'silent': 39}",0.6060606060606061,0.4090909090909091,0.0,0.0,0.0,0.0,-0.21160368475757946,0.0,0.0,13.0779597103601,0.3076923076923077,0.0053030303030303025,72.91726906403416,"{'advisory': 1, 'silent': 65}",clean,argoverse
scene-0061_bbd6c47a20e34276bc6f2cfbc6ba6205_clip000,0.0,0.0,0.0,0.0,0.0,0.0,"{'advisory': 11, 'intervention': 2, 'silent': 7}",0.65,0.55,0.0,0.0,0.0,0.0,-0.8495907904857465,0.0,0.0,4.141439698693297,0.4166933610851112,0.13999999999999999,66.10911930414478,"{'advisory': 8, 'silent': 12}",clean,nuscenes
scene-0061_3843d35144d84c02b387678f9bc7f2ed_clip000,0.0,0.0,0.0,0.0,1.0,0.0,"{'advisory': 3, 'emergency': 3, 'intervention': 3, 'silent': 3}",0.25,0.25,0.0,0.0,0.0,0.0,-0.916057224828689,1.0,3.448807,2.677125974241124,0.7274508866080475,0.22499999999999998,57.80438506093822,"{'advisory': 4, 'intervention': 2, 'silent': 6}",clean,nuscenes
scene-0061_03d01c950f044575b69137f069345db0_clip000,0.0,0.0,0.0,0.0,0.0,0.0,"{'advisory': 10, 'intervention': 2, 'silent': 8}",0.7,0.5,0.0,0.0,0.0,0.0,-0.8495907904857465,0.0,0.0,4.141439698693297,0.41884031702442437,0.13999999999999999,66.6383080453583,"{'advisory': 8, 'silent': 12}",clean,nuscenes
scene-0061_221dd725c6654412a04c71ced8ad6d03_clip000,0.0,0.0,0.0,0.0,1.0,0.0,"{'advisory': 3, 'emergency': 3, 'intervention': 3, 'silent': 4}",0.3076923076923077,0.23076923076923078,0.0,0.0,0.0,0.0,-0.9032906873947423,1.0,3.9486649999999996,2.677125974241124,0.6668321521790992,0.20769230769230768,59.27578824772881,"{'advisory': 4, 'intervention': 2, 'silent': 7}",clean,nuscenes
scene-0061_b4db946778484c2195efa320571f53dc_clip000,0.0,0.0,0.0,0.0,0.0,0.0,"{'advisory': 10, 'intervention': 2, 'silent': 8}",0.7,0.5,0.0,0.0,0.0,0.0,-0.8495907904857465,0.0,0.0,4.141439698693297,0.4166693576562682,0.13999999999999999,66.36669627859088,"{'advisory': 8, 'silent': 12}",clean,nuscenes
scene-0061_e2f67391cb914b0cbdda3995dbc397f8_clip000,0.0,0.0,0.0,0.0,0.0,0.0,"{'advisory': 11, 'intervention': 2, 'silent': 7}",0.65,0.55,0.0,0.0,0.0,0.0,-0.8495907904857465,0.0,0.0,4.141439698693297,0.4166933610851112,0.13999999999999999,66.10911930414478,"{'advisory': 8, 'silent': 12}",clean,nuscenes
scene-0061_95fc384cb4994ffe9a5caf914274ab22_clip000,0.0,0.0,0.0,0.0,0.0,0.0,"{'advisory': 10, 'intervention': 2, 'silent': 8}",0.7,0.5,0.0,0.0,0.0,0.0,-0.8495907904857465,0.0,0.0,4.141439698693297,0.41884031702442437,0.13999999999999999,66.6383080453583,"{'advisory': 8, 'silent': 12}",clean,nuscenes
scene-0061_0e79e7bed1d543c9a00acfbf90ff60b3_clip000,0.0,0.0,0.0,0.0,1.0,0.0,"{'advisory': 4, 'emergency': 3, 'intervention': 3, 'silent': 5}",0.3333333333333333,0.26666666666666666,0.0,0.0,0.0,0.0,-0.8752550648647676,1.0,4.9987580000000005,2.677125974241124,0.5674882572492369,0.18,61.0812806506951,"{'advisory': 4, 'intervention': 2, 'silent': 9}",clean,nuscenes
scene-0061_1bc410ff237c4c48b9b7b094a9eaeb4d_clip000,0.0,0.0,0.0,0.0,0.0,0.0,"{'advisory': 9, 'intervention': 2, 'silent': 9}",0.75,0.45,0.0,0.0,0.0,0.0,-0.8495907904857465,0.0,0.0,4.141439698693297,0.4187926501052322,0.13999999999999999,66.81767982736713,"{'advisory': 8, 'silent': 12}",clean,nuscenes
scene-0061_71603dd1a2ba4e9daf095535e38310ac_clip000,0.0,0.0,0.0,0.0,0.0,0.0,"{'advisory': 10, 'intervention': 2, 'silent': 8}",0.7,0.5,0.0,0.0,0.0,0.0,-0.8495907904857465,0.0,0.0,4.141439698693297,0.41884031702442437,0.13999999999999999,66.6383080453583,"{'advisory': 8, 'silent': 12}",clean,nuscenes
scene-0061_eb3da8843f614a90a48ddb6ee392c0c0_clip000,0.0,0.0,0.0,0.0,0.0,0.0,"{'advisory': 10, 'intervention': 2, 'silent': 8}",0.7,0.5,0.0,0.0,0.0,0.0,-0.8495907904857465,0.0,0.0,4.141439698693297,0.41884031702442437,0.13999999999999999,66.6383080453583,"{'advisory': 8, 'silent': 12}",clean,nuscenes
scene-0061_070412f6a4f944e6a0a9e01ac1ea1fee_clip000,0.0,0.0,0.0,0.0,0.0,0.0,"{'advisory': 9, 'intervention': 2, 'silent': 9}",0.75,0.45,0.0,0.0,0.0,0.0,-0.8495907904857465,0.0,0.0,4.141439698693297,0.4187909839326652,0.13999999999999999,67.0788960129716,"{'advisory': 8, 'silent': 12}",clean,nuscenes
scene-0061_e59d97d4403a48b88fbb6a58fc9959e6_clip000,0.0,0.0,0.0,0.0,0.0,0.0,"{'advisory': 9, 'intervention': 2, 'silent': 9}",0.75,0.45,0.0,0.0,0.0,0.0,-0.8495907904857465,0.0,0.0,4.141439698693297,0.4187926501052322,0.13999999999999999,66.81767982736713,"{'advisory': 8, 'silent': 12}",clean,nuscenes
scene-0061_e1e148c7bcb14072822872a4cfc8e882_clip000,0.0,0.0,0.0,0.0,0.0,0.0,"{'advisory': 9, 'intervention': 2, 'silent': 9}",0.75,0.45,0.0,0.0,0.0,0.0,-0.8495907904857465,0.0,0.0,4.141439698693297,0.4187926501052322,0.13999999999999999,66.81767982736713,"{'advisory': 8, 'silent': 12}",clean,nuscenes
scene-0061_f81722a685cc49eba454efbb3aec0331_clip000,0.0,0.0,0.0,0.0,0.0,0.0,"{'advisory': 10, 'intervention': 2, 'silent': 8}",0.7,0.5,0.0,0.0,0.0,0.0,-0.8495907904857465,0.0,0.0,4.141439698693297,0.41884031702442437,0.13999999999999999,66.6383080453583,"{'advisory': 8, 'silent': 12}",clean,nuscenes
scene-0061_acc1b985c3b746cdbb22fc59bb41b774_clip000,0.0,0.0,0.0,0.0,0.0,0.0,"{'advisory': 9, 'intervention': 2, 'silent': 9}",0.75,0.45,0.0,0.0,0.0,0.0,-0.8495907904857465,0.0,0.0,4.141439698693297,0.4187926501052322,0.13999999999999999,66.81767982736713,"{'advisory': 8, 'silent': 12}",clean,nuscenes
scene-0061_73ee514c205c483da3d1d04282337457_clip000,0.0,0.0,0.0,0.0,0.0,0.0,"{'advisory': 9, 'intervention': 2, 'silent': 9}",0.75,0.45,0.0,0.0,0.0,0.0,-0.8495907904857465,0.0,0.0,4.141439698693297,0.4187926501052322,0.13999999999999999,66.81767982736713,"{'advisory': 8, 'silent': 12}",clean,nuscenes
scene-0061_9e6d680cd81942f5acdfbb07254f8f45_clip000,0.0,0.0,0.0,0.0,0.0,0.0,"{'advisory': 8, 'intervention': 2, 'silent': 10}",0.8,0.4,0.0,0.0,0.0,0.0,-0.8495907904857465,0.0,0.0,4.141439698693297,0.42098469794295307,0.13999999999999999,67.39728682119569,"{'advisory': 8, 'silent': 12}",clean,nuscenes
scene-0061_1e775890010e4d97b74ca1d06441d023_clip000,0.0,0.0,0.0,0.0,0.0,0.0,{'silent': 11},1.0,0.0,0.0,0.0,0.0,0.0,0.0,0.0,0.0,11.844171317134732,0.0,0.0,78.03292927830381,{'silent': 11},clean,nuscenes
scene-0061_203a688b840844b8ae16a2b07967ffad_clip000,0.0,0.0,0.0,0.0,0.0,0.0,{'silent': 11},1.0,0.0,0.0,0.0,0.0,0.0,0.0,0.0,0.0,11.844171317134732,0.0,0.0,78.03292927830381,{'silent': 11},clean,nuscenes
scene-0103_3b19bb63d0924f4da3034819357d6c8b_clip000,0.0,0.0,0.0,0.0,0.0,0.0,"{'advisory': 4, 'intervention': 9, 'silent': 1}",0.2857142857142857,0.2857142857142857,0.0,0.0,0.0,0.0,-0.6076436202501999,0.0,0.0,5.779254636762074,0.15626379516316674,0.3,53.12647438517053,"{'advisory': 12, 'silent': 2}",clean,nuscenes
scene-0103_68a40df2846e4298af0417ea12721b5c_clip000,0.0,0.0,0.0,0.0,0.0,0.0,"{'advisory': 4, 'intervention': 9}",0.23076923076923078,0.3076923076923077,0.0,0.0,0.0,0.0,-0.4629100498862757,0.0,0.0,5.779254636762074,0.16666177792118098,0.3230769230769231,51.49487856108843,"{'advisory': 12, 'silent': 1}",clean,nuscenes
scene-0103_fa107c6dd0dc4d15b94b86cbf5b990c0_clip000,0.0,0.0,0.0,0.0,0.0,0.0,"{'advisory': 4, 'intervention': 9, 'silent': 3}",0.375,0.25,0.0,0.0,0.0,0.0,-0.7514691493021795,0.0,0.0,5.779254636762074,0.1351498372458085,0.26249999999999996,56.280003265411864,"{'advisory': 12, 'silent': 4}",clean,nuscenes
scene-0103_ead6a822f86c432481c0a9d2e4e4f827_clip000,0.0,0.0,0.0,0.0,0.0,0.0,"{'advisory': 4, 'intervention': 9, 'silent': 1}",0.2857142857142857,0.2857142857142857,0.0,0.0,0.0,0.0,-0.6076436202501999,0.0,0.0,5.779254636762074,0.15626379516316674,0.3,53.12647438517053,"{'advisory': 12, 'silent': 2}",clean,nuscenes
scene-0103_99fbf1b9bf474215a4e8ad562bb7e9b2_clip000,0.0,0.0,0.0,0.0,0.0,0.0,"{'advisory': 4, 'intervention': 9, 'silent': 5}",0.4444444444444444,0.2222222222222222,0.0,0.0,0.0,0.0,-0.8177595307636584,0.0,0.0,5.779254636762074,0.11977275754256962,0.23333333333333328,58.64722091760705,"{'advisory': 12, 'silent': 6}",clean,nuscenes
scene-0103_6e71a9ceaf9a4974a1d07a2bd3544506_clip000,0.0,0.0,0.0,0.0,0.0,0.0,"{'advisory': 4, 'intervention': 9, 'silent': 6}",0.47368421052631576,0.21052631578947367,0.0,0.0,0.0,0.0,-0.8366600265340756,0.0,0.0,5.779254636762074,0.1129995980604297,0.22105263157894733,59.5571095200669,"{'advisory': 12, 'silent': 7}",clean,nuscenes
scene-0103_34aaf645a4174c6c8ff1874e6b33ccf6_clip000,0.0,0.0,0.0,0.0,0.0,0.0,"{'advisory': 4, 'intervention': 9, 'silent': 4}",0.4117647058823529,0.23529411764705882,0.0,0.0,0.0,0.0,-0.7905694150420949,0.0,0.0,5.779254636762074,0.12659756633902372,0.24705882352941172,57.513463072339285,"{'advisory': 12, 'silent': 5}",clean,nuscenes
scene-0103_b3412553d70f40b3a1d19a0eb8529a08_clip000,0.0,0.0,0.0,0.0,0.0,0.0,"{'advisory': 12, 'intervention': 2, 'silent': 6}",0.75,0.6,0.0,0.0,0.0,0.0,-0.8627635262664035,0.0,0.0,7.815466782298337,0.5262626092521175,0.1925,68.0949599718404,"{'advisory': 11, 'silent': 9}",clean,nuscenes
scene-0103_e147a4c07e06487592fb5d6135c27a78_clip000,0.0,0.0,0.0,0.0,0.0,0.0,"{'advisory': 13, 'intervention': 4, 'silent': 3}",0.65,0.65,0.0,0.0,0.0,0.0,-0.7947194142390263,0.0,0.0,7.211785952341847,0.5235191501734575,0.24499999999999994,63.83315968700922,"{'advisory': 14, 'silent': 6}",clean,nuscenes
scene-0103_996d9e039f7a4838ac48d5409ca89732_clip000,0.0,0.0,0.0,0.0,0.0,0.0,"{'advisory': 4, 'intervention': 9, 'silent': 5}",0.4444444444444444,0.2222222222222222,0.0,0.0,0.0,0.0,-0.8177595307636584,0.0,0.0,5.779254636762074,0.11977275754256962,0.23333333333333328,58.64722091760705,"{'advisory': 12, 'silent': 6}",clean,nuscenes
scene-0103_72137291381349428afb1038d4e5898c_clip000,0.0,0.0,0.0,0.0,0.0,0.0,"{'advisory': 4, 'intervention': 9, 'silent': 5}",0.4444444444444444,0.2222222222222222,0.0,0.0,0.0,0.0,-0.8177595307636584,0.0,0.0,5.779254636762074,0.11977275754256962,0.23333333333333328,58.64722091760705,"{'advisory': 12, 'silent': 6}",clean,nuscenes
scene-0103_c34cb46c7be6486a85ee49653850b174_clip000,0.0,0.0,0.0,0.0,0.0,0.0,"{'advisory': 4, 'intervention': 9, 'silent': 6}",0.47368421052631576,0.21052631578947367,0.0,0.0,0.0,0.0,-0.8366600265340756,0.0,0.0,5.779254636762074,0.1129995980604297,0.22105263157894733,59.5571095200669,"{'advisory': 12, 'silent': 7}",clean,nuscenes
scene-0103_5d77c275683248658e7564ef24bf63b2_clip000,0.0,0.0,0.0,0.0,0.0,0.0,"{'advisory': 4, 'intervention': 9, 'silent': 6}",0.47368421052631576,0.21052631578947367,0.0,0.0,0.0,0.0,-0.8366600265340756,0.0,0.0,5.779254636762074,0.1129995980604297,0.22105263157894733,59.5571095200669,"{'advisory': 12, 'silent': 7}",clean,nuscenes
scene-0103_3c7331d16ac6439e9bd5a57d75976446_clip000,0.0,0.0,0.0,0.0,0.0,0.0,"{'advisory': 12, 'intervention': 1, 'silent': 7}",0.8,0.6,0.0,0.0,0.0,0.0,-0.8671099695241199,0.0,0.0,7.967399571723729,0.5262928541850912,0.175,69.5919631948841,"{'advisory': 10, 'silent': 10}",clean,nuscenes
scene-0103_0809d64df9264121bead0772ee9b5984_clip000,0.0,0.0,0.0,0.0,0.0,0.0,"{'advisory': 10, 'intervention': 4, 'silent': 1}",0.5333333333333333,0.6666666666666666,0.0,0.0,0.0,0.0,-0.7676494735787384,0.0,0.0,7.211785952341847,0.714235309679574,0.25666666666666665,61.489647985027624,"{'advisory': 11, 'silent': 4}",clean,nuscenes
scene-0103_ad2ae385245f46d49b4d06f87e2ac544_clip000,0.0,0.0,0.0,0.0,0.0,0.0,"{'advisory': 4, 'intervention': 9, 'silent': 6}",0.47368421052631576,0.21052631578947367,0.0,0.0,0.0,0.0,-0.8366600265340756,0.0,0.0,5.779254636762074,0.1129995980604297,0.22105263157894733,59.5571095200669,"{'advisory': 12, 'silent': 7}",clean,nuscenes
scene-0103_09810748e6c04aacb393ebf14fafa5e8_clip000,0.0,0.0,0.0,0.0,0.0,0.0,"{'advisory': 12, 'silent': 8}",0.85,0.6,0.0,0.0,0.0,0.0,-0.8627635262664035,0.0,0.0,7.967399571723729,0.5263245984853852,0.1575,70.80951256302235,"{'advisory': 9, 'silent': 11}",clean,nuscenes
scene-0103_4ce8f37952ad4203b1f5b23c728fb2e6_clip000,0.0,0.0,0.0,0.0,0.0,0.0,"{'advisory': 12, 'intervention': 2, 'silent': 6}",0.75,0.6,0.0,0.0,0.0,0.0,-0.8627635262664035,0.0,0.0,7.815466782298337,0.5262626092521175,0.1925,68.09495997184038,"{'advisory': 11, 'silent': 9}",clean,nuscenes
scene-0103_c1fe224b76cc49e294847788c443e470_clip000,0.0,0.0,0.0,0.0,0.0,0.0,"{'advisory': 12, 'intervention': 2, 'silent': 6}",0.75,0.6,0.0,0.0,0.0,0.0,-0.8627635262664035,0.0,0.0,7.815466782298337,0.5262626092521175,0.1925,68.0949599718404,"{'advisory': 11, 'silent': 9}",clean,nuscenes
scene-0103_608f6c85cd524242bc9d299c0a954f69_clip000,0.0,0.0,0.0,0.0,0.0,0.0,"{'advisory': 14, 'intervention': 4, 'silent': 2}",0.65,0.7,0.0,0.0,0.0,0.0,-0.7509392614826383,0.0,0.0,7.211785952341847,0.6282586335563197,0.2624999999999999,63.03494483776475,"{'advisory': 15, 'silent': 5}",clean,nuscenes
scene-0103_723af3d23fb445e3ab97669e85846445_clip000,0.0,0.0,0.0,0.0,0.0,0.0,"{'advisory': 8, 'intervention': 4, 'silent': 1}",0.46153846153846156,0.6153846153846154,0.0,0.0,0.0,0.0,-0.8017837257372732,0.0,0.0,7.211785952341847,0.6665847878352277,0.2423076923076923,61.002127968880615,"{'advisory': 9, 'silent': 4}",clean,nuscenes
scene-0553_19804c352c0a4767b61b8d0709d1db99_clip000,0.0,0.0,0.0,0.0,0.0,0.0,{'silent': 20},1.0,0.0,0.0,0.0,0.0,0.0,0.0,0.0,0.0,7.913043448354689,0.0,0.0,76.55167158087963,{'silent': 20},clean,nuscenes
scene-0553_b61b72a5b5ad482e9bc94c203f75b8d4_clip000,0.0,0.0,0.0,0.0,0.0,0.0,{'silent': 20},1.0,0.0,0.0,0.0,0.0,0.0,0.0,0.0,0.0,7.913043448354689,0.0,0.0,76.43651835481542,{'silent': 20},clean,nuscenes
scene-0553_21d4060224a946e5b66fd00749282e82_clip000,0.0,0.0,0.0,0.0,0.0,0.0,{'silent': 20},1.0,0.0,0.0,0.0,0.0,0.0,0.0,0.0,0.0,7.913043448354689,0.0,0.0,76.257261014288,{'silent': 20},clean,nuscenes
scene-0553_340ccb3c0dcb492eaa032f0e4e3017bb_clip000,0.0,0.0,0.0,0.0,0.0,0.0,{'silent': 20},1.0,0.0,0.0,0.0,0.0,0.0,0.0,0.0,0.0,7.913043448354689,0.0,0.0,76.50253618037337,{'silent': 20},clean,nuscenes
scene-0553_afd097377c71479ea8349eeae83b8143_clip000,0.0,0.0,0.0,0.0,0.0,0.0,{'silent': 20},1.0,0.0,0.0,0.0,0.0,0.0,0.0,0.0,0.0,7.913043448354689,0.0,0.0,76.50253618037335,{'silent': 20},clean,nuscenes
scene-0553_18cdcf0d2340409b95140ea38a70fd2e_clip000,0.0,0.0,0.0,0.0,0.0,0.0,{'silent': 20},1.0,0.0,0.0,0.0,0.0,0.0,0.0,0.0,0.0,7.913043448354689,0.0,0.0,76.3379824722539,{'silent': 20},clean,nuscenes
scene-0553_2397a588f42e4195bf7fb0148aa7a3d6_clip000,0.0,0.0,0.0,0.0,0.0,0.0,{'silent': 19},1.0,0.0,0.0,0.0,0.0,0.0,0.0,0.0,0.0,7.913043448354689,0.0,0.0,76.78309534779483,{'silent': 19},clean,nuscenes
scene-0655_433e28f80ae9462eb927089896b5f669_clip000,0.0,0.0,0.0,0.0,0.0,0.0,"{'advisory': 9, 'intervention': 2, 'silent': 9}",0.85,0.45,0.0,0.0,0.0,0.0,-0.8671099695241199,0.0,0.0,9.303399999255339,0.947470648148879,0.175,68.75574353625338,"{'advisory': 10, 'silent': 10}",clean,nuscenes
scene-0655_fe199544817e496aa7708a1db0af2108_clip000,0.0,0.0,0.0,0.0,0.0,0.0,"{'advisory': 9, 'intervention': 2, 'silent': 9}",0.85,0.45,0.0,0.0,0.0,0.0,-0.8671099695241199,0.0,0.0,9.303399999255339,0.947470648148879,0.175,68.75574353625338,"{'advisory': 10, 'silent': 10}",clean,nuscenes
scene-0655_99d539b687cb4a46b8f1efc7204aa160_clip000,0.0,0.0,0.0,0.0,0.0,0.0,"{'advisory': 12, 'intervention': 2, 'silent': 6}",0.75,0.6,0.0,0.0,0.0,0.0,-0.8627635262664035,0.0,0.0,9.303399999255339,1.2562470811884223,0.19249999999999998,67.66422183757214,"{'advisory': 11, 'silent': 9}",clean,nuscenes
scene-0757_4b086f653d5a47a79f73f1d4a4d956d8_clip000,0.0,0.0,0.0,0.0,0.0,0.0,{'silent': 11},1.0,0.0,0.0,0.0,0.0,0.0,0.0,0.0,0.0,15.367333636732997,0.0,0.0,80.34303066735096,{'silent': 11},clean,nuscenes
scene-0757_3c16d6997c70488ab7e9dfd0fbec962e_clip000,0.0,0.0,0.0,0.0,0.0,0.0,{'silent': 11},1.0,0.0,0.0,0.0,0.0,0.0,0.0,0.0,0.0,15.367333636732997,0.0,0.0,80.34303066735096,{'silent': 11},clean,nuscenes
scene-0796_a9ba2ffc5a95458c9bd1052be9bc24ad_clip000,0.0,0.0,0.0,0.0,0.0,0.0,"{'advisory': 6, 'silent': 2, 'intervention': 4, 'emergency': 1}",0.3076923076923077,0.46153846153846156,0.0,0.0,0.0,0.0,-0.8660254037844387,0.0,0.0,5.527536801495883,0.4917840910469395,0.18846153846153843,60.911072538707224,"{'advisory': 7, 'silent': 6}",clean,nuscenes
scene-0916_4591a9f392774001a2cf523286505ac9_clip000,0.0,0.0,0.0,0.0,0.0,0.0,"{'advisory': 10, 'intervention': 1, 'silent': 9}",0.9,0.5,0.0,0.0,0.0,0.0,-0.8671099695241199,0.0,0.0,5.928808108233976,0.42110866119449997,0.175,68.24744939600309,"{'advisory': 10, 'silent': 10}",clean,nuscenes
scene-0916_c8fcea5cd6d344e69a92241622f58be7_clip000,0.0,0.0,0.0,0.0,0.0,0.0,"{'advisory': 10, 'intervention': 1, 'silent': 9}",0.9,0.5,0.0,0.0,0.0,0.0,-0.8671099695241199,0.0,0.0,5.928808108233976,0.42559222221702053,0.175,67.97909029134769,"{'advisory': 10, 'silent': 10}",clean,nuscenes
scene-0916_cb5fdffa966345cdb9c7c186143b7857_clip000,0.0,0.0,0.0,0.0,0.0,0.0,"{'advisory': 9, 'intervention': 1, 'silent': 10}",0.95,0.45,0.0,0.0,0.0,0.0,-0.8671099695241199,0.0,0.0,5.928808108233976,0.42556822401230404,0.175,68.14627174188819,"{'advisory': 10, 'silent': 10}",clean,nuscenes
scene-0916_de7bc639112c40ec9ebe406673f1487d_clip000,0.0,0.0,0.0,0.0,0.0,0.0,"{'advisory': 9, 'intervention': 1, 'silent': 10}",0.95,0.45,0.0,0.0,0.0,0.0,-0.8671099695241199,0.0,0.0,5.928808108233976,0.42556822401230404,0.175,68.14627174188819,"{'advisory': 10, 'silent': 10}",clean,nuscenes
scene-0916_c2c271c1bc484bce81639bfda2083588_clip000,0.0,0.0,0.0,0.0,0.0,0.0,"{'advisory': 9, 'intervention': 1, 'silent': 9}",0.9473684210526315,0.47368421052631576,0.0,0.0,0.0,0.0,-0.8660254037844388,0.0,0.0,5.928808108233976,0.4494144186302051,0.18421052631578946,67.4919871269522,"{'advisory': 10, 'silent': 9}",clean,nuscenes
scene-0916_af7483c35ffa4ad193d14bbac3b0ab4e_clip000,0.0,0.0,0.0,0.0,0.0,0.0,"{'advisory': 10, 'intervention': 1, 'silent': 9}",0.9,0.5,0.0,0.0,0.0,0.0,-0.8671099695241199,0.0,0.0,5.928808108233976,0.42111078919530776,0.175,68.39519915806088,"{'advisory': 10, 'silent': 10}",clean,nuscenes
scene-0916_ebcd168fd25247f68482853796c9327f_clip000,0.0,0.0,0.0,0.0,0.0,0.0,"{'advisory': 9, 'intervention': 1, 'silent': 10}",0.95,0.45,0.0,0.0,0.0,0.0,-0.8671099695241199,0.0,0.0,5.928808108233976,0.42556822401230404,0.175,68.14627174188819,"{'advisory': 10, 'silent': 10}",clean,nuscenes
scene-0916_9256b7cc27954e7bb5e3a3fb8c62474c_clip000,0.0,0.0,0.0,0.0,0.0,0.0,"{'advisory': 9, 'intervention': 1, 'silent': 10}",0.95,0.45,0.0,0.0,0.0,0.0,-0.8671099695241199,0.0,0.0,5.928808108233976,0.4255425987290745,0.175,67.88809808176617,"{'advisory': 10, 'silent': 10}",clean,nuscenes
scene-0916_eeabbd601fff49c08c086829bfe13287_clip000,0.0,0.0,0.0,0.0,0.0,0.0,"{'advisory': 9, 'intervention': 1, 'silent': 10}",0.95,0.45,0.0,0.0,0.0,0.0,-0.8671099695241199,0.0,0.0,5.928808108233976,0.42556822401230404,0.175,68.14627174188817,"{'advisory': 10, 'silent': 10}",clean,nuscenes
scene-0916_54ca0158a30a4d8291684544ddbeff3f_clip000,0.0,0.0,0.0,0.0,0.0,0.0,"{'advisory': 9, 'intervention': 1, 'silent': 10}",0.95,0.45,0.0,0.0,0.0,0.0,-0.8671099695241199,0.0,0.0,5.928808108233976,0.42556822401230404,0.175,68.14627174188817,"{'advisory': 10, 'silent': 10}",clean,nuscenes
scene-0916_b825554384e042baba291f6f75c1ba49_clip000,0.0,0.0,0.0,0.0,0.0,0.0,"{'advisory': 10, 'intervention': 1, 'silent': 9}",0.9,0.5,0.0,0.0,0.0,0.0,-0.8671099695241199,0.0,0.0,5.928808108233976,0.42110866119449997,0.175,68.24744939600309,"{'advisory': 10, 'silent': 10}",clean,nuscenes
scene-0916_b7ff9843f0bc4154a865230adb65a45d_clip000,0.0,0.0,0.0,0.0,0.0,0.0,"{'advisory': 10, 'intervention': 1, 'silent': 9}",0.9,0.5,0.0,0.0,0.0,0.0,-0.8671099695241199,0.0,0.0,5.928808108233976,0.42559222221702053,0.175,67.97909029134769,"{'advisory': 10, 'silent': 10}",clean,nuscenes
scene-0916_4b8ef2beabcf4121af0f287cd1a7fd55_clip000,0.0,0.0,0.0,0.0,0.0,0.0,"{'advisory': 10, 'intervention': 1, 'silent': 9}",0.9,0.5,0.0,0.0,0.0,0.0,-0.8671099695241199,0.0,0.0,5.928808108233976,0.42110866119449997,0.175,68.24744939600309,"{'advisory': 10, 'silent': 10}",clean,nuscenes
scene-0916_89eaf741be444d7e8fcc4748482d338d_clip000,0.0,0.0,0.0,0.0,0.0,0.0,"{'advisory': 9, 'intervention': 1, 'silent': 10}",0.95,0.45,0.0,0.0,0.0,0.0,-0.8671099695241199,0.0,0.0,5.928808108233976,0.4255425987290745,0.175,67.88809808176617,"{'advisory': 10, 'silent': 10}",clean,nuscenes
scene-0916_e5a06b589b93428c867bd6a92ed6da93_clip000,0.0,0.0,0.0,0.0,0.0,0.0,"{'advisory': 10, 'intervention': 1, 'silent': 9}",0.9,0.5,0.0,0.0,0.0,0.0,-0.8671099695241199,0.0,0.0,5.928808108233976,0.42559222221702053,0.175,67.97909029134769,"{'advisory': 10, 'silent': 10}",clean,nuscenes
scene-0916_68d411d0e8664a09b4c59787793b0b87_clip000,0.0,0.0,0.0,0.0,0.0,0.0,"{'advisory': 9, 'intervention': 1, 'silent': 10}",0.95,0.45,0.0,0.0,0.0,0.0,-0.8671099695241199,0.0,0.0,5.928808108233976,0.4255425987290745,0.175,67.88809808176617,"{'advisory': 10, 'silent': 10}",clean,nuscenes
scene-0916_c6d85e602dd342d99758b41e64e86e12_clip000,0.0,0.0,0.0,0.0,0.0,0.0,"{'advisory': 10, 'intervention': 1, 'silent': 9}",0.9,0.5,0.0,0.0,0.0,0.0,-0.8671099695241199,0.0,0.0,5.928808108233976,0.42110866119449997,0.175,68.24744939600309,"{'advisory': 10, 'silent': 10}",clean,nuscenes
scene-0916_c5a370e03491457485bfda760515e537_clip000,0.0,0.0,0.0,0.0,0.0,0.0,"{'advisory': 10, 'intervention': 1, 'silent': 9}",0.9,0.5,0.0,0.0,0.0,0.0,-0.8671099695241199,0.0,0.0,5.928808108233976,0.42110866119449997,0.175,68.24744939600309,"{'advisory': 10, 'silent': 10}",clean,nuscenes
scene-1094_55f7fb5fa2854b0da825c2cd1c94b23b_clip000,0.0,0.0,0.0,0.0,1.0,0.0,"{'advisory': 7, 'intervention': 1, 'silent': 10}",0.5,0.3888888888888889,1.0,0.0,0.0,0.0,-0.5461186812727502,0.0,1.001964,3.706649448127391,0.3528457005751385,0.3472222222222221,58.2720524686074,"{'advisory': 16, 'intervention': 1, 'silent': 1}",clean,nuscenes
scene-1094_47304f98d3d3484d8af8d5e4c7428022_clip000,0.0,0.0,0.0,0.0,1.0,0.0,"{'advisory': 11, 'intervention': 3, 'silent': 6}",0.65,0.55,0.6666666666666666,0.0,0.0,0.0,-0.5202659817144719,0.0,4.003540000000001,3.706649448127391,0.42083397510514536,0.37999999999999995,54.61511882935245,"{'advisory': 18, 'intervention': 2}",clean,nuscenes
scene-1094_3543efbc49b147c6a7151e945b999fe5_clip000,0.0,0.0,0.0,0.0,1.0,0.0,"{'advisory': 8, 'intervention': 1, 'silent': 10}",0.5263157894736842,0.42105263157894735,1.0,0.0,0.0,0.0,-0.5331139899831832,0.0,1.5018470000000006,3.706649448127391,0.3332525010877917,0.3473684210526315,58.288769530378744,"{'advisory': 17, 'intervention': 1, 'silent': 1}",clean,nuscenes
scene-1094_d61323aefb8640da9d5258fae57c2d1c_clip000,0.0,0.0,0.0,0.0,1.0,0.0,"{'advisory': 8, 'intervention': 1, 'silent': 10}",0.5263157894736842,0.42105263157894735,1.0,0.0,0.0,0.0,-0.5331139899831832,0.0,1.5018470000000006,3.706649448127391,0.3332525010877917,0.3473684210526315,58.288769530378744,"{'advisory': 17, 'intervention': 1, 'silent': 1}",clean,nuscenes
scene-1094_9777aa985269472595ff1ee88420008f_clip000,0.0,0.0,0.0,0.0,1.0,0.0,"{'advisory': 7, 'intervention': 1, 'silent': 10}",0.5,0.3888888888888889,1.0,0.0,0.0,0.0,-0.5461186812727502,0.0,1.001964,3.706649448127391,0.3528457005751385,0.3472222222222221,58.2720524686074,"{'advisory': 16, 'intervention': 1, 'silent': 1}",clean,nuscenes
scene-1094_e6505be7823b40858d669c34afba37c4_clip000,0.0,0.0,0.0,0.0,1.0,0.0,"{'advisory': 13, 'intervention': 3, 'silent': 4}",0.75,0.65,0.6666666666666666,0.0,0.0,0.0,-0.5202659817144719,0.0,4.998771,3.706649448127391,0.42105936852884385,0.3799999999999999,54.049609240438045,"{'advisory': 18, 'intervention': 2}",clean,nuscenes
scene-1094_9441225cd01f4730a02b5d8927063f53_clip000,0.0,0.0,0.0,0.0,1.0,0.0,"{'advisory': 13, 'emergency': 1, 'intervention': 5, 'silent': 1}",0.85,0.65,0.8,0.0,0.0,0.0,-0.7509392614826383,0.0,6.999445000000001,3.706649448127391,0.526292411010795,0.425,49.35753835726678,"{'advisory': 15, 'intervention': 5}",clean,nuscenes
scene-1094_dc534f142fbf42afbdd38a1afae9df7f_clip000,0.0,0.0,0.0,0.0,0.0,0.0,"{'advisory': 5, 'silent': 10}",0.4,0.3333333333333333,0.0,0.0,0.0,0.0,-0.4330127018922193,0.0,0.0,3.706649448127391,0.1428588979807466,0.3266666666666666,61.214394656404316,"{'advisory': 14, 'silent': 1}",clean,nuscenes
scene-1094_2c761ca3c6e745ab8b7553a3f3dc937e_clip000,0.0,0.0,0.0,0.0,1.0,0.0,"{'advisory': 9, 'intervention': 2, 'silent': 9}",0.55,0.45,1.0,0.0,0.0,0.0,-0.5202659817144719,0.0,2.4512740000000006,3.706649448127391,0.31740160655997174,0.37999999999999995,56.87234119584,"{'advisory': 18, 'intervention': 2}",clean,nuscenes
scene-1094_155047a77309452a908e6c96ddd60b55_clip000,0.0,0.0,0.0,0.0,1.0,0.0,"{'advisory': 12, 'intervention': 3, 'silent': 5}",0.7,0.6,0.6666666666666666,0.0,0.0,0.0,-0.5202659817144719,0.0,4.498894000000001,3.706649448127391,0.4210586593660709,0.3799999999999999,54.35189235239933,"{'advisory': 18, 'intervention': 2}",clean,nuscenes
scene-1094_8e992e7479094a61a550b951c1451092_clip000,0.0,0.0,0.0,0.0,1.0,0.0,"{'advisory': 13, 'intervention': 3, 'silent': 4}",0.75,0.65,0.6666666666666666,0.0,0.0,0.0,-0.5202659817144719,0.0,4.998771,3.706649448127391,0.42105936852884385,0.3799999999999999,54.049609240438045,"{'advisory': 18, 'intervention': 2}",clean,nuscenes
scene-1094_c530e58bfaaf4ba38bf0f66c11381d7b_clip000,0.0,0.0,0.0,0.0,1.0,0.0,"{'advisory': 13, 'intervention': 3, 'silent': 4}",0.75,0.65,0.6666666666666666,0.0,0.0,0.0,-0.5202659817144719,0.0,4.998771,3.706649448127391,0.42105936852884385,0.3799999999999999,54.049609240438045,"{'advisory': 18, 'intervention': 2}",clean,nuscenes
scene-1094_029357560fcc41db9973bd656d63547d_clip000,0.0,0.0,0.0,0.0,1.0,0.0,"{'advisory': 13, 'intervention': 5, 'emergency': 2}",0.85,0.65,0.8,0.0,0.0,0.0,-0.7947194142390263,0.0,7.499250000000002,2.8688461782870722,0.5262940729182543,0.44000000000000006,47.845602325255626,"{'advisory': 14, 'intervention': 6}",clean,nuscenes
scene-1094_19f0484e0ec84c0eb64c92698fe5e7e3_clip000,0.0,0.0,0.0,0.0,1.0,0.0,"{'advisory': 8, 'intervention': 9, 'emergency': 3}",0.75,0.4,0.7777777777777778,0.0,0.0,0.0,-0.8671099695241199,1.0,8.548764999999998,2.8688461782870722,0.5264159747455096,0.5,45.27226634575763,"{'advisory': 10, 'intervention': 10}",clean,nuscenes
scene-1094_98e2b15c113a477a9f291b25194cab62_clip000,0.0,0.0,0.0,0.0,1.0,0.0,"{'advisory': 6, 'silent': 1, 'intervention': 8, 'emergency': 3}",0.7222222222222222,0.3333333333333333,0.75,0.0,0.0,0.0,-0.8885233166386386,1.0,6.000133000000002,2.8688461782870722,0.5848798042758222,0.48055555555555557,44.872607272141714,"{'advisory': 8, 'intervention': 9, 'silent': 1}",clean,nuscenes
scene-1094_1ab7d92d3ed3455ea628c6962906d4e7_clip000,0.0,0.0,0.0,0.0,1.0,0.0,"{'advisory': 7, 'silent': 1, 'intervention': 9, 'emergency': 3}",0.75,0.35,0.7777777777777778,0.0,0.0,0.0,-0.8864052604279183,1.0,9.547959,2.8688461782870722,0.628406552646487,0.48250000000000004,45.34150925140157,"{'advisory': 9, 'intervention': 10, 'silent': 1}",clean,nuscenes
scene-1100_0b2ba0a3a3874e4a9863541a7a65ec00_clip000,0.0,0.0,0.0,0.0,0.0,0.0,{'silent': 10},1.0,0.0,0.0,0.0,0.0,0.0,0.0,0.0,0.0,7.156893781968976,0.0,0.0,76.8569993878065,{'silent': 10},clean,nuscenes
scene-1100_47b04d517ed64f92ad6af4c11233de34_clip000,0.0,0.0,0.0,0.0,0.0,0.0,{'silent': 20},1.0,0.0,0.0,0.0,0.0,0.0,0.0,0.0,0.0,8.255333802828359,0.0,0.0,77.96609939282345,{'silent': 20},clean,nuscenes
scene-1100_baa84e9048974b67a0c168a8bf946d3e_clip000,0.0,0.0,0.0,0.0,0.0,0.0,{'silent': 10},1.0,0.0,0.0,0.0,0.0,0.0,0.0,0.0,0.0,7.156893781968976,0.0,0.0,76.8569993878065,{'silent': 10},clean,nuscenes
scene-1100_7a88efefda9f4fc3a30fa6a655978ada_clip000,0.0,0.0,0.0,0.0,0.0,0.0,{'silent': 20},1.0,0.0,0.0,0.0,0.0,0.0,0.0,0.0,0.0,8.395470031155442,0.0,0.0,78.1330102126415,{'silent': 20},clean,nuscenes
scene-1100_7c7ea45167174debb191420c7fb99649_clip000,0.0,0.0,0.0,0.0,0.0,0.0,{'silent': 20},1.0,0.0,0.0,0.0,0.0,0.0,0.0,0.0,0.0,8.214534625139017,0.0,0.0,77.83820051902367,{'silent': 20},clean,nuscenes
scene-1100_7b644b3fb6634f13bf30402c70770e3b_clip000,0.0,0.0,0.0,0.0,0.0,0.0,{'silent': 20},1.0,0.0,0.0,0.0,0.0,0.0,0.0,0.0,0.0,7.156893781968976,0.0,0.0,77.1153260761881,{'silent': 20},clean,nuscenes
scene-1100_1c6ea643f2d04632ac5624e0072aa659_clip000,0.0,0.0,0.0,0.0,0.0,0.0,{'silent': 20},1.0,0.0,0.0,0.0,0.0,0.0,0.0,0.0,0.0,7.622279608464889,0.0,0.0,77.49653513912492,{'silent': 20},clean,nuscenes
scene-1100_60e1ec6251134f9a8e2031b871a455d1_clip000,0.0,0.0,0.0,0.0,0.0,0.0,{'silent': 18},1.0,0.0,0.0,0.0,0.0,0.0,0.0,0.0,0.0,7.156893781968976,0.0,0.0,77.08405857216401,{'silent': 18},clean,nuscenes
near_miss_0000,0.0,0.0,0.0,0.0,1.0,0.0,"{'advisory': 20, 'intervention': 10, 'emergency': 10}",0.75,0.5,0.6,0.0,0.4,0.0,-0.870203540714765,1.0,2.7,0.6153846153846168,1.0256410256410258,0.495,44.328039478751315,"{'advisory': 24, 'intervention': 12, 'emergency': 4}",clean,prism_ar_synthetic
near_miss_0001,0.0,0.0,0.0,0.0,1.0,0.0,"{'advisory': 20, 'intervention': 10, 'emergency': 10}",0.75,0.5,0.6,0.0,0.4,0.0,-0.870203540714765,1.0,2.7,0.6322434491419031,1.0256410256410258,0.495,44.32953842802357,"{'advisory': 24, 'intervention': 12, 'emergency': 4}",clean,prism_ar_synthetic
near_miss_0002,0.0,0.0,0.0,0.0,1.0,0.0,"{'advisory': 22, 'intervention': 8, 'emergency': 10}",0.75,0.55,0.5,0.0,0.4,0.0,-0.8425709552497533,1.0,2.5999999999999996,0.6549155677158964,1.0256410256410258,0.4800000000000001,45.44633228454723,"{'advisory': 26, 'intervention': 10, 'emergency': 4}",clean,prism_ar_synthetic
near_miss_0003,0.0,0.0,0.0,0.0,1.0,0.0,"{'advisory': 20, 'intervention': 10, 'emergency': 10}",0.85,0.5,1.0,0.0,0.4,0.0,-0.9007039500489618,1.0,2.7,0.4753219694268166,1.0256410256410258,0.525,42.032049662230385,"{'advisory': 20, 'intervention': 16, 'emergency': 4}",clean,prism_ar_synthetic
near_miss_0004,0.0,0.0,0.0,0.0,1.0,0.0,"{'advisory': 22, 'intervention': 8, 'emergency': 10}",0.85,0.55,1.0,0.0,0.4,0.0,-0.8893738895947856,0.0,2.5999999999999996,0.48703359047794376,1.0256410256410258,0.51,43.060705644136036,"{'advisory': 22, 'intervention': 14, 'emergency': 4}",clean,prism_ar_synthetic
near_miss_0005,0.0,0.0,0.0,0.0,1.0,0.0,"{'advisory': 20, 'intervention': 10, 'emergency': 10}",0.85,0.5,1.0,0.0,0.4,0.0,-0.9007039500489618,1.0,2.7,0.46992546357718007,1.0256410256410258,0.525,42.375425837732436,"{'advisory': 20, 'intervention': 16, 'emergency': 4}",clean,prism_ar_synthetic
near_miss_0006,0.0,0.0,0.0,0.0,1.0,0.0,"{'advisory': 20, 'intervention': 10, 'emergency': 10}",0.3,0.5,0.0,0.0,0.0,0.0,-0.8456461262797924,1.0,2.4,0.4615384615384599,1.0256410256410258,0.325,53.64806786679734,"{'advisory': 26, 'intervention': 6, 'silent': 8}",clean,prism_ar_synthetic
near_miss_0007,0.0,0.0,0.0,0.0,1.0,0.0,"{'advisory': 20, 'intervention': 10, 'emergency': 10}",0.275,0.5,0.0,0.0,0.0,0.0,-0.8615413635611239,1.0,2.4,0.468178390157572,1.0256410256410258,0.31625000000000003,53.93205770302984,"{'advisory': 25, 'intervention': 6, 'silent': 9}",clean,prism_ar_synthetic
near_miss_0008,0.0,0.0,0.0,0.0,1.0,0.0,"{'advisory': 20, 'intervention': 10, 'emergency': 10}",0.3,0.5,0.0,0.0,0.0,0.0,-0.8456461262797924,1.0,2.4,0.46552916522769294,1.0256410256410258,0.325,53.87234625167082,"{'advisory': 26, 'intervention': 6, 'silent': 8}",clean,prism_ar_synthetic
near_miss_0009,0.0,0.0,0.0,0.0,1.0,0.0,"{'advisory': 18, 'emergency': 10, 'intervention': 9, 'silent': 3}",0.325,0.45,0.0,0.0,0.0,0.0,-0.91919791776857,1.0,1.6,0.24056210088273064,0.7692307692307693,0.32125000000000004,52.098314338129946,"{'advisory': 20, 'intervention': 9, 'silent': 11}",clean,prism_ar_synthetic
near_miss_0010,0.0,0.0,0.0,0.0,1.0,0.0,"{'advisory': 18, 'emergency': 10, 'intervention': 9, 'silent': 3}",0.325,0.45,0.0,0.0,0.0,0.0,-0.9102589898327993,1.0,1.5,0.24690021851284455,0.7692307692307693,0.31375000000000003,52.445469626253725,"{'advisory': 21, 'intervention': 8, 'silent': 11}",clean,prism_ar_synthetic
near_miss_0011,0.0,0.0,0.0,0.0,1.0,0.0,"{'advisory': 18, 'emergency': 10, 'intervention': 10, 'silent': 2}",0.275,0.45,0.0,0.0,0.0,0.0,-0.9102589898327993,1.0,1.5,0.25208474575276885,0.7692307692307693,0.31375000000000003,52.35914004909929,"{'advisory': 21, 'intervention': 8, 'silent': 11}",clean,prism_ar_synthetic
near_miss_0012,0.0,0.0,0.0,0.0,1.0,0.0,"{'advisory': 16, 'emergency': 9, 'intervention': 10, 'silent': 5}",0.775,0.4,1.0,0.0,0.7777777777777778,0.0,-0.9208180506228911,0.0,2.0,0.17496594953789935,0.7692307692307693,0.5512499999999999,40.420368962954214,"{'advisory': 19, 'intervention': 14, 'emergency': 7}",clean,prism_ar_synthetic
near_miss_0013,0.0,0.0,0.0,0.0,1.0,0.0,"{'advisory': 15, 'emergency': 9, 'intervention': 10, 'silent': 6}",0.75,0.375,1.0,0.0,0.7777777777777778,0.0,-0.9208180506228911,0.0,2.0,0.1787434412025952,0.7692307692307693,0.5512499999999999,41.00584610384626,"{'advisory': 19, 'intervention': 14, 'emergency': 7}",clean,prism_ar_synthetic
near_miss_0014,0.0,0.0,0.0,0.0,1.0,0.0,"{'advisory': 15, 'emergency': 9, 'intervention': 10, 'silent': 6}",0.8,0.375,1.0,0.0,0.7777777777777778,0.0,-0.9089360295875353,0.0,1.9,0.1782780635609101,1.0256410256410258,0.53625,41.20450806575699,"{'advisory': 21, 'intervention': 12, 'emergency': 7}",clean,prism_ar_synthetic
near_miss_0015,0.0,0.0,0.0,0.0,1.0,0.0,"{'advisory': 20, 'intervention': 10, 'emergency': 10}",0.65,0.5,0.2,0.0,0.5,0.0,-0.8287593771796238,1.0,3.0,0.3076923076923066,1.5384615384615385,0.4625,47.81031277413268,"{'advisory': 27, 'silent': 1, 'intervention': 7, 'emergency': 5}",clean,prism_ar_synthetic
near_miss_0016,0.0,0.0,0.0,0.0,1.0,0.0,"{'advisory': 21, 'intervention': 9, 'emergency': 10}",0.65,0.525,0.2222222222222222,0.0,0.4,0.0,-0.8273494075984591,1.0,3.0,0.31522345095100945,1.5384615384615385,0.45625,48.502574442329404,"{'advisory': 27, 'silent': 1, 'intervention': 8, 'emergency': 4}",clean,prism_ar_synthetic
near_miss_0017,0.0,0.0,0.0,0.0,1.0,0.0,"{'advisory': 20, 'intervention': 10, 'emergency': 10}",0.65,0.5,0.2,0.0,0.5,0.0,-0.8287593771796238,1.0,3.0,0.30973305778342564,1.5384615384615385,0.4625,48.202119349276856,"{'advisory': 27, 'silent': 1, 'intervention': 7, 'emergency': 5}",clean,prism_ar_synthetic
e9df548a3ee566c7_1981_clip000,0.0,0.0,0.0,0.0,0.0,0.0,"{'advisory': 41, 'intervention': 15}",0.6071428571428571,0.7321428571428571,0.0,0.0,0.0,0.0,-0.5729133137497944,0.0,0.0,3.653167128697144,1.0909090909090908,0.30624999999999997,55.745354975848066,"{'advisory': 49, 'silent': 7}",noise_0.1,waymo
0015197d-b916-43b6-bcaa-8a7d90d7b87d_26944_clip000,0.0,0.0,0.0,0.0,0.0,0.0,"{'advisory': 47, 'intervention': 16, 'silent': 1}",0.65625,0.734375,0.0,0.0,0.0,0.0,-0.5406548735632486,0.0,0.0,5.054892937620539,0.15873015873015872,0.31171875000000004,58.96964553178683,"{'advisory': 57, 'silent': 7}",noise_0.1,argoverse
0015197d-b916-43b6-bcaa-8a7d90d7b87d_26953_clip000,0.0,0.0,0.0,0.0,0.0,0.0,"{'advisory': 78, 'intervention': 15, 'silent': 1}",0.6914893617021277,0.8297872340425532,0.0,0.0,0.0,0.0,-0.6343318611081883,0.0,0.0,5.061169295025185,0.7526881720430108,0.29414893617021287,60.702518571377695,"{'advisory': 79, 'silent': 15}",noise_0.1,argoverse
0015197d-b916-43b6-bcaa-8a7d90d7b87d_26955_clip000,0.0,0.0,0.0,0.0,0.0,0.0,"{'advisory': 48, 'intervention': 13, 'silent': 11}",0.625,0.6666666666666666,0.0,0.0,0.0,0.0,-0.8246866347489057,0.0,0.0,5.167228690603134,0.9859154929577465,0.22847222222222227,62.96291363160755,"{'advisory': 47, 'silent': 25}",noise_0.1,argoverse
0015197d-b916-43b6-bcaa-8a7d90d7b87d_26957_clip000,0.0,0.0,0.0,0.0,0.0,0.0,"{'advisory': 69, 'intervention': 16, 'silent': 2}",0.6666666666666666,0.7931034482758621,0.0,0.0,0.0,0.0,-0.6543075677650932,0.0,0.0,5.307543910483043,0.5813953488372092,0.28965517241379324,60.741085067114724,"{'advisory': 72, 'silent': 15}",noise_0.1,argoverse
0015197d-b916-43b6-bcaa-8a7d90d7b87d_26966_clip000,0.0,0.0,0.0,0.0,0.0,0.0,"{'advisory': 45, 'intervention': 16}",0.6557377049180327,0.7377049180327869,0.0,0.0,0.0,0.0,-0.4751909633114915,0.0,0.0,5.2340995241481645,0.3333333333333333,0.3213114754098362,58.332026124157075,"{'advisory': 56, 'silent': 5}",noise_0.1,argoverse
0015197d-b916-43b6-bcaa-8a7d90d7b87d_27022_clip000,0.0,0.0,0.0,0.0,0.0,0.0,"{'advisory': 46, 'intervention': 16, 'silent': 2}",0.6875,0.71875,0.0,0.0,0.0,0.0,-0.5049208402760328,0.0,0.0,4.849572939811821,0.47619047619047616,0.3171875,58.90164778490842,"{'advisory': 58, 'silent': 6}",noise_0.1,argoverse
001749f1-bc1c-47fb-a13f-9ab1f2c050a8_7637_clip000,0.0,0.0,0.0,0.0,0.0,0.0,"{'advisory': 20, 'silent': 31}",0.6862745098039216,0.39215686274509803,0.0,0.0,0.0,0.0,-0.46575001548371087,0.0,0.0,12.922297071274981,1.2,0.027450980392156862,72.63921986891154,"{'advisory': 4, 'silent': 47}",noise_0.1,argoverse
001749f1-bc1c-47fb-a13f-9ab1f2c050a8_7719_clip000,0.0,0.0,0.0,0.0,0.0,0.0,"{'advisory': 23, 'silent': 31}",0.5925925925925926,0.42592592592592593,0.0,0.0,0.0,0.0,-0.23354968324845687,0.0,0.0,12.881535342109467,0.37735849056603776,0.006481481481481481,72.69560957837027,"{'advisory': 1, 'silent': 53}",noise_0.1,argoverse
001749f1-bc1c-47fb-a13f-9ab1f2c050a8_7791_clip000,0.0,0.0,0.0,0.0,0.0,0.0,"{'advisory': 27, 'silent': 66}",0.7311827956989247,0.2903225806451613,0.0,0.0,0.0,0.0,-0.2512687509398849,0.0,0.0,12.8017045843008,0.4347826086956522,0.007526881720430107,74.23684492845308,"{'advisory': 2, 'silent': 91}",noise_0.1,argoverse
001749f1-bc1c-47fb-a13f-9ab1f2c050a8_7834_clip000,0.0,0.0,0.0,0.0,0.0,0.0,"{'advisory': 27, 'silent': 39}",0.6212121212121212,0.4090909090909091,0.0,0.0,0.0,0.0,-0.29694193381048267,0.0,0.0,12.897218776727435,0.6153846153846154,0.010606060606060605,72.7903073099646,"{'advisory': 2, 'silent': 64}",noise_0.1,argoverse
scene-0061_bbd6c47a20e34276bc6f2cfbc6ba6205_clip000,0.0,0.0,0.0,0.0,0.0,0.0,"{'advisory': 11, 'intervention': 2, 'silent': 7}",0.6,0.55,0.0,0.0,0.0,0.0,-0.8627635262664035,0.0,0.0,4.426579061074234,0.2083466805425556,0.1575,66.42721248294194,"{'advisory': 9, 'silent': 11}",noise_0.1,nuscenes
scene-0061_3843d35144d84c02b387678f9bc7f2ed_clip000,0.0,0.0,0.0,0.0,1.0,0.0,"{'advisory': 3, 'emergency': 3, 'intervention': 3, 'silent': 3}",0.25,0.25,0.0,0.0,0.0,0.0,-0.916057224828689,1.0,3.448807,2.2755556536868053,0.7274508866080475,0.22499999999999998,57.366168322280096,"{'advisory': 4, 'intervention': 2, 'silent': 6}",noise_0.1,nuscenes
scene-0061_03d01c950f044575b69137f069345db0_clip000,0.0,0.0,0.0,0.0,0.0,0.0,"{'advisory': 10, 'intervention': 2, 'silent': 8}",0.7,0.5,0.0,0.0,0.0,0.0,-0.8495907904857465,0.0,0.0,4.146014288563798,0.41884031702442437,0.13999999999999999,66.63284282986237,"{'advisory': 8, 'silent': 12}",noise_0.1,nuscenes
scene-0061_221dd725c6654412a04c71ced8ad6d03_clip000,0.0,0.0,0.0,0.0,1.0,0.0,"{'advisory': 3, 'emergency': 3, 'intervention': 3, 'silent': 4}",0.3076923076923077,0.23076923076923078,0.0,0.0,0.0,0.0,-0.9032906873947423,1.0,3.9486649999999996,2.8806561553369385,0.6668321521790992,0.20769230769230768,59.45543548257477,"{'advisory': 4, 'intervention': 2, 'silent': 7}",noise_0.1,nuscenes
scene-0061_b4db946778484c2195efa320571f53dc_clip000,0.0,0.0,0.0,0.0,0.0,0.0,"{'advisory': 10, 'intervention': 2, 'silent': 8}",0.75,0.5,0.0,0.0,0.0,0.0,-0.8627635262664035,0.0,0.0,4.450092750510448,0.4166693576562682,0.1575,66.543717434241,"{'advisory': 9, 'silent': 11}",noise_0.1,nuscenes
scene-0061_e2f67391cb914b0cbdda3995dbc397f8_clip000,0.0,0.0,0.0,0.0,0.0,0.0,"{'advisory': 11, 'intervention': 2, 'silent': 7}",0.65,0.55,0.0,0.0,0.0,0.0,-0.8495907904857465,0.0,0.0,4.20127481207267,0.4166933610851112,0.13999999999999999,66.15597791501106,"{'advisory': 8, 'silent': 12}",noise_0.1,nuscenes
scene-0061_95fc384cb4994ffe9a5caf914274ab22_clip000,0.0,0.0,0.0,0.0,0.0,0.0,"{'advisory': 10, 'intervention': 2, 'silent': 8}",0.65,0.5,0.0,0.0,0.0,0.0,-0.8271701918685112,0.0,0.0,3.912330771713049,0.41884031702442437,0.12249999999999998,66.58583909542509,"{'advisory': 7, 'silent': 13}",noise_0.1,nuscenes
scene-0061_0e79e7bed1d543c9a00acfbf90ff60b3_clip000,0.0,0.0,0.0,0.0,1.0,0.0,"{'advisory': 5, 'emergency': 3, 'intervention': 2, 'silent': 5}",0.4,0.3333333333333333,0.0,0.0,0.0,0.0,-0.8752550648647676,1.0,4.9987580000000005,2.654233718333348,0.5674882572492369,0.18,61.34283285506129,"{'advisory': 4, 'intervention': 2, 'silent': 9}",noise_0.1,nuscenes
scene-0061_1bc410ff237c4c48b9b7b094a9eaeb4d_clip000,0.0,0.0,0.0,0.0,0.0,0.0,"{'advisory': 8, 'intervention': 2, 'silent': 10}",0.8,0.4,0.0,0.0,0.0,0.0,-0.8495907904857465,0.0,0.0,4.345202034966951,0.4187926501052322,0.13999999999999999,67.1218334494872,"{'advisory': 8, 'silent': 12}",noise_0.1,nuscenes
scene-0061_71603dd1a2ba4e9daf095535e38310ac_clip000,0.0,0.0,0.0,0.0,0.0,0.0,"{'advisory': 10, 'intervention': 2, 'silent': 8}",0.65,0.5,0.0,0.0,0.0,0.0,-0.8627635262664035,0.0,0.0,4.1997861067810796,0.20942015851221218,0.15749999999999997,66.74370095206618,"{'advisory': 9, 'silent': 11}",noise_0.1,nuscenes
scene-0061_eb3da8843f614a90a48ddb6ee392c0c0_clip000,0.0,0.0,0.0,0.0,0.0,0.0,"{'advisory': 10, 'intervention': 2, 'silent': 8}",0.7,0.5,0.0,0.0,0.0,0.0,-0.8671099695241199,0.0,0.0,4.235733917869318,0.20942015851221218,0.175,66.52072497087643,"{'advisory': 10, 'silent': 10}",noise_0.1,nuscenes
scene-0061_070412f6a4f944e6a0a9e01ac1ea1fee_clip000,0.0,0.0,0.0,0.0,0.0,0.0,"{'advisory': 9, 'intervention': 2, 'silent': 9}",0.75,0.45,0.0,0.0,0.0,0.0,-0.8495907904857465,0.0,0.0,4.108491333787216,0.4187909839326652,0.13999999999999999,67.18340774004236,"{'advisory': 8, 'silent': 12}",noise_0.1,nuscenes
scene-0061_e59d97d4403a48b88fbb6a58fc9959e6_clip000,0.0,0.0,0.0,0.0,0.0,0.0,"{'advisory': 9, 'intervention': 2, 'silent': 9}",0.7,0.45,0.0,0.0,0.0,0.0,-0.8627635262664035,0.0,0.0,4.2009905574114885,0.2093963250526161,0.15749999999999997,66.83640282529669,"{'advisory': 9, 'silent': 11}",noise_0.1,nuscenes
scene-0061_e1e148c7bcb14072822872a4cfc8e882_clip000,0.0,0.0,0.0,0.0,0.0,0.0,"{'advisory': 9, 'intervention': 2, 'silent': 9}",0.65,0.45,0.0,0.0,0.0,0.0,-0.8495907904857465,0.0,0.0,3.7916549892879154,0.2093963250526161,0.13999999999999999,66.93868333512937,"{'advisory': 8, 'silent': 12}",noise_0.1,nuscenes
scene-0061_f81722a685cc49eba454efbb3aec0331_clip000,0.0,0.0,0.0,0.0,0.0,0.0,"{'advisory': 10, 'intervention': 2, 'silent': 8}",0.65,0.5,0.0,0.0,0.0,0.0,-0.8271701918685112,0.0,0.0,4.1809468479147025,0.41884031702442437,0.12249999999999998,66.74968245324285,"{'advisory': 7, 'silent': 13}",noise_0.1,nuscenes
scene-0061_acc1b985c3b746cdbb22fc59bb41b774_clip000,0.0,0.0,0.0,0.0,0.0,0.0,"{'advisory': 9, 'intervention': 2, 'silent': 9}",0.75,0.45,0.0,0.0,0.0,0.0,-0.8495907904857465,0.0,0.0,3.9396580747866072,0.4187926501052322,0.13999999999999999,66.85751968646136,"{'advisory': 8, 'silent': 12}",noise_0.1,nuscenes
scene-0061_73ee514c205c483da3d1d04282337457_clip000,0.0,0.0,0.0,0.0,0.0,0.0,"{'advisory': 9, 'intervention': 2, 'silent': 9}",0.7,0.45,0.0,0.0,0.0,0.0,-0.8627635262664035,0.0,0.0,4.17081692467664,0.2093963250526161,0.15749999999999997,66.71908575278852,"{'advisory': 9, 'silent': 11}",noise_0.1,nuscenes
scene-0061_9e6d680cd81942f5acdfbb07254f8f45_clip000,0.0,0.0,0.0,0.0,0.0,0.0,"{'advisory': 8, 'intervention': 2, 'silent': 10}",0.85,0.4,0.0,0.0,0.0,0.0,-0.8627635262664035,0.0,0.0,4.079030671957483,0.42098469794295307,0.15749999999999997,67.35277097674573,"{'advisory': 9, 'silent': 11}",noise_0.1,nuscenes
scene-0061_1e775890010e4d97b74ca1d06441d023_clip000,0.0,0.0,0.0,0.0,0.0,0.0,{'silent': 11},1.0,0.0,0.0,0.0,0.0,0.0,0.0,0.0,0.0,11.980148641004456,0.0,0.0,78.07133275890479,{'silent': 11},noise_0.1,nuscenes
scene-0061_203a688b840844b8ae16a2b07967ffad_clip000,0.0,0.0,0.0,0.0,0.0,0.0,{'silent': 11},1.0,0.0,0.0,0.0,0.0,0.0,0.0,0.0,0.0,11.904363657873997,0.0,0.0,78.04908095817264,{'silent': 11},noise_0.1,nuscenes
scene-0103_3b19bb63d0924f4da3034819357d6c8b_clip000,0.0,0.0,0.0,0.0,0.0,0.0,"{'advisory': 4, 'intervention': 9, 'silent': 1}",0.2857142857142857,0.2857142857142857,0.0,0.0,0.0,0.0,-0.6076436202501999,0.0,0.0,5.842966707737784,0.15626379516316674,0.3,53.05853405700414,"{'advisory': 12, 'silent': 2}",noise_0.1,nuscenes
scene-0103_68a40df2846e4298af0417ea12721b5c_clip000,0.0,0.0,0.0,0.0,0.0,0.0,"{'advisory': 4, 'intervention': 9}",0.23076923076923078,0.3076923076923077,0.0,0.0,0.0,0.0,-0.4629100498862757,0.0,0.0,5.740176645767167,0.16666177792118098,0.3230769230769231,51.51207723351256,"{'advisory': 12, 'silent': 1}",noise_0.1,nuscenes
scene-0103_fa107c6dd0dc4d15b94b86cbf5b990c0_clip000,0.0,0.0,0.0,0.0,0.0,0.0,"{'advisory': 4, 'intervention': 9, 'silent': 3}",0.375,0.25,0.0,0.0,0.0,0.0,-0.7514691493021795,0.0,0.0,5.845442485591189,0.1351498372458085,0.26249999999999996,56.428929717115324,"{'advisory': 12, 'silent': 4}",noise_0.1,nuscenes
scene-0103_ead6a822f86c432481c0a9d2e4e4f827_clip000,0.0,0.0,0.0,0.0,0.0,0.0,"{'advisory': 4, 'intervention': 9, 'silent': 1}",0.2857142857142857,0.2857142857142857,0.0,0.0,0.0,0.0,-0.6076436202501999,0.0,0.0,5.816384112239438,0.15626379516316674,0.3,52.93325929453316,"{'advisory': 12, 'silent': 2}",noise_0.1,nuscenes
scene-0103_99fbf1b9bf474215a4e8ad562bb7e9b2_clip000,0.0,0.0,0.0,0.0,0.0,0.0,"{'advisory': 4, 'intervention': 9, 'silent': 5}",0.4444444444444444,0.2222222222222222,0.0,0.0,0.0,0.0,-0.8177595307636584,0.0,0.0,5.947445109666246,0.11977275754256962,0.23333333333333328,58.64209897535856,"{'advisory': 12, 'silent': 6}",noise_0.1,nuscenes
scene-0103_6e71a9ceaf9a4974a1d07a2bd3544506_clip000,0.0,0.0,0.0,0.0,0.0,0.0,"{'advisory': 4, 'intervention': 9, 'silent': 6}",0.47368421052631576,0.21052631578947367,0.0,0.0,0.0,0.0,-0.8366600265340756,0.0,0.0,5.916444767906927,0.1129995980604297,0.22105263157894733,59.61014991883048,"{'advisory': 12, 'silent': 7}",noise_0.1,nuscenes
scene-0103_34aaf645a4174c6c8ff1874e6b33ccf6_clip000,0.0,0.0,0.0,0.0,0.0,0.0,"{'advisory': 4, 'intervention': 9, 'silent': 4}",0.4117647058823529,0.23529411764705882,0.0,0.0,0.0,0.0,-0.7905694150420949,0.0,0.0,5.807625493204563,0.12659756633902372,0.24705882352941172,57.54023203748511,"{'advisory': 12, 'silent': 5}",noise_0.1,nuscenes
scene-0103_b3412553d70f40b3a1d19a0eb8529a08_clip000,0.0,0.0,0.0,0.0,0.0,0.0,"{'advisory': 12, 'intervention': 2, 'silent': 6}",0.8,0.6,0.0,0.0,0.0,0.0,-0.8495907904857465,0.0,0.0,7.795228638891891,0.5262626092521175,0.21000000000000002,68.03290508177369,"{'advisory': 12, 'silent': 8}",noise_0.1,nuscenes
scene-0103_e147a4c07e06487592fb5d6135c27a78_clip000,0.0,0.0,0.0,0.0,0.0,0.0,"{'advisory': 13, 'intervention': 4, 'silent': 3}",0.65,0.65,0.0,0.0,0.0,0.0,-0.7947194142390263,0.0,0.0,7.233260141231592,0.5235191501734575,0.24499999999999994,63.737739860224835,"{'advisory': 14, 'silent': 6}",noise_0.1,nuscenes
scene-0103_996d9e039f7a4838ac48d5409ca89732_clip000,0.0,0.0,0.0,0.0,0.0,0.0,"{'advisory': 4, 'intervention': 9, 'silent': 5}",0.4444444444444444,0.2222222222222222,0.0,0.0,0.0,0.0,-0.8177595307636584,0.0,0.0,5.658492806426441,0.11977275754256962,0.23333333333333328,58.46945778643487,"{'advisory': 12, 'silent': 6}",noise_0.1,nuscenes
scene-0103_72137291381349428afb1038d4e5898c_clip000,0.0,0.0,0.0,0.0,0.0,0.0,"{'advisory': 4, 'intervention': 9, 'silent': 5}",0.4444444444444444,0.2222222222222222,0.0,0.0,0.0,0.0,-0.8177595307636584,0.0,0.0,5.90545968195628,0.11977275754256962,0.23333333333333328,58.69199739389179,"{'advisory': 12, 'silent': 6}",noise_0.1,nuscenes
scene-0103_c34cb46c7be6486a85ee49653850b174_clip000,0.0,0.0,0.0,0.0,0.0,0.0,"{'advisory': 4, 'intervention': 9, 'silent': 6}",0.47368421052631576,0.21052631578947367,0.0,0.0,0.0,0.0,-0.8366600265340756,0.0,0.0,5.7541510150677055,0.1129995980604297,0.22105263157894733,59.53249599794755,"{'advisory': 12, 'silent': 7}",noise_0.1,nuscenes
scene-0103_5d77c275683248658e7564ef24bf63b2_clip000,0.0,0.0,0.0,0.0,0.0,0.0,"{'advisory': 4, 'intervention': 9, 'silent': 6}",0.47368421052631576,0.21052631578947367,0.0,0.0,0.0,0.0,-0.8366600265340756,0.0,0.0,5.681486097444851,0.1129995980604297,0.22105263157894733,59.577731918921195,"{'advisory': 12, 'silent': 7}",noise_0.1,nuscenes
scene-0103_3c7331d16ac6439e9bd5a57d75976446_clip000,0.0,0.0,0.0,0.0,0.0,0.0,"{'advisory': 12, 'intervention': 1, 'silent': 7}",0.8,0.6,0.0,0.0,0.0,0.0,-0.8671099695241199,0.0,0.0,7.865335200239017,0.5262928541850912,0.175,69.62176868664903,"{'advisory': 10, 'silent': 10}",noise_0.1,nuscenes
scene-0103_0809d64df9264121bead0772ee9b5984_clip000,0.0,0.0,0.0,0.0,0.0,0.0,"{'advisory': 10, 'intervention': 4, 'silent': 1}",0.6,0.6666666666666666,0.0,0.0,0.0,0.0,-0.6943650748294136,0.0,0.0,7.226676625281972,0.714235309679574,0.28,61.393050478409656,"{'advisory': 12, 'silent': 3}",noise_0.1,nuscenes
scene-0103_ad2ae385245f46d49b4d06f87e2ac544_clip000,0.0,0.0,0.0,0.0,0.0,0.0,"{'advisory': 4, 'intervention': 9, 'silent': 6}",0.47368421052631576,0.21052631578947367,0.0,0.0,0.0,0.0,-0.8366600265340756,0.0,0.0,5.6513265477613075,0.1129995980604297,0.22105263157894733,59.589787332673374,"{'advisory': 12, 'silent': 7}",noise_0.1,nuscenes
scene-0103_09810748e6c04aacb393ebf14fafa5e8_clip000,0.0,0.0,0.0,0.0,0.0,0.0,"{'advisory': 12, 'silent': 8}",0.85,0.6,0.0,0.0,0.0,0.0,-0.8627635262664035,0.0,0.0,8.016039546027265,0.5263245984853852,0.1575,70.71155078119565,"{'advisory': 9, 'silent': 11}",noise_0.1,nuscenes
scene-0103_4ce8f37952ad4203b1f5b23c728fb2e6_clip000,0.0,0.0,0.0,0.0,0.0,0.0,"{'advisory': 12, 'intervention': 2, 'silent': 6}",0.85,0.6,0.0,0.0,0.0,0.0,-0.8271701918685112,0.0,0.0,7.9286634738709365,0.3157575655512705,0.22749999999999998,67.88276414376546,"{'advisory': 13, 'silent': 7}",noise_0.1,nuscenes
scene-0103_c1fe224b76cc49e294847788c443e470_clip000,0.0,0.0,0.0,0.0,0.0,0.0,"{'advisory': 12, 'intervention': 2, 'silent': 6}",0.75,0.6,0.0,0.0,0.0,0.0,-0.8627635262664035,0.0,0.0,7.828165137873607,0.5262626092521175,0.1925,68.0631971279535,"{'advisory': 11, 'silent': 9}",noise_0.1,nuscenes
scene-0103_608f6c85cd524242bc9d299c0a954f69_clip000,0.0,0.0,0.0,0.0,0.0,0.0,"{'advisory': 14, 'intervention': 4, 'silent': 2}",0.65,0.7,0.0,0.0,0.0,0.0,-0.7509392614826383,0.0,0.0,7.279813936486807,0.6282586335563197,0.2624999999999999,63.02687345764143,"{'advisory': 15, 'silent': 5}",noise_0.1,nuscenes
scene-0103_723af3d23fb445e3ab97669e85846445_clip000,0.0,0.0,0.0,0.0,0.0,0.0,"{'advisory': 8, 'intervention': 4, 'silent': 1}",0.46153846153846156,0.6153846153846154,0.0,0.0,0.0,0.0,-0.8017837257372732,0.0,0.0,7.128278796249051,0.6665847878352277,0.2423076923076923,60.84398728154475,"{'advisory': 9, 'silent': 4}",noise_0.1,nuscenes
scene-0553_19804c352c0a4767b61b8d0709d1db99_clip000,0.0,0.0,0.0,0.0,0.0,0.0,{'silent': 20},1.0,0.0,0.0,0.0,0.0,0.0,0.0,0.0,0.0,7.686806074764623,0.0,0.0,76.49974705277899,{'silent': 20},noise_0.1,nuscenes
scene-0553_b61b72a5b5ad482e9bc94c203f75b8d4_clip000,0.0,0.0,0.0,0.0,0.0,0.0,{'silent': 20},1.0,0.0,0.0,0.0,0.0,0.0,0.0,0.0,0.0,7.903842417007372,0.0,0.0,76.46283582448226,{'silent': 20},noise_0.1,nuscenes
scene-0553_21d4060224a946e5b66fd00749282e82_clip000,0.0,0.0,0.0,0.0,0.0,0.0,{'silent': 20},1.0,0.0,0.0,0.0,0.0,0.0,0.0,0.0,0.0,7.801209138101399,0.0,0.0,76.24870556973585,{'silent': 20},noise_0.1,nuscenes
scene-0553_340ccb3c0dcb492eaa032f0e4e3017bb_clip000,0.0,0.0,0.0,0.0,0.0,0.0,{'silent': 20},1.0,0.0,0.0,0.0,0.0,0.0,0.0,0.0,0.0,7.8255787113971955,0.0,0.0,76.47503600596141,{'silent': 20},noise_0.1,nuscenes
scene-0553_afd097377c71479ea8349eeae83b8143_clip000,0.0,0.0,0.0,0.0,0.0,0.0,{'silent': 20},1.0,0.0,0.0,0.0,0.0,0.0,0.0,0.0,0.0,7.729755857224178,0.0,0.0,76.52897398437224,{'silent': 20},noise_0.1,nuscenes
scene-0553_18cdcf0d2340409b95140ea38a70fd2e_clip000,0.0,0.0,0.0,0.0,0.0,0.0,{'silent': 20},1.0,0.0,0.0,0.0,0.0,0.0,0.0,0.0,0.0,8.00763766769205,0.0,0.0,76.35816083288361,{'silent': 20},noise_0.1,nuscenes
scene-0553_2397a588f42e4195bf7fb0148aa7a3d6_clip000,0.0,0.0,0.0,0.0,0.0,0.0,{'silent': 19},1.0,0.0,0.0,0.0,0.0,0.0,0.0,0.0,0.0,7.8150961845886675,0.0,0.0,76.75537787720009,{'silent': 19},noise_0.1,nuscenes
scene-0655_433e28f80ae9462eb927089896b5f669_clip000,0.0,0.0,0.0,0.0,0.0,0.0,"{'advisory': 9, 'intervention': 2, 'silent': 9}",0.85,0.45,0.0,0.0,0.0,0.0,-0.8671099695241199,0.0,0.0,9.13005087947454,0.947470648148879,0.175,68.71337517508337,"{'advisory': 10, 'silent': 10}",noise_0.1,nuscenes
scene-0655_fe199544817e496aa7708a1db0af2108_clip000,0.0,0.0,0.0,0.0,0.0,0.0,"{'advisory': 9, 'intervention': 2, 'silent': 9}",0.85,0.45,0.0,0.0,0.0,0.0,-0.8671099695241199,0.0,0.0,9.231280891952194,0.947470648148879,0.175,68.77473274450821,"{'advisory': 10, 'silent': 10}",noise_0.1,nuscenes
scene-0655_99d539b687cb4a46b8f1efc7204aa160_clip000,0.0,0.0,0.0,0.0,0.0,0.0,"{'advisory': 12, 'intervention': 2, 'silent': 6}",0.8,0.6,0.0,0.0,0.0,0.0,-0.8495907904857465,0.0,0.0,9.13850921096052,1.2562470811884223,0.20999999999999996,67.37483833558652,"{'advisory': 12, 'silent': 8}",noise_0.1,nuscenes
scene-0757_4b086f653d5a47a79f73f1d4a4d956d8_clip000,0.0,0.0,0.0,0.0,0.0,0.0,{'silent': 11},1.0,0.0,0.0,0.0,0.0,0.0,0.0,0.0,0.0,15.22377332684934,0.0,0.0,80.32906076847848,{'silent': 11},noise_0.1,nuscenes
scene-0757_3c16d6997c70488ab7e9dfd0fbec962e_clip000,0.0,0.0,0.0,0.0,0.0,0.0,{'silent': 11},1.0,0.0,0.0,0.0,0.0,0.0,0.0,0.0,0.0,15.445295337684165,0.0,0.0,80.35845068886739,{'silent': 11},noise_0.1,nuscenes
scene-0796_a9ba2ffc5a95458c9bd1052be9bc24ad_clip000,0.0,0.0,0.0,0.0,0.0,0.0,"{'advisory': 6, 'silent': 2, 'intervention': 4, 'emergency': 1}",0.3076923076923077,0.46153846153846156,0.0,0.0,0.0,0.0,-0.8660254037844387,0.0,0.0,5.475498024460155,0.4917840910469395,0.18846153846153843,61.116049929780125,"{'advisory': 7, 'silent': 6}",noise_0.1,nuscenes
scene-0916_4591a9f392774001a2cf523286505ac9_clip000,0.0,0.0,0.0,0.0,0.0,0.0,"{'advisory': 10, 'intervention': 1, 'silent': 9}",0.85,0.5,0.0,0.0,0.0,0.0,-0.8627635262664035,0.0,0.0,6.003609414428697,0.21055433059724998,0.15749999999999997,68.01421948314612,"{'advisory': 9, 'silent': 11}",noise_0.1,nuscenes
scene-0916_c8fcea5cd6d344e69a92241622f58be7_clip000,0.0,0.0,0.0,0.0,0.0,0.0,"{'advisory': 10, 'intervention': 1, 'silent': 9}",0.85,0.5,0.0,0.0,0.0,0.0,-0.8627635262664035,0.0,0.0,5.731022490969201,0.21279611110851027,0.15749999999999997,67.88916342304142,"{'advisory': 9, 'silent': 11}",noise_0.1,nuscenes
scene-0916_cb5fdffa966345cdb9c7c186143b7857_clip000,0.0,0.0,0.0,0.0,0.0,0.0,"{'advisory': 9, 'intervention': 1, 'silent': 10}",0.95,0.45,0.0,0.0,0.0,0.0,-0.8671099695241199,0.0,0.0,5.9500418447943195,0.42556822401230404,0.175,67.70271485983412,"{'advisory': 10, 'silent': 10}",noise_0.1,nuscenes
scene-0916_de7bc639112c40ec9ebe406673f1487d_clip000,0.0,0.0,0.0,0.0,0.0,0.0,"{'advisory': 9, 'intervention': 1, 'silent': 10}",0.85,0.45,0.0,0.0,0.0,0.0,-0.8671099695241199,0.0,0.0,5.994284131447856,0.21278411200615202,0.175,68.11665037284587,"{'advisory': 10, 'silent': 10}",noise_0.1,nuscenes
scene-0916_c2c271c1bc484bce81639bfda2083588_clip000,0.0,0.0,0.0,0.0,0.0,0.0,"{'advisory': 9, 'intervention': 1, 'silent': 9}",0.9473684210526315,0.47368421052631576,0.0,0.0,0.0,0.0,-0.8660254037844388,0.0,0.0,5.914111345989756,0.4494144186302051,0.18421052631578946,67.4582236056029,"{'advisory': 10, 'silent': 9}",noise_0.1,nuscenes
scene-0916_af7483c35ffa4ad193d14bbac3b0ab4e_clip000,0.0,0.0,0.0,0.0,0.0,0.0,"{'advisory': 10, 'intervention': 1, 'silent': 9}",0.9,0.5,0.0,0.0,0.0,0.0,-0.8671099695241199,0.0,0.0,5.803036511960949,0.42111078919530776,0.175,68.2169726242481,"{'advisory': 10, 'silent': 10}",noise_0.1,nuscenes
scene-0916_ebcd168fd25247f68482853796c9327f_clip000,0.0,0.0,0.0,0.0,0.0,0.0,"{'advisory': 9, 'intervention': 1, 'silent': 10}",0.95,0.45,0.0,0.0,0.0,0.0,-0.8671099695241199,0.0,0.0,5.7496277747664895,0.42556822401230404,0.175,68.07210647033594,"{'advisory': 10, 'silent': 10}",noise_0.1,nuscenes
scene-0916_9256b7cc27954e7bb5e3a3fb8c62474c_clip000,0.0,0.0,0.0,0.0,0.0,0.0,"{'advisory': 9, 'intervention': 1, 'silent': 10}",0.9,0.45,0.0,0.0,0.0,0.0,-0.8627635262664035,0.0,0.0,5.703664920890492,0.4255425987290745,0.19249999999999998,67.34811710984373,"{'advisory': 11, 'silent': 9}",noise_0.1,nuscenes
scene-0916_eeabbd601fff49c08c086829bfe13287_clip000,0.0,0.0,0.0,0.0,0.0,0.0,"{'advisory': 9, 'intervention': 1, 'silent': 10}",0.95,0.45,0.0,0.0,0.0,0.0,-0.8671099695241199,0.0,0.0,5.802785534678916,0.42556822401230404,0.175,68.0716228857351,"{'advisory': 10, 'silent': 10}",noise_0.1,nuscenes
scene-0916_54ca0158a30a4d8291684544ddbeff3f_clip000,0.0,0.0,0.0,0.0,0.0,0.0,"{'advisory': 9, 'intervention': 1, 'silent': 10}",0.95,0.45,0.0,0.0,0.0,0.0,-0.8671099695241199,0.0,0.0,5.950884366848467,0.42556822401230404,0.175,68.23000355020906,"{'advisory': 10, 'silent': 10}",noise_0.1,nuscenes
scene-0916_b825554384e042baba291f6f75c1ba49_clip000,0.0,0.0,0.0,0.0,0.0,0.0,"{'advisory': 10, 'intervention': 1, 'silent': 9}",0.9,0.5,0.0,0.0,0.0,0.0,-0.8671099695241199,0.0,0.0,5.744898790550358,0.42110866119449997,0.175,67.9023245549933,"{'advisory': 10, 'silent': 10}",noise_0.1,nuscenes
scene-0916_b7ff9843f0bc4154a865230adb65a45d_clip000,0.0,0.0,0.0,0.0,0.0,0.0,"{'advisory': 10, 'intervention': 1, 'silent': 9}",0.8,0.5,0.0,0.0,0.0,0.0,-0.8671099695241199,0.0,0.0,6.010345576444227,0.21279611110851027,0.175,67.80822605379682,"{'advisory': 10, 'silent': 10}",noise_0.1,nuscenes
scene-0916_4b8ef2beabcf4121af0f287cd1a7fd55_clip000,0.0,0.0,0.0,0.0,0.0,0.0,"{'advisory': 10, 'intervention': 1, 'silent': 9}",0.85,0.5,0.0,0.0,0.0,0.0,-0.8627635262664035,0.0,0.0,5.915259117194367,0.21055433059724998,0.15749999999999997,67.9723952035071,"{'advisory': 9, 'silent': 11}",noise_0.1,nuscenes
scene-0916_89eaf741be444d7e8fcc4748482d338d_clip000,0.0,0.0,0.0,0.0,0.0,0.0,"{'advisory': 9, 'intervention': 1, 'silent': 10}",0.95,0.45,0.0,0.0,0.0,0.0,-0.8671099695241199,0.0,0.0,6.031014651799433,0.4255425987290745,0.175,67.96983119690745,"{'advisory': 10, 'silent': 10}",noise_0.1,nuscenes
scene-0916_e5a06b589b93428c867bd6a92ed6da93_clip000,0.0,0.0,0.0,0.0,0.0,0.0,"{'advisory': 10, 'intervention': 1, 'silent': 9}",0.9,0.5,0.0,0.0,0.0,0.0,-0.8671099695241199,0.0,0.0,5.916307148525008,0.42559222221702053,0.175,67.99889530649118,"{'advisory': 10, 'silent': 10}",noise_0.1,nuscenes
scene-0916_68d411d0e8664a09b4c59787793b0b87_clip000,0.0,0.0,0.0,0.0,0.0,0.0,"{'advisory': 9, 'intervention': 1, 'silent': 10}",0.95,0.45,0.0,0.0,0.0,0.0,-0.8671099695241199,0.0,0.0,5.890930972616188,0.4255425987290745,0.175,67.7374387537786,"{'advisory': 10, 'silent': 10}",noise_0.1,nuscenes
scene-0916_c6d85e602dd342d99758b41e64e86e12_clip000,0.0,0.0,0.0,0.0,0.0,0.0,"{'advisory': 10, 'intervention': 1, 'silent': 9}",0.9,0.5,0.0,0.0,0.0,0.0,-0.8671099695241199,0.0,0.0,5.664835680257776,0.42110866119449997,0.175,68.20448997129779,"{'advisory': 10, 'silent': 10}",noise_0.1,nuscenes
scene-0916_c5a370e03491457485bfda760515e537_clip000,0.0,0.0,0.0,0.0,0.0,0.0,"{'advisory': 10, 'intervention': 1, 'silent': 9}",0.85,0.5,0.0,0.0,0.0,0.0,-0.8627635262664035,0.0,0.0,5.701878746696245,0.42110866119449997,0.19249999999999998,68.28433417568104,"{'advisory': 11, 'silent': 9}",noise_0.1,nuscenes
scene-1094_55f7fb5fa2854b0da825c2cd1c94b23b_clip000,0.0,0.0,0.0,0.0,1.0,0.0,"{'advisory': 7, 'intervention': 1, 'silent': 10}",0.5,0.3888888888888889,1.0,0.0,0.0,0.0,-0.5461186812727502,0.0,1.001964,3.85688033101581,0.3528457005751385,0.3472222222222221,58.47814719789707,"{'advisory': 16, 'intervention': 1, 'silent': 1}",noise_0.1,nuscenes
scene-1094_47304f98d3d3484d8af8d5e4c7428022_clip000,0.0,0.0,0.0,0.0,1.0,0.0,"{'advisory': 11, 'intervention': 3, 'silent': 6}",0.65,0.55,0.6666666666666666,0.0,0.0,0.0,-0.5202659817144719,0.0,4.003540000000001,3.569907101946755,0.42083397510514536,0.37999999999999995,54.56082101191763,"{'advisory': 18, 'intervention': 2}",noise_0.1,nuscenes
scene-1094_3543efbc49b147c6a7151e945b999fe5_clip000,0.0,0.0,0.0,0.0,1.0,0.0,"{'advisory': 8, 'intervention': 1, 'silent': 10}",0.5263157894736842,0.42105263157894735,1.0,0.0,0.0,0.0,-0.5331139899831832,0.0,1.5018470000000006,3.4482108145545936,0.3332525010877917,0.3473684210526315,57.87962837557327,"{'advisory': 17, 'intervention': 1, 'silent': 1}",noise_0.1,nuscenes
scene-1094_d61323aefb8640da9d5258fae57c2d1c_clip000,0.0,0.0,0.0,0.0,1.0,0.0,"{'advisory': 8, 'intervention': 1, 'silent': 10}",0.5263157894736842,0.42105263157894735,1.0,0.0,0.0,0.0,-0.5331139899831832,0.0,1.5018470000000006,3.7218824923379805,0.3332525010877917,0.3473684210526315,58.17194495210109,"{'advisory': 17, 'intervention': 1, 'silent': 1}",noise_0.1,nuscenes
scene-1094_9777aa985269472595ff1ee88420008f_clip000,0.0,0.0,0.0,0.0,1.0,0.0,"{'advisory': 7, 'intervention': 1, 'silent': 10}",0.5,0.3888888888888889,1.0,0.0,0.0,0.0,-0.5461186812727502,0.0,1.001964,3.7271211988655826,0.3528457005751385,0.3472222222222221,58.06762038414033,"{'advisory': 16, 'intervention': 1, 'silent': 1}",noise_0.1,nuscenes
scene-1094_e6505be7823b40858d669c34afba37c4_clip000,0.0,0.0,0.0,0.0,1.0,0.0,"{'advisory': 13, 'intervention': 3, 'silent': 4}",0.75,0.65,0.6666666666666666,0.0,0.0,0.0,-0.5202659817144719,0.0,4.998771,3.535753687733866,0.42105936852884385,0.3799999999999999,53.82644630688658,"{'advisory': 18, 'intervention': 2}",noise_0.1,nuscenes
scene-1094_9441225cd01f4730a02b5d8927063f53_clip000,0.0,0.0,0.0,0.0,1.0,0.0,"{'advisory': 13, 'emergency': 1, 'intervention': 5, 'silent': 1}",0.85,0.65,0.8,0.0,0.0,0.0,-0.7509392614826383,0.0,6.999445000000001,3.509676581884305,0.526292411010795,0.425,49.139553867199695,"{'advisory': 15, 'intervention': 5}",noise_0.1,nuscenes
scene-1094_dc534f142fbf42afbdd38a1afae9df7f_clip000,0.0,0.0,0.0,0.0,0.0,0.0,"{'advisory': 5, 'silent': 10}",0.4,0.3333333333333333,0.0,0.0,0.0,0.0,-0.4330127018922193,0.0,0.0,3.4737127881915493,0.1428588979807466,0.3266666666666666,60.484124764778,"{'advisory': 14, 'silent': 1}",noise_0.1,nuscenes
scene-1094_2c761ca3c6e745ab8b7553a3f3dc937e_clip000,0.0,0.0,0.0,0.0,1.0,0.0,"{'advisory': 9, 'intervention': 2, 'silent': 9}",0.55,0.45,1.0,0.0,0.0,0.0,-0.5202659817144719,0.0,2.4512740000000006,3.604746342186747,0.31740160655997174,0.37999999999999995,56.81530394180072,"{'advisory': 18, 'intervention': 2}",noise_0.1,nuscenes
scene-1094_155047a77309452a908e6c96ddd60b55_clip000,0.0,0.0,0.0,0.0,1.0,0.0,"{'advisory': 12, 'intervention': 3, 'silent': 5}",0.7,0.6,0.6666666666666666,0.0,0.0,0.0,-0.5202659817144719,0.0,4.498894000000001,3.691943090625882,0.4210586593660709,0.3799999999999999,54.242802596758146,"{'advisory': 18, 'intervention': 2}",noise_0.1,nuscenes
scene-1094_8e992e7479094a61a550b951c1451092_clip000,0.0,0.0,0.0,0.0,1.0,0.0,"{'advisory': 13, 'intervention': 3, 'silent': 4}",0.75,0.65,0.6666666666666666,0.0,0.0,0.0,-0.5202659817144719,0.0,4.998771,3.6434926834082506,0.42105936852884385,0.3799999999999999,54.09055011858053,"{'advisory': 18, 'intervention': 2}",noise_0.1,nuscenes
scene-1094_c530e58bfaaf4ba38bf0f66c11381d7b_clip000,0.0,0.0,0.0,0.0,1.0,0.0,"{'advisory': 13, 'intervention': 3, 'silent': 4}",0.75,0.65,0.6666666666666666,0.0,0.0,0.0,-0.5202659817144719,0.0,4.998771,3.7322094020767573,0.42105936852884385,0.3799999999999999,54.185335297099336,"{'advisory': 18, 'intervention': 2}",noise_0.1,nuscenes
scene-1094_029357560fcc41db9973bd656d63547d_clip000,0.0,0.0,0.0,0.0,1.0,0.0,"{'advisory': 13, 'intervention': 5, 'emergency': 2}",0.85,0.65,0.8,0.0,0.0,0.0,-0.7947194142390263,0.0,7.499250000000002,3.1094328988489415,0.5262940729182543,0.44000000000000006,47.940743889791236,"{'advisory': 14, 'intervention': 6}",noise_0.1,nuscenes
scene-1094_19f0484e0ec84c0eb64c92698fe5e7e3_clip000,0.0,0.0,0.0,0.0,1.0,0.0,"{'advisory': 8, 'intervention': 9, 'emergency': 3}",0.75,0.4,0.7777777777777778,0.0,0.0,0.0,-0.8671099695241199,1.0,8.548764999999998,2.7796873600200644,0.5264159747455096,0.5,45.2260204198347,"{'advisory': 10, 'intervention': 10}",noise_0.1,nuscenes
scene-1094_98e2b15c113a477a9f291b25194cab62_clip000,0.0,0.0,0.0,0.0,1.0,0.0,"{'advisory': 6, 'silent': 1, 'intervention': 8, 'emergency': 3}",0.7222222222222222,0.3333333333333333,0.75,0.0,0.0,0.0,-0.8885233166386386,1.0,6.000133000000002,2.7865238205267655,0.5848798042758222,0.48055555555555557,44.757817441934804,"{'advisory': 8, 'intervention': 9, 'silent': 1}",noise_0.1,nuscenes
scene-1094_1ab7d92d3ed3455ea628c6962906d4e7_clip000,0.0,0.0,0.0,0.0,1.0,0.0,"{'advisory': 7, 'silent': 1, 'intervention': 9, 'emergency': 3}",0.75,0.35,0.7777777777777778,0.0,0.0,0.0,-0.8864052604279183,1.0,9.547959,2.85539897106394,0.628406552646487,0.48250000000000004,45.34188936947156,"{'advisory': 9, 'intervention': 10, 'silent': 1}",noise_0.1,nuscenes
scene-1100_0b2ba0a3a3874e4a9863541a7a65ec00_clip000,0.0,0.0,0.0,0.0,0.0,0.0,{'silent': 10},1.0,0.0,0.0,0.0,0.0,0.0,0.0,0.0,0.0,7.125910951074162,0.0,0.0,76.94378611697513,{'silent': 10},noise_0.1,nuscenes
scene-1100_47b04d517ed64f92ad6af4c11233de34_clip000,0.0,0.0,0.0,0.0,0.0,0.0,{'silent': 20},1.0,0.0,0.0,0.0,0.0,0.0,0.0,0.0,0.0,7.857084447066413,0.0,0.0,77.96497101239711,{'silent': 20},noise_0.1,nuscenes
scene-1100_baa84e9048974b67a0c168a8bf946d3e_clip000,0.0,0.0,0.0,0.0,0.0,0.0,{'silent': 10},1.0,0.0,0.0,0.0,0.0,0.0,0.0,0.0,0.0,6.98223549520649,0.0,0.0,76.80714734405532,{'silent': 10},noise_0.1,nuscenes
scene-1100_7a88efefda9f4fc3a30fa6a655978ada_clip000,0.0,0.0,0.0,0.0,0.0,0.0,{'silent': 20},1.0,0.0,0.0,0.0,0.0,0.0,0.0,0.0,0.0,8.290549314558136,0.0,0.0,78.09490805611765,{'silent': 20},noise_0.1,nuscenes
scene-1100_7c7ea45167174debb191420c7fb99649_clip000,0.0,0.0,0.0,0.0,0.0,0.0,{'silent': 20},1.0,0.0,0.0,0.0,0.0,0.0,0.0,0.0,0.0,8.112058377849655,0.0,0.0,77.81009589597134,{'silent': 20},noise_0.1,nuscenes
scene-1100_7b644b3fb6634f13bf30402c70770e3b_clip000,0.0,0.0,0.0,0.0,0.0,0.0,{'silent': 20},1.0,0.0,0.0,0.0,0.0,0.0,0.0,0.0,0.0,7.039698951278509,0.0,0.0,77.13680797482165,{'silent': 20},noise_0.1,nuscenes
scene-1100_1c6ea643f2d04632ac5624e0072aa659_clip000,0.0,0.0,0.0,0.0,0.0,0.0,{'silent': 20},1.0,0.0,0.0,0.0,0.0,0.0,0.0,0.0,0.0,7.702506099452043,0.0,0.0,77.50412526867369,{'silent': 20},noise_0.1,nuscenes
scene-1100_60e1ec6251134f9a8e2031b871a455d1_clip000,0.0,0.0,0.0,0.0,0.0,0.0,{'silent': 18},1.0,0.0,0.0,0.0,0.0,0.0,0.0,0.0,0.0,7.06667528860792,0.0,0.0,77.00182488256817,{'silent': 18},noise_0.1,nuscenes
near_miss_0000,0.0,0.0,0.0,0.0,1.0,0.0,"{'advisory': 20, 'intervention': 10, 'emergency': 10}",0.75,0.5,0.6,0.0,0.4,0.0,-0.8701626851293667,1.0,2.7,0.5435268680386727,1.0256410256410258,0.495,44.38310780607115,"{'advisory': 24, 'intervention': 12, 'emergency': 4}",noise_0.1,prism_ar_synthetic
near_miss_0001,0.0,0.0,0.0,0.0,1.0,0.0,"{'advisory': 20, 'intervention': 10, 'emergency': 10}",0.725,0.5,0.5,0.0,0.4,0.0,-0.8574446148910342,1.0,2.5999999999999996,0.5818973418590675,1.0256410256410258,0.4875,44.384417101609074,"{'advisory': 25, 'intervention': 11, 'emergency': 4}",noise_0.1,prism_ar_synthetic
near_miss_0002,0.0,0.0,0.0,0.0,1.0,0.0,"{'advisory': 22, 'intervention': 8, 'emergency': 10}",0.8,0.55,0.75,0.0,0.4,0.0,-0.8701626851293667,1.0,2.7,0.4911977393683441,1.0256410256410258,0.495,45.4047544672776,"{'advisory': 24, 'intervention': 12, 'emergency': 4}",noise_0.1,prism_ar_synthetic
near_miss_0003,0.0,0.0,0.0,0.0,1.0,0.0,"{'advisory': 20, 'intervention': 10, 'emergency': 10}",0.85,0.5,1.0,0.0,0.4,0.0,-0.9007039500489618,1.0,2.7,0.45770090688997556,1.0256410256410258,0.525,42.21485173385467,"{'advisory': 20, 'intervention': 16, 'emergency': 4}",noise_0.1,prism_ar_synthetic
near_miss_0004,0.0,0.0,0.0,0.0,1.0,0.0,"{'advisory': 22, 'intervention': 8, 'emergency': 10}",0.85,0.55,1.0,0.0,0.4,0.0,-0.8893738895947856,0.0,2.5999999999999996,0.47782813329276874,1.0256410256410258,0.51,43.021194119393655,"{'advisory': 22, 'intervention': 14, 'emergency': 4}",noise_0.1,prism_ar_synthetic
near_miss_0005,0.0,0.0,0.0,0.0,1.0,0.0,"{'advisory': 20, 'intervention': 10, 'emergency': 10}",0.85,0.5,1.0,0.0,0.4,0.0,-0.9007039500489618,1.0,2.7,0.3853281115721191,1.0256410256410258,0.525,42.37466789231567,"{'advisory': 20, 'intervention': 16, 'emergency': 4}",noise_0.1,prism_ar_synthetic
near_miss_0006,0.0,0.0,0.0,0.0,1.0,0.0,"{'advisory': 20, 'intervention': 10, 'emergency': 10}",0.3,0.5,0.0,0.0,0.0,0.0,-0.8456461262797924,1.0,2.4,0.6384825059680022,1.0256410256410258,0.325,53.70388008731338,"{'advisory': 26, 'intervention': 6, 'silent': 8}",noise_0.1,prism_ar_synthetic
near_miss_0007,0.0,0.0,0.0,0.0,1.0,0.0,"{'advisory': 20, 'intervention': 10, 'emergency': 10}",0.275,0.5,0.0,0.0,0.0,0.0,-0.8615413635611239,1.0,2.4,0.37524740163551934,1.0256410256410258,0.31625000000000003,53.91568469333747,"{'advisory': 25, 'intervention': 6, 'silent': 9}",noise_0.1,prism_ar_synthetic
near_miss_0008,0.0,0.0,0.0,0.0,1.0,0.0,"{'advisory': 20, 'intervention': 10, 'emergency': 10}",0.3,0.5,0.0,0.0,0.0,0.0,-0.8456461262797924,1.0,2.4,0.24771549830659387,1.0256410256410258,0.325,53.78145728629604,"{'advisory': 26, 'intervention': 6, 'silent': 8}",noise_0.1,prism_ar_synthetic
near_miss_0009,0.0,0.0,0.0,0.0,1.0,0.0,"{'advisory': 18, 'emergency': 10, 'intervention': 9, 'silent': 3}",0.325,0.45,0.0,0.0,0.0,0.0,-0.9102589898327993,1.0,1.5,0.38787669891884363,0.7692307692307693,0.31375000000000003,52.20506082036296,"{'advisory': 21, 'intervention': 8, 'silent': 11}",noise_0.1,prism_ar_synthetic
near_miss_0010,0.0,0.0,0.0,0.0,1.0,0.0,"{'advisory': 18, 'emergency': 10, 'intervention': 9, 'silent': 3}",0.325,0.45,0.0,0.0,0.0,0.0,-0.9102589898327993,1.0,1.5,0.21365032433719108,0.7692307692307693,0.31375000000000003,52.451139268063535,"{'advisory': 21, 'intervention': 8, 'silent': 11}",noise_0.1,prism_ar_synthetic
near_miss_0011,0.0,0.0,0.0,0.0,1.0,0.0,"{'advisory': 19, 'emergency': 10, 'intervention': 9, 'silent': 2}",0.3,0.475,0.0,0.0,0.0,0.0,-0.9102589898327993,1.0,1.5,0.34459647262832666,0.7692307692307693,0.31375000000000003,52.30263084971049,"{'advisory': 21, 'intervention': 8, 'silent': 11}",noise_0.1,prism_ar_synthetic
near_miss_0012,0.0,0.0,0.0,0.0,1.0,0.0,"{'advisory': 16, 'emergency': 10, 'intervention': 9, 'silent': 5}",0.775,0.4,1.0,0.0,0.8,0.0,-0.9240320850044371,0.0,2.0,0.2221921382435027,0.7692307692307693,0.5574999999999999,40.17799503511527,"{'advisory': 19, 'intervention': 13, 'emergency': 8}",noise_0.1,prism_ar_synthetic
near_miss_0013,0.0,0.0,0.0,0.0,1.0,0.0,"{'advisory': 15, 'emergency': 9, 'intervention': 11, 'silent': 5}",0.85,0.375,1.0,0.0,0.8888888888888888,0.0,-0.9183104690936823,0.0,2.0,0.3238493537898045,1.0256410256410258,0.55,41.001601934596366,"{'advisory': 20, 'intervention': 12, 'emergency': 8}",noise_0.1,prism_ar_synthetic
near_miss_0014,0.0,0.0,0.0,0.0,1.0,0.0,"{'advisory': 15, 'emergency': 9, 'intervention': 10, 'silent': 6}",0.8,0.375,1.0,0.0,0.8888888888888888,0.0,-0.9192193233751339,0.0,2.0,0.272734876379177,1.0256410256410258,0.55,41.11198783740069,"{'advisory': 20, 'intervention': 12, 'emergency': 8}",noise_0.1,prism_ar_synthetic
near_miss_0015,0.0,0.0,0.0,0.0,1.0,0.0,"{'advisory': 20, 'intervention': 10, 'emergency': 10}",0.65,0.5,0.2,0.0,0.5,0.0,-0.808263245288446,1.0,3.0,0.4244082818303997,2.0512820512820515,0.45500000000000007,47.8807110401017,"{'advisory': 28, 'silent': 1, 'intervention': 6, 'emergency': 5}",noise_0.1,prism_ar_synthetic
near_miss_0016,0.0,0.0,0.0,0.0,1.0,0.0,"{'advisory': 21, 'intervention': 9, 'emergency': 10}",0.65,0.525,0.1111111111111111,0.0,0.5,0.0,-0.7852014731159503,1.0,2.9,0.4443528259747673,2.0512820512820515,0.44750000000000006,48.49371809173495,"{'advisory': 29, 'silent': 1, 'intervention': 5, 'emergency': 5}",noise_0.1,prism_ar_synthetic
near_miss_0017,0.0,0.0,0.0,0.0,1.0,0.0,"{'advisory': 21, 'intervention': 9, 'emergency': 10}",0.675,0.525,0.2222222222222222,0.0,0.5,0.0,-0.808263245288446,1.0,3.0,0.32884591676734104,2.0512820512820515,0.45500000000000007,48.27864005428522,"{'advisory': 28, 'silent': 1, 'intervention': 6, 'emergency': 5}",noise_0.1,prism_ar_synthetic
e9df548a3ee566c7_1981_clip000,0.0,0.0,0.0,0.0,1.0,0.0,"{'advisory': 40, 'intervention': 14, 'emergency': 2}",0.6071428571428571,0.7142857142857143,0.0,0.0,0.0,0.0,-0.607539776171812,1.0,0.5,3.0838835207491924,2.1818181818181817,0.32321428571428573,55.40793284467351,"{'advisory': 48, 'intervention': 2, 'silent': 6}",noise_0.5,waymo
0015197d-b916-43b6-bcaa-8a7d90d7b87d_26944_clip000,0.0,0.0,0.0,0.0,0.0,0.0,"{'advisory': 48, 'emergency': 1, 'intervention': 14, 'silent': 1}",0.65625,0.75,0.0,0.0,0.0,0.0,-0.5728918992315463,0.0,0.0,3.8219095457851826,0.47619047619047616,0.30625,58.68315206667497,"{'advisory': 56, 'silent': 8}",noise_0.5,argoverse
0015197d-b916-43b6-bcaa-8a7d90d7b87d_26953_clip000,0.0,0.0,0.0,0.0,0.0,0.0,"{'advisory': 77, 'intervention': 17}",0.648936170212766,0.8191489361702128,0.0,0.0,0.0,0.0,-0.6509754989012867,0.0,0.0,3.8548848943970104,0.7526881720430108,0.29042553191489373,60.3900411637006,"{'advisory': 78, 'silent': 16}",noise_0.5,argoverse
0015197d-b916-43b6-bcaa-8a7d90d7b87d_26955_clip000,0.0,0.0,0.0,0.0,0.0,0.0,"{'advisory': 46, 'intervention': 15, 'silent': 11}",0.5555555555555556,0.6388888888888888,0.0,0.0,0.0,0.0,-0.8444527937864983,0.0,0.0,4.074793637663861,0.9859154929577465,0.2138888888888889,62.74362105639024,"{'advisory': 44, 'silent': 28}",noise_0.5,argoverse
0015197d-b916-43b6-bcaa-8a7d90d7b87d_26957_clip000,0.0,0.0,0.0,0.0,0.0,0.0,"{'advisory': 66, 'intervention': 19, 'silent': 2}",0.6551724137931034,0.7586206896551724,0.0,0.0,0.0,0.0,-0.6175293472496571,0.0,0.0,4.922204329753407,0.6976744186046511,0.2977011494252875,60.34453103519973,"{'advisory': 74, 'silent': 13}",noise_0.5,argoverse
0015197d-b916-43b6-bcaa-8a7d90d7b87d_26966_clip000,0.0,0.0,0.0,0.0,0.0,0.0,"{'advisory': 42, 'intervention': 18, 'silent': 1}",0.6557377049180327,0.6885245901639344,0.0,0.0,0.0,0.0,-0.42880178141180275,0.0,0.0,4.494094183952871,0.16666666666666666,0.327049180327869,58.368696156418245,"{'advisory': 57, 'silent': 4}",noise_0.5,argoverse
0015197d-b916-43b6-bcaa-8a7d90d7b87d_27022_clip000,0.0,0.0,0.0,0.0,0.0,0.0,"{'advisory': 44, 'intervention': 18, 'silent': 2}",0.625,0.6875,0.0,0.0,0.0,0.0,-0.5728918992315463,0.0,0.0,4.6813650850727235,0.15873015873015872,0.30625,58.518077209234235,"{'advisory': 56, 'silent': 8}",noise_0.5,argoverse
001749f1-bc1c-47fb-a13f-9ab1f2c050a8_7637_clip000,0.0,0.0,0.0,0.0,0.0,0.0,"{'advisory': 21, 'silent': 30}",0.6274509803921569,0.4117647058823529,0.0,0.0,0.0,0.0,-0.33626912299068296,0.0,0.0,11.746636259826607,0.8,0.013725490196078431,72.53112393363054,"{'advisory': 2, 'silent': 49}",noise_0.5,argoverse
001749f1-bc1c-47fb-a13f-9ab1f2c050a8_7719_clip000,0.0,0.0,0.0,0.0,0.0,0.0,"{'advisory': 25, 'silent': 29}",0.5925925925925926,0.46296296296296297,0.0,0.0,0.0,0.0,-0.3968140704637504,0.0,0.0,11.787360272520626,1.1320754716981132,0.01944444444444444,72.27924956309819,"{'advisory': 3, 'silent': 51}",noise_0.5,argoverse
001749f1-bc1c-47fb-a13f-9ab1f2c050a8_7791_clip000,0.0,0.0,0.0,0.0,0.0,0.0,"{'advisory': 27, 'silent': 66}",0.7311827956989247,0.2903225806451613,0.0,0.0,0.0,0.0,-0.2512687509398849,0.0,0.0,10.81300966902162,0.2173913043478261,0.007526881720430107,74.07701486448211,"{'advisory': 2, 'silent': 91}",noise_0.5,argoverse
001749f1-bc1c-47fb-a13f-9ab1f2c050a8_7834_clip000,0.0,0.0,0.0,0.0,0.0,0.0,"{'advisory': 32, 'silent': 34}",0.5454545454545454,0.48484848484848486,0.0,0.0,0.0,0.0,-0.29694193381048267,0.0,0.0,12.059738062314446,0.6153846153846154,0.010606060606060605,72.40695043940974,"{'advisory': 2, 'silent': 64}",noise_0.5,argoverse
scene-0061_bbd6c47a20e34276bc6f2cfbc6ba6205_clip000,0.0,0.0,0.0,0.0,0.0,0.0,"{'advisory': 10, 'intervention': 2, 'silent': 8}",0.65,0.5,0.0,0.0,0.0,0.0,-0.8627635262664035,0.0,0.0,3.660734990736505,0.4166933610851112,0.1575,66.31794744960702,"{'advisory': 9, 'silent': 11}",noise_0.5,nuscenes
scene-0061_3843d35144d84c02b387678f9bc7f2ed_clip000,0.0,0.0,0.0,0.0,1.0,0.0,"{'advisory': 4, 'emergency': 2, 'intervention': 2, 'silent': 4}",0.5833333333333334,0.3333333333333333,0.0,0.0,0.0,0.0,-0.8987170342729172,1.0,3.448807,3.001229493851543,0.7274508866080475,0.22916666666666666,58.55498040785337,"{'advisory': 6, 'intervention': 1, 'silent': 5}",noise_0.5,nuscenes
scene-0061_03d01c950f044575b69137f069345db0_clip000,0.0,0.0,0.0,0.0,0.0,0.0,"{'advisory': 8, 'intervention': 3, 'silent': 9}",0.7,0.4,0.0,0.0,0.0,0.0,-0.8495907904857465,0.0,0.0,3.8468002238832373,0.20942015851221218,0.13999999999999999,66.80566525176849,"{'advisory': 8, 'silent': 12}",noise_0.5,nuscenes
scene-0061_221dd725c6654412a04c71ced8ad6d03_clip000,0.0,0.0,0.0,0.0,0.0,0.0,"{'advisory': 3, 'emergency': 1, 'intervention': 5, 'silent': 4}",0.3076923076923077,0.23076923076923078,0.0,0.0,0.0,0.0,-0.8660254037844387,0.0,0.0,3.7582016441474924,0.3334160760895496,0.16153846153846152,60.41133163788945,"{'advisory': 6, 'silent': 7}",noise_0.5,nuscenes
scene-0061_b4db946778484c2195efa320571f53dc_clip000,0.0,0.0,0.0,0.0,1.0,0.0,"{'advisory': 11, 'intervention': 2, 'silent': 7}",0.7,0.55,0.5,0.0,0.0,0.0,-0.8864052604279183,0.0,4.598970999999999,3.138392835204883,0.6250040364844023,0.19,65.51417567911462,"{'advisory': 9, 'intervention': 1, 'silent': 10}",noise_0.5,nuscenes
scene-0061_e2f67391cb914b0cbdda3995dbc397f8_clip000,0.0,0.0,0.0,0.0,0.0,0.0,"{'advisory': 12, 'intervention': 2, 'silent': 6}",0.7,0.6,0.0,0.0,0.0,0.0,-0.8671099695241199,0.0,0.0,3.451504237844668,0.2083466805425556,0.175,65.5833099919035,"{'advisory': 10, 'silent': 10}",noise_0.5,nuscenes
scene-0061_95fc384cb4994ffe9a5caf914274ab22_clip000,0.0,0.0,0.0,0.0,0.0,0.0,"{'advisory': 10, 'intervention': 2, 'silent': 8}",0.8,0.5,0.0,0.0,0.0,0.0,-0.8671099695241199,0.0,0.0,3.4865823255325172,0.41884031702442437,0.175,66.1217342415934,"{'advisory': 10, 'silent': 10}",noise_0.5,nuscenes
scene-0061_0e79e7bed1d543c9a00acfbf90ff60b3_clip000,0.0,0.0,0.0,0.0,1.0,0.0,"{'advisory': 4, 'emergency': 1, 'intervention': 5, 'silent': 5}",0.4666666666666667,0.26666666666666666,0.2,0.0,0.0,0.0,-0.8874119674649422,1.0,4.543954,3.1236280807383316,0.5674882572492369,0.18333333333333332,61.31597944437528,"{'advisory': 6, 'intervention': 1, 'silent': 8}",noise_0.5,nuscenes
scene-0061_1bc410ff237c4c48b9b7b094a9eaeb4d_clip000,0.0,0.0,0.0,0.0,0.0,0.0,"{'advisory': 10, 'intervention': 3, 'silent': 7}",0.75,0.5,0.0,0.0,0.0,0.0,-0.8627635262664035,0.0,0.0,4.02307795242942,0.2093963250526161,0.19249999999999998,66.13124861019341,"{'advisory': 11, 'silent': 9}",noise_0.5,nuscenes
scene-0061_71603dd1a2ba4e9daf095535e38310ac_clip000,0.0,0.0,0.0,0.0,0.0,0.0,"{'advisory': 9, 'intervention': 3, 'silent': 8}",0.7,0.45,0.0,0.0,0.0,0.0,-0.8627635262664035,0.0,0.0,3.7967751520324278,0.20942015851221218,0.15749999999999997,66.1664721075797,"{'advisory': 9, 'silent': 11}",noise_0.5,nuscenes
scene-0061_eb3da8843f614a90a48ddb6ee392c0c0_clip000,0.0,0.0,0.0,0.0,1.0,0.0,"{'advisory': 10, 'intervention': 4, 'silent': 6}",0.65,0.5,0.25,0.0,0.0,0.0,-0.8864052604279183,0.0,4.499463,3.193805054346159,0.6282604755366366,0.19,65.68759406295177,"{'advisory': 9, 'intervention': 1, 'silent': 10}",noise_0.5,nuscenes
scene-0061_070412f6a4f944e6a0a9e01ac1ea1fee_clip000,0.0,0.0,0.0,0.0,0.0,0.0,"{'advisory': 9, 'intervention': 2, 'silent': 9}",0.75,0.45,0.0,0.0,0.0,0.0,-0.8495907904857465,0.0,0.0,4.4107973301457655,0.2093954919663326,0.13999999999999999,67.53873747802378,"{'advisory': 8, 'silent': 12}",noise_0.5,nuscenes
scene-0061_e59d97d4403a48b88fbb6a58fc9959e6_clip000,0.0,0.0,0.0,0.0,0.0,0.0,"{'advisory': 10, 'intervention': 2, 'silent': 8}",0.8,0.5,0.0,0.0,0.0,0.0,-0.8671099695241199,0.0,0.0,4.557315005031259,0.2093963250526161,0.175,67.05143493144399,"{'advisory': 10, 'silent': 10}",noise_0.5,nuscenes
scene-0061_e1e148c7bcb14072822872a4cfc8e882_clip000,0.0,0.0,0.0,0.0,0.0,0.0,"{'advisory': 9, 'intervention': 2, 'silent': 9}",0.75,0.45,0.0,0.0,0.0,0.0,-0.8495907904857465,0.0,0.0,3.8721109953579025,0.4187926501052322,0.13999999999999999,66.89517733616847,"{'advisory': 8, 'silent': 12}",noise_0.5,nuscenes
scene-0061_f81722a685cc49eba454efbb3aec0331_clip000,0.0,0.0,0.0,0.0,0.0,0.0,"{'advisory': 11, 'intervention': 2, 'silent': 7}",0.7,0.55,0.0,0.0,0.0,0.0,-0.8627635262664035,0.0,0.0,3.744157660613751,0.20942015851221218,0.15749999999999997,66.32749912078205,"{'advisory': 9, 'silent': 11}",noise_0.5,nuscenes
scene-0061_acc1b985c3b746cdbb22fc59bb41b774_clip000,0.0,0.0,0.0,0.0,0.0,0.0,"{'advisory': 8, 'intervention': 2, 'silent': 10}",0.8,0.4,0.0,0.0,0.0,0.0,-0.8495907904857465,0.0,0.0,3.8643567551521696,0.4187926501052322,0.13999999999999999,67.18384229256652,"{'advisory': 8, 'silent': 12}",noise_0.5,nuscenes
scene-0061_73ee514c205c483da3d1d04282337457_clip000,0.0,0.0,0.0,0.0,0.0,0.0,"{'advisory': 10, 'intervention': 2, 'silent': 8}",0.75,0.5,0.0,0.0,0.0,0.0,-0.8627635262664035,0.0,0.0,3.7280524922353746,0.2093963250526161,0.15749999999999997,66.75773529137673,"{'advisory': 9, 'silent': 11}",noise_0.5,nuscenes
scene-0061_9e6d680cd81942f5acdfbb07254f8f45_clip000,0.0,0.0,0.0,0.0,0.0,0.0,"{'advisory': 9, 'intervention': 1, 'silent': 10}",0.8,0.45,0.0,0.0,0.0,0.0,-0.8627635262664035,0.0,0.0,3.914789411991348,0.21049234897147653,0.15749999999999997,67.42187109303325,"{'advisory': 9, 'silent': 11}",noise_0.5,nuscenes
scene-0061_1e775890010e4d97b74ca1d06441d023_clip000,0.0,0.0,0.0,0.0,0.0,0.0,{'silent': 11},1.0,0.0,0.0,0.0,0.0,0.0,0.0,0.0,0.0,10.93347515467964,0.0,0.0,78.09123560532713,{'silent': 11},noise_0.5,nuscenes
scene-0061_203a688b840844b8ae16a2b07967ffad_clip000,0.0,0.0,0.0,0.0,0.0,0.0,{'silent': 11},1.0,0.0,0.0,0.0,0.0,0.0,0.0,0.0,0.0,11.471943497457183,0.0,0.0,77.96285023451925,{'silent': 11},noise_0.5,nuscenes
scene-0103_3b19bb63d0924f4da3034819357d6c8b_clip000,0.0,0.0,0.0,0.0,0.0,0.0,"{'advisory': 4, 'intervention': 9, 'silent': 1}",0.2857142857142857,0.2857142857142857,0.0,0.0,0.0,0.0,-0.6076436202501999,0.0,0.0,5.65247464741243,0.15626379516316674,0.3,52.63191941013712,"{'advisory': 12, 'silent': 2}",noise_0.5,nuscenes
scene-0103_68a40df2846e4298af0417ea12721b5c_clip000,0.0,0.0,0.0,0.0,0.0,0.0,"{'advisory': 3, 'intervention': 9, 'silent': 1}",0.3076923076923077,0.23076923076923078,0.0,0.0,0.0,0.0,-0.4629100498862757,0.0,0.0,5.881084091288267,0.16666177792118098,0.3230769230769231,51.26525353887843,"{'advisory': 12, 'silent': 1}",noise_0.5,nuscenes
scene-0103_fa107c6dd0dc4d15b94b86cbf5b990c0_clip000,0.0,0.0,0.0,0.0,0.0,0.0,"{'advisory': 4, 'intervention': 9, 'silent': 3}",0.375,0.25,0.0,0.0,0.0,0.0,-0.7514691493021795,0.0,0.0,5.5372597913051935,0.1351498372458085,0.26249999999999996,55.86745133156874,"{'advisory': 12, 'silent': 4}",noise_0.5,nuscenes
scene-0103_ead6a822f86c432481c0a9d2e4e4f827_clip000,0.0,0.0,0.0,0.0,0.0,0.0,"{'advisory': 4, 'intervention': 9, 'silent': 1}",0.35714285714285715,0.2857142857142857,0.0,0.0,0.0,0.0,-0.4472135954999579,0.0,0.0,6.279259934437336,0.15626379516316674,0.325,53.31183758412491,"{'advisory': 13, 'silent': 1}",noise_0.5,nuscenes
scene-0103_99fbf1b9bf474215a4e8ad562bb7e9b2_clip000,0.0,0.0,0.0,0.0,0.0,0.0,"{'advisory': 4, 'intervention': 9, 'silent': 5}",0.4444444444444444,0.2222222222222222,0.0,0.0,0.0,0.0,-0.8177595307636584,0.0,0.0,5.920590502735132,0.11977275754256962,0.23333333333333328,58.50687660001558,"{'advisory': 12, 'silent': 6}",noise_0.5,nuscenes
scene-0103_6e71a9ceaf9a4974a1d07a2bd3544506_clip000,0.0,0.0,0.0,0.0,0.0,0.0,"{'advisory': 4, 'intervention': 9, 'silent': 6}",0.47368421052631576,0.21052631578947367,0.0,0.0,0.0,0.0,-0.8366600265340756,0.0,0.0,5.519882876914427,0.1129995980604297,0.22105263157894733,59.781160849425966,"{'advisory': 12, 'silent': 7}",noise_0.5,nuscenes
scene-0103_34aaf645a4174c6c8ff1874e6b33ccf6_clip000,0.0,0.0,0.0,0.0,0.0,0.0,"{'advisory': 4, 'intervention': 9, 'silent': 4}",0.4117647058823529,0.23529411764705882,0.0,0.0,0.0,0.0,-0.7905694150420949,0.0,0.0,6.41332132400252,0.12659756633902372,0.24705882352941172,57.9180764924358,"{'advisory': 12, 'silent': 5}",noise_0.5,nuscenes
scene-0103_b3412553d70f40b3a1d19a0eb8529a08_clip000,0.0,0.0,0.0,0.0,0.0,0.0,"{'advisory': 12, 'intervention': 2, 'silent': 6}",0.8,0.6,0.0,0.0,0.0,0.0,-0.8495907904857465,0.0,0.0,6.922420263770726,0.5262626092521175,0.21000000000000002,67.35114817586673,"{'advisory': 12, 'silent': 8}",noise_0.5,nuscenes
scene-0103_e147a4c07e06487592fb5d6135c27a78_clip000,0.0,0.0,0.0,0.0,0.0,0.0,"{'advisory': 13, 'emergency': 1, 'intervention': 3, 'silent': 3}",0.65,0.65,0.0,0.0,0.0,0.0,-0.7947194142390263,0.0,0.0,6.885659966664349,0.5235191501734575,0.24499999999999997,63.83889630819458,"{'advisory': 14, 'silent': 6}",noise_0.5,nuscenes
scene-0103_996d9e039f7a4838ac48d5409ca89732_clip000,0.0,0.0,0.0,0.0,0.0,0.0,"{'advisory': 4, 'silent': 5, 'intervention': 8, 'emergency': 1}",0.4444444444444444,0.2222222222222222,0.0,0.0,0.0,0.0,-0.8177595307636584,0.0,0.0,5.445516119829697,0.11977275754256962,0.23333333333333328,57.789515991637145,"{'advisory': 12, 'silent': 6}",noise_0.5,nuscenes
scene-0103_72137291381349428afb1038d4e5898c_clip000,0.0,0.0,0.0,0.0,0.0,0.0,"{'advisory': 4, 'intervention': 9, 'silent': 5}",0.4444444444444444,0.2222222222222222,0.0,0.0,0.0,0.0,-0.8177595307636584,0.0,0.0,5.281608650825295,0.11977275754256962,0.23333333333333328,58.012379906480845,"{'advisory': 12, 'silent': 6}",noise_0.5,nuscenes
scene-0103_c34cb46c7be6486a85ee49653850b174_clip000,0.0,0.0,0.0,0.0,0.0,0.0,"{'advisory': 4, 'intervention': 9, 'silent': 6}",0.47368421052631576,0.21052631578947367,0.0,0.0,0.0,0.0,-0.8366600265340756,0.0,0.0,4.622787076669388,0.1129995980604297,0.22105263157894733,58.95635628488505,"{'advisory': 12, 'silent': 7}",noise_0.5,nuscenes
scene-0103_5d77c275683248658e7564ef24bf63b2_clip000,0.0,0.0,0.0,0.0,0.0,0.0,"{'advisory': 4, 'intervention': 9, 'silent': 6}",0.47368421052631576,0.21052631578947367,0.0,0.0,0.0,0.0,-0.8366600265340756,0.0,0.0,5.050617481254635,0.1129995980604297,0.22105263157894733,58.939848053292614,"{'advisory': 12, 'silent': 7}",noise_0.5,nuscenes
scene-0103_3c7331d16ac6439e9bd5a57d75976446_clip000,0.0,0.0,0.0,0.0,0.0,0.0,"{'advisory': 12, 'intervention': 1, 'silent': 7}",0.85,0.6,0.0,0.0,0.0,0.0,-0.8627635262664035,0.0,0.0,7.473117658881105,0.5262928541850912,0.1925,69.00938608978979,"{'advisory': 11, 'silent': 9}",noise_0.5,nuscenes
scene-0103_0809d64df9264121bead0772ee9b5984_clip000,0.0,0.0,0.0,0.0,0.0,0.0,"{'advisory': 10, 'silent': 1, 'intervention': 3, 'emergency': 1}",0.6666666666666666,0.6666666666666666,0.0,0.0,0.0,0.0,-0.5900968443520823,0.0,0.0,6.543180281537413,0.4285411858077444,0.30333333333333334,60.19315770360788,"{'advisory': 13, 'silent': 2}",noise_0.5,nuscenes
scene-0103_ad2ae385245f46d49b4d06f87e2ac544_clip000,0.0,0.0,0.0,0.0,0.0,0.0,"{'advisory': 5, 'intervention': 8, 'silent': 6}",0.5263157894736842,0.2631578947368421,0.0,0.0,0.0,0.0,-0.8366600265340756,0.0,0.0,5.020521498372735,0.1129995980604297,0.22105263157894733,59.387087482876815,"{'advisory': 12, 'silent': 7}",noise_0.5,nuscenes
scene-0103_09810748e6c04aacb393ebf14fafa5e8_clip000,0.0,0.0,0.0,0.0,0.0,0.0,"{'advisory': 12, 'silent': 8}",0.8,0.6,0.0,0.0,0.0,0.0,-0.8495907904857465,0.0,0.0,7.7707605600155185,0.7368544378795393,0.13999999999999999,70.81514732127884,"{'advisory': 8, 'silent': 12}",noise_0.5,nuscenes
scene-0103_4ce8f37952ad4203b1f5b23c728fb2e6_clip000,0.0,0.0,0.0,0.0,0.0,0.0,"{'advisory': 12, 'intervention': 2, 'silent': 6}",0.8,0.6,0.0,0.0,0.0,0.0,-0.8495907904857465,0.0,0.0,7.192492268669899,0.5262626092521175,0.21000000000000002,67.69377166117474,"{'advisory': 12, 'silent': 8}",noise_0.5,nuscenes
scene-0103_c1fe224b76cc49e294847788c443e470_clip000,0.0,0.0,0.0,0.0,0.0,0.0,"{'advisory': 12, 'intervention': 2, 'silent': 6}",0.75,0.6,0.0,0.0,0.0,0.0,-0.8627635262664035,0.0,0.0,7.869093469678734,0.7367676529529645,0.1925,68.03709730390672,"{'advisory': 11, 'silent': 9}",noise_0.5,nuscenes
scene-0103_608f6c85cd524242bc9d299c0a954f69_clip000,0.0,0.0,0.0,0.0,0.0,0.0,"{'advisory': 14, 'intervention': 4, 'silent': 2}",0.7,0.7,0.0,0.0,0.0,0.0,-0.693687975619296,0.0,0.0,6.330694141804847,0.6282586335563197,0.2799999999999999,62.56773143384429,"{'advisory': 16, 'silent': 4}",noise_0.5,nuscenes
scene-0103_723af3d23fb445e3ab97669e85846445_clip000,0.0,0.0,0.0,0.0,0.0,0.0,"{'advisory': 8, 'intervention': 4, 'silent': 1}",0.6153846153846154,0.6153846153846154,0.0,0.0,0.0,0.0,-0.6267831705280088,0.0,0.0,7.088198873120101,0.49993859087642073,0.29615384615384616,60.864574499876355,"{'advisory': 11, 'silent': 2}",noise_0.5,nuscenes
scene-0553_19804c352c0a4767b61b8d0709d1db99_clip000,0.0,0.0,0.0,0.0,0.0,0.0,{'silent': 20},1.0,0.0,0.0,0.0,0.0,0.0,0.0,0.0,0.0,6.702368627942937,0.0,0.0,76.45338056851719,{'silent': 20},noise_0.5,nuscenes
scene-0553_b61b72a5b5ad482e9bc94c203f75b8d4_clip000,0.0,0.0,0.0,0.0,0.0,0.0,{'silent': 20},1.0,0.0,0.0,0.0,0.0,0.0,0.0,0.0,0.0,6.562579444240372,0.0,0.0,75.81218898138391,{'silent': 20},noise_0.5,nuscenes
scene-0553_21d4060224a946e5b66fd00749282e82_clip000,0.0,0.0,0.0,0.0,0.0,0.0,{'silent': 20},1.0,0.0,0.0,0.0,0.0,0.0,0.0,0.0,0.0,6.9872108620978315,0.0,0.0,76.0584296107143,{'silent': 20},noise_0.5,nuscenes
scene-0553_340ccb3c0dcb492eaa032f0e4e3017bb_clip000,0.0,0.0,0.0,0.0,0.0,0.0,{'silent': 20},1.0,0.0,0.0,0.0,0.0,0.0,0.0,0.0,0.0,7.774141463869038,0.0,0.0,76.66426943551836,{'silent': 20},noise_0.5,nuscenes
scene-0553_afd097377c71479ea8349eeae83b8143_clip000,0.0,0.0,0.0,0.0,0.0,0.0,{'silent': 20},1.0,0.0,0.0,0.0,0.0,0.0,0.0,0.0,0.0,6.660354456570093,0.0,0.0,76.28888370144017,{'silent': 20},noise_0.5,nuscenes
scene-0553_18cdcf0d2340409b95140ea38a70fd2e_clip000,0.0,0.0,0.0,0.0,0.0,0.0,{'silent': 20},1.0,0.0,0.0,0.0,0.0,0.0,0.0,0.0,0.0,6.417919823466336,0.0,0.0,76.18163284919083,{'silent': 20},noise_0.5,nuscenes
scene-0553_2397a588f42e4195bf7fb0148aa7a3d6_clip000,0.0,0.0,0.0,0.0,0.0,0.0,{'silent': 19},1.0,0.0,0.0,0.0,0.0,0.0,0.0,0.0,0.0,6.357961374399576,0.0,0.0,76.50558736392982,{'silent': 19},noise_0.5,nuscenes
scene-0655_433e28f80ae9462eb927089896b5f669_clip000,0.0,0.0,0.0,0.0,0.0,0.0,"{'advisory': 8, 'intervention': 2, 'silent': 10}",0.9,0.4,0.0,0.0,0.0,0.0,-0.8671099695241199,0.0,0.0,7.986614673638004,0.947470648148879,0.175,68.42179291148939,"{'advisory': 10, 'silent': 10}",noise_0.5,nuscenes
scene-0655_fe199544817e496aa7708a1db0af2108_clip000,0.0,0.0,0.0,0.0,0.0,0.0,"{'advisory': 9, 'intervention': 2, 'silent': 9}",0.8,0.45,0.0,0.0,0.0,0.0,-0.8627635262664035,0.0,0.0,8.022768135845391,0.7369216152269059,0.1925,68.42279719922891,"{'advisory': 11, 'silent': 9}",noise_0.5,nuscenes
scene-0655_99d539b687cb4a46b8f1efc7204aa160_clip000,0.0,0.0,0.0,0.0,0.0,0.0,"{'advisory': 12, 'intervention': 2, 'silent': 6}",0.75,0.6,0.0,0.0,0.0,0.0,-0.8627635262664035,0.0,0.0,9.002971558800331,1.2562470811884223,0.19249999999999998,67.69074266878863,"{'advisory': 11, 'silent': 9}",noise_0.5,nuscenes
scene-0757_4b086f653d5a47a79f73f1d4a4d956d8_clip000,0.0,0.0,0.0,0.0,0.0,0.0,{'silent': 11},1.0,0.0,0.0,0.0,0.0,0.0,0.0,0.0,0.0,14.665345554985725,0.0,0.0,80.35484491481681,{'silent': 11},noise_0.5,nuscenes
scene-0757_3c16d6997c70488ab7e9dfd0fbec962e_clip000,0.0,0.0,0.0,0.0,0.0,0.0,{'silent': 11},1.0,0.0,0.0,0.0,0.0,0.0,0.0,0.0,0.0,15.270732161408214,0.0,0.0,80.33000298959358,{'silent': 11},noise_0.5,nuscenes
scene-0796_a9ba2ffc5a95458c9bd1052be9bc24ad_clip000,0.0,0.0,0.0,0.0,0.0,0.0,"{'advisory': 6, 'silent': 2, 'intervention': 4, 'emergency': 1}",0.3076923076923077,0.46153846153846156,0.0,0.0,0.0,0.0,-0.8660254037844387,0.0,0.0,5.269192435848739,0.4917840910469395,0.18846153846153843,60.47986661273731,"{'advisory': 7, 'silent': 6}",noise_0.5,nuscenes
scene-0916_4591a9f392774001a2cf523286505ac9_clip000,0.0,0.0,0.0,0.0,0.0,0.0,"{'advisory': 10, 'intervention': 1, 'silent': 9}",0.85,0.5,0.0,0.0,0.0,0.0,-0.8627635262664035,0.0,0.0,4.849278671104557,0.21055433059724998,0.15749999999999997,66.86365654170113,"{'advisory': 9, 'silent': 11}",noise_0.5,nuscenes
scene-0916_c8fcea5cd6d344e69a92241622f58be7_clip000,0.0,0.0,0.0,0.0,0.0,0.0,"{'advisory': 10, 'intervention': 1, 'silent': 9}",0.85,0.5,0.0,0.0,0.0,0.0,-0.8627635262664035,0.0,0.0,5.660069971814233,0.21279611110851027,0.15749999999999997,68.1087945295011,"{'advisory': 9, 'silent': 11}",noise_0.5,nuscenes
scene-0916_cb5fdffa966345cdb9c7c186143b7857_clip000,0.0,0.0,0.0,0.0,0.0,0.0,"{'advisory': 8, 'intervention': 2, 'silent': 10}",0.8,0.4,0.0,0.0,0.0,0.0,-0.8671099695241199,0.0,0.0,5.592574706160068,0.638352336018456,0.175,67.4789025741808,"{'advisory': 10, 'silent': 10}",noise_0.5,nuscenes
scene-0916_de7bc639112c40ec9ebe406673f1487d_clip000,0.0,0.0,0.0,0.0,0.0,0.0,"{'advisory': 9, 'intervention': 1, 'silent': 10}",0.95,0.45,0.0,0.0,0.0,0.0,-0.8671099695241199,0.0,0.0,5.869391446303389,0.42556822401230404,0.175,68.4568235521819,"{'advisory': 10, 'silent': 10}",noise_0.5,nuscenes
scene-0916_c2c271c1bc484bce81639bfda2083588_clip000,0.0,0.0,0.0,0.0,0.0,0.0,"{'advisory': 8, 'intervention': 2, 'silent': 9}",0.8421052631578947,0.42105263157894735,0.0,0.0,0.0,0.0,-0.8563488385776753,0.0,0.0,5.717750128509191,0.4494144186302051,0.2026315789473684,66.58560276453281,"{'advisory': 11, 'silent': 8}",noise_0.5,nuscenes
scene-0916_af7483c35ffa4ad193d14bbac3b0ab4e_clip000,0.0,0.0,0.0,0.0,0.0,0.0,"{'advisory': 11, 'silent': 9}",0.9,0.55,0.0,0.0,0.0,0.0,-0.8627635262664035,0.0,0.0,5.257173258152683,0.21055539459765388,0.15749999999999997,68.13564967223016,"{'advisory': 9, 'silent': 11}",noise_0.5,nuscenes
scene-0916_ebcd168fd25247f68482853796c9327f_clip000,0.0,0.0,0.0,0.0,0.0,0.0,"{'advisory': 10, 'intervention': 1, 'silent': 9}",0.85,0.5,0.0,0.0,0.0,0.0,-0.8627635262664035,0.0,0.0,5.841788654380135,0.42556822401230404,0.1575,68.37529490690726,"{'advisory': 9, 'silent': 11}",noise_0.5,nuscenes
scene-0916_9256b7cc27954e7bb5e3a3fb8c62474c_clip000,0.0,0.0,0.0,0.0,0.0,0.0,"{'advisory': 9, 'intervention': 1, 'silent': 10}",0.9,0.45,0.0,0.0,0.0,0.0,-0.8627635262664035,0.0,0.0,4.9800541504486615,0.4255425987290745,0.19249999999999998,67.10454225391518,"{'advisory': 11, 'silent': 9}",noise_0.5,nuscenes
scene-0916_eeabbd601fff49c08c086829bfe13287_clip000,0.0,0.0,0.0,0.0,0.0,0.0,"{'advisory': 9, 'intervention': 1, 'silent': 10}",0.9,0.45,0.0,0.0,0.0,0.0,-0.8627635262664035,0.0,0.0,5.215983785523804,0.21278411200615202,0.1575,67.07009203508446,"{'advisory': 9, 'silent': 11}",noise_0.5,nuscenes
scene-0916_54ca0158a30a4d8291684544ddbeff3f_clip000,0.0,0.0,0.0,0.0,0.0,0.0,"{'advisory': 9, 'intervention': 1, 'silent': 10}",0.95,0.45,0.0,0.0,0.0,0.0,-0.8671099695241199,0.0,0.0,4.777505943476125,0.42556822401230404,0.175,66.47684667665712,"{'advisory': 10, 'silent': 10}",noise_0.5,nuscenes
scene-0916_b825554384e042baba291f6f75c1ba49_clip000,0.0,0.0,0.0,0.0,0.0,0.0,"{'advisory': 9, 'intervention': 2, 'silent': 9}",0.75,0.45,0.0,0.0,0.0,0.0,-0.8495907904857465,0.0,0.0,5.477839817335342,0.42110866119449997,0.13999999999999999,67.07919826210977,"{'advisory': 8, 'silent': 12}",noise_0.5,nuscenes
scene-0916_b7ff9843f0bc4154a865230adb65a45d_clip000,0.0,0.0,0.0,0.0,0.0,0.0,"{'advisory': 9, 'intervention': 2, 'silent': 9}",0.85,0.45,0.0,0.0,0.0,0.0,-0.8671099695241199,0.0,0.0,5.700606340481004,0.42559222221702053,0.175,67.48387927393912,"{'advisory': 10, 'silent': 10}",noise_0.5,nuscenes
scene-0916_4b8ef2beabcf4121af0f287cd1a7fd55_clip000,0.0,0.0,0.0,0.0,0.0,0.0,"{'advisory': 10, 'intervention': 1, 'silent': 9}",0.9,0.5,0.0,0.0,0.0,0.0,-0.8671099695241199,0.0,0.0,5.275978899582842,0.42110866119449997,0.175,68.24334982947673,"{'advisory': 10, 'silent': 10}",noise_0.5,nuscenes
scene-0916_89eaf741be444d7e8fcc4748482d338d_clip000,0.0,0.0,0.0,0.0,0.0,0.0,"{'advisory': 10, 'silent': 10}",0.9,0.5,0.0,0.0,0.0,0.0,-0.8495907904857465,0.0,0.0,5.823999888547543,0.4255425987290745,0.13999999999999999,68.30183683710189,"{'advisory': 8, 'silent': 12}",noise_0.5,nuscenes
scene-0916_e5a06b589b93428c867bd6a92ed6da93_clip000,0.0,0.0,0.0,0.0,0.0,0.0,"{'advisory': 10, 'intervention': 1, 'silent': 9}",0.8,0.5,0.0,0.0,0.0,0.0,-0.8671099695241199,0.0,0.0,5.315588562208144,0.21279611110851027,0.175,67.26555935059744,"{'advisory': 10, 'silent': 10}",noise_0.5,nuscenes
scene-0916_68d411d0e8664a09b4c59787793b0b87_clip000,0.0,0.0,0.0,0.0,0.0,0.0,"{'advisory': 9, 'intervention': 1, 'silent': 10}",0.8,0.45,0.0,0.0,0.0,0.0,-0.8627635262664035,0.0,0.0,5.470084070972439,0.31915694904680586,0.19249999999999998,66.99869925493911,"{'advisory': 11, 'silent': 9}",noise_0.5,nuscenes
scene-0916_c6d85e602dd342d99758b41e64e86e12_clip000,0.0,0.0,0.0,0.0,0.0,0.0,"{'advisory': 10, 'intervention': 1, 'silent': 9}",0.8,0.5,0.0,0.0,0.0,0.0,-0.8671099695241199,0.0,0.0,5.8049493472359694,0.21055433059724998,0.175,68.72408094831684,"{'advisory': 10, 'silent': 10}",noise_0.5,nuscenes
scene-0916_c5a370e03491457485bfda760515e537_clip000,0.0,0.0,0.0,0.0,0.0,0.0,"{'advisory': 9, 'intervention': 2, 'silent': 9}",0.85,0.45,0.0,0.0,0.0,0.0,-0.8671099695241199,0.0,0.0,5.103428186214595,0.42110866119449997,0.175,68.07877812134001,"{'advisory': 10, 'silent': 10}",noise_0.5,nuscenes
scene-1094_55f7fb5fa2854b0da825c2cd1c94b23b_clip000,0.0,0.0,0.0,0.0,1.0,0.0,"{'advisory': 7, 'intervention': 1, 'silent': 10}",0.3888888888888889,0.3888888888888889,1.0,0.0,0.0,0.0,-0.5451730205091057,0.0,1.5023859999999996,3.1260308936896943,0.23523046705009232,0.38333333333333325,57.1446964660584,"{'advisory': 16, 'intervention': 2}",noise_0.5,nuscenes
scene-1094_47304f98d3d3484d8af8d5e4c7428022_clip000,0.0,0.0,0.0,0.0,1.0,0.0,"{'advisory': 9, 'emergency': 1, 'intervention': 3, 'silent': 7}",0.55,0.45,0.6666666666666666,0.0,0.0,0.0,-0.6192403787032474,0.0,6.004682000000001,2.706911311724834,0.631250962657718,0.3949999999999999,54.32951670332651,"{'advisory': 17, 'intervention': 3}",noise_0.5,nuscenes
scene-1094_3543efbc49b147c6a7151e945b999fe5_clip000,0.0,0.0,0.0,0.0,1.0,0.0,"{'advisory': 8, 'intervention': 1, 'silent': 10}",0.47368421052631576,0.42105263157894735,1.0,0.0,0.0,0.0,-0.6345325672866352,0.0,2.002269,3.3248982845632993,0.3332525010877917,0.363157894736842,58.24281853036182,"{'advisory': 16, 'intervention': 2, 'silent': 1}",noise_0.5,nuscenes
scene-1094_d61323aefb8640da9d5258fae57c2d1c_clip000,0.0,0.0,0.0,0.0,1.0,0.0,"{'advisory': 8, 'intervention': 1, 'silent': 10}",0.42105263157894735,0.42105263157894735,1.0,0.0,0.0,0.0,-0.532290647422377,0.0,3.5029890000000004,3.1870415342452287,0.4443366681170556,0.38157894736842096,57.946403396407206,"{'advisory': 17, 'intervention': 2}",noise_0.5,nuscenes
scene-1094_9777aa985269472595ff1ee88420008f_clip000,0.0,0.0,0.0,0.0,1.0,0.0,"{'advisory': 7, 'intervention': 1, 'silent': 10}",0.4444444444444444,0.3888888888888889,1.0,0.0,0.0,0.0,-0.3973597071195132,0.0,1.001964,3.488908144691659,0.23523046705009232,0.3666666666666666,58.34145018939351,"{'advisory': 17, 'intervention': 1}",noise_0.5,nuscenes
scene-1094_e6505be7823b40858d669c34afba37c4_clip000,0.0,0.0,0.0,0.0,1.0,0.0,"{'advisory': 15, 'intervention': 2, 'silent': 3}",0.8,0.75,1.0,0.0,0.0,0.0,-0.6192403787032474,0.0,5.499193,3.023348087201604,0.42105936852884385,0.3949999999999999,53.05512785308518,"{'advisory': 17, 'intervention': 3}",noise_0.5,nuscenes
scene-1094_9441225cd01f4730a02b5d8927063f53_clip000,0.0,0.0,0.0,0.0,1.0,0.0,"{'advisory': 12, 'emergency': 1, 'intervention': 5, 'silent': 2}",0.7,0.6,0.6,0.0,0.0,0.0,-0.7509392614826383,0.0,9.000587,3.2714793478103057,0.526292411010795,0.425,48.73071935416402,"{'advisory': 15, 'intervention': 5}",noise_0.5,nuscenes
scene-1094_dc534f142fbf42afbdd38a1afae9df7f_clip000,0.0,0.0,0.0,0.0,1.0,0.0,"{'advisory': 5, 'silent': 10}",0.26666666666666666,0.3333333333333333,0.0,0.0,0.0,0.0,-0.4330127018922193,0.0,0.0,3.3979897482432677,0.1428588979807466,0.37,60.83235628988207,"{'advisory': 14, 'intervention': 1}",noise_0.5,nuscenes
scene-1094_2c761ca3c6e745ab8b7553a3f3dc937e_clip000,0.0,0.0,0.0,0.0,1.0,0.0,"{'advisory': 10, 'intervention': 2, 'silent': 8}",0.55,0.5,1.0,0.0,0.0,0.0,-0.6192403787032474,0.0,4.452416,3.587916167773795,0.5290026775999529,0.3949999999999999,56.73111316481688,"{'advisory': 17, 'intervention': 3}",noise_0.5,nuscenes
scene-1094_155047a77309452a908e6c96ddd60b55_clip000,0.0,0.0,0.0,0.0,1.0,0.0,"{'advisory': 13, 'intervention': 3, 'silent': 4}",0.7,0.65,0.6666666666666666,0.0,0.0,0.0,-0.6192403787032474,0.0,5.499632000000001,2.8812895038483606,0.6315879890491064,0.3949999999999999,52.46893962196682,"{'advisory': 17, 'intervention': 3}",noise_0.5,nuscenes
scene-1094_8e992e7479094a61a550b951c1451092_clip000,0.0,0.0,0.0,0.0,1.0,0.0,"{'advisory': 13, 'intervention': 3, 'silent': 4}",0.7,0.65,0.6666666666666666,0.0,0.0,0.0,-0.6192403787032474,0.0,4.998771,4.024419852370498,0.42105936852884385,0.3949999999999999,53.97545686471801,"{'advisory': 17, 'intervention': 3}",noise_0.5,nuscenes
scene-1094_c530e58bfaaf4ba38bf0f66c11381d7b_clip000,0.0,0.0,0.0,0.0,1.0,0.0,"{'advisory': 14, 'intervention': 2, 'silent': 4}",0.75,0.7,1.0,0.0,0.0,0.0,-0.6192403787032474,0.0,4.998771,4.038537217592721,0.42105936852884385,0.3949999999999999,53.780350089244926,"{'advisory': 17, 'intervention': 3}",noise_0.5,nuscenes
scene-1094_029357560fcc41db9973bd656d63547d_clip000,0.0,0.0,0.0,0.0,1.0,0.0,"{'advisory': 13, 'intervention': 5, 'emergency': 2}",0.85,0.65,0.8,0.0,0.0,0.0,-0.7947194142390263,0.0,7.499250000000002,3.619355128744153,0.5262940729182543,0.44000000000000006,48.60726724362252,"{'advisory': 14, 'intervention': 6}",noise_0.5,nuscenes
scene-1094_19f0484e0ec84c0eb64c92698fe5e7e3_clip000,0.0,0.0,0.0,0.0,1.0,0.0,"{'advisory': 8, 'intervention': 9, 'emergency': 3}",0.75,0.4,0.7777777777777778,0.0,0.0,0.0,-0.8671099695241199,1.0,8.548764999999998,2.8255716642041446,0.5264159747455096,0.5,44.90340528603441,"{'advisory': 10, 'intervention': 10}",noise_0.5,nuscenes
scene-1094_98e2b15c113a477a9f291b25194cab62_clip000,0.0,0.0,0.0,0.0,1.0,0.0,"{'advisory': 6, 'silent': 1, 'intervention': 8, 'emergency': 3}",0.7777777777777778,0.3333333333333333,0.75,0.0,0.3333333333333333,0.0,-0.9091894120571928,1.0,6.000133000000002,2.2502450596345467,0.8188317259861511,0.49444444444444446,43.94023500164085,"{'advisory': 8, 'silent': 1, 'intervention': 8, 'emergency': 1}",noise_0.5,nuscenes
scene-1094_1ab7d92d3ed3455ea628c6962906d4e7_clip000,0.0,0.0,0.0,0.0,1.0,0.0,"{'advisory': 7, 'silent': 1, 'intervention': 9, 'emergency': 3}",0.7,0.35,0.6666666666666666,0.0,0.0,0.0,-0.8864052604279183,1.0,9.547959,2.418326461011191,0.628406552646487,0.46749999999999997,45.19175150423063,"{'advisory': 10, 'intervention': 9, 'silent': 1}",noise_0.5,nuscenes
scene-1100_0b2ba0a3a3874e4a9863541a7a65ec00_clip000,0.0,0.0,0.0,0.0,0.0,0.0,{'silent': 10},1.0,0.0,0.0,0.0,0.0,0.0,0.0,0.0,0.0,7.020586451921444,0.0,0.0,77.29709046609611,{'silent': 10},noise_0.5,nuscenes
scene-1100_47b04d517ed64f92ad6af4c11233de34_clip000,0.0,0.0,0.0,0.0,0.0,0.0,{'silent': 20},1.0,0.0,0.0,0.0,0.0,0.0,0.0,0.0,0.0,7.381294190293349,0.0,0.0,77.8604590590517,{'silent': 20},noise_0.5,nuscenes
scene-1100_baa84e9048974b67a0c168a8bf946d3e_clip000,0.0,0.0,0.0,0.0,0.0,0.0,{'silent': 10},1.0,0.0,0.0,0.0,0.0,0.0,0.0,0.0,0.0,6.911071413126614,0.0,0.0,77.10038881087361,{'silent': 10},noise_0.5,nuscenes
scene-1100_7a88efefda9f4fc3a30fa6a655978ada_clip000,0.0,0.0,0.0,0.0,0.0,0.0,{'silent': 20},1.0,0.0,0.0,0.0,0.0,0.0,0.0,0.0,0.0,7.721211982563754,0.0,0.0,77.93806392186721,{'silent': 20},noise_0.5,nuscenes
scene-1100_7c7ea45167174debb191420c7fb99649_clip000,0.0,0.0,0.0,0.0,0.0,0.0,{'silent': 20},1.0,0.0,0.0,0.0,0.0,0.0,0.0,0.0,0.0,6.526411091807261,0.0,0.0,77.13535708845822,{'silent': 20},noise_0.5,nuscenes
scene-1100_7b644b3fb6634f13bf30402c70770e3b_clip000,0.0,0.0,0.0,0.0,0.0,0.0,{'silent': 20},1.0,0.0,0.0,0.0,0.0,0.0,0.0,0.0,0.0,6.35612813239479,0.0,0.0,76.89434132096713,{'silent': 20},noise_0.5,nuscenes
scene-1100_1c6ea643f2d04632ac5624e0072aa659_clip000,0.0,0.0,0.0,0.0,0.0,0.0,{'silent': 20},1.0,0.0,0.0,0.0,0.0,0.0,0.0,0.0,0.0,6.724264347145567,0.0,0.0,77.20675137838113,{'silent': 20},noise_0.5,nuscenes
scene-1100_60e1ec6251134f9a8e2031b871a455d1_clip000,0.0,0.0,0.0,0.0,0.0,0.0,{'silent': 18},1.0,0.0,0.0,0.0,0.0,0.0,0.0,0.0,0.0,6.581826217000097,0.0,0.0,77.08441844862233,{'silent': 18},noise_0.5,nuscenes
near_miss_0000,0.0,0.0,0.0,0.0,1.0,0.0,"{'advisory': 21, 'intervention': 9, 'emergency': 10}",0.75,0.525,0.5555555555555556,0.0,0.4,0.0,-0.8574446148910342,1.0,2.7,0.6879035122760719,1.0256410256410258,0.4875,44.21333238271476,"{'advisory': 25, 'intervention': 11, 'emergency': 4}",noise_0.5,prism_ar_synthetic
near_miss_0001,0.0,0.0,0.0,0.0,1.0,0.0,"{'advisory': 19, 'intervention': 11, 'emergency': 10}",0.675,0.475,0.45454545454545453,0.0,0.3,0.0,-0.8539125638299664,1.0,2.5999999999999996,0.48362035315044005,1.0256410256410258,0.48125,44.16028646573683,"{'advisory': 25, 'intervention': 12, 'emergency': 3}",noise_0.5,prism_ar_synthetic
near_miss_0002,0.0,0.0,0.0,0.0,1.0,0.0,"{'advisory': 21, 'intervention': 10, 'emergency': 9}",0.775,0.525,0.7,0.0,0.3333333333333333,0.0,-0.8660254037844386,1.0,2.5999999999999996,0.6121732601906201,1.0256410256410258,0.48875,46.08186136912576,"{'advisory': 24, 'intervention': 13, 'emergency': 3}",noise_0.5,prism_ar_synthetic
near_miss_0003,0.0,0.0,0.0,0.0,1.0,0.0,"{'advisory': 18, 'intervention': 12, 'emergency': 10}",0.85,0.45,1.0,0.0,0.4,0.0,-0.904194430179465,1.0,2.9,0.5456912311435334,1.0256410256410258,0.54,41.70262190589744,"{'advisory': 18, 'intervention': 18, 'emergency': 4}",noise_0.5,prism_ar_synthetic
near_miss_0004,0.0,0.0,0.0,0.0,1.0,0.0,"{'advisory': 22, 'intervention': 8, 'emergency': 10}",0.85,0.55,1.0,0.0,0.4,0.0,-0.8893738895947856,0.0,2.5999999999999996,0.8519896453526639,1.0256410256410258,0.51,43.49196234917754,"{'advisory': 22, 'intervention': 14, 'emergency': 4}",noise_0.5,prism_ar_synthetic
near_miss_0005,0.0,0.0,0.0,0.0,1.0,0.0,"{'advisory': 22, 'intervention': 8, 'emergency': 10}",0.875,0.55,1.0,0.0,0.5,0.0,-0.8940593410189045,1.0,2.5999999999999996,0.7257391471532715,1.0256410256410258,0.51625,42.24850158707107,"{'advisory': 22, 'intervention': 13, 'emergency': 5}",noise_0.5,prism_ar_synthetic
near_miss_0006,0.0,0.0,0.0,0.0,1.0,0.0,"{'advisory': 20, 'intervention': 11, 'emergency': 9}",0.3,0.5,0.0,0.0,0.0,0.0,-0.8623583778400867,1.0,2.4,0.9056618078217757,1.5384615384615385,0.3325,53.068457007474876,"{'advisory': 25, 'intervention': 7, 'silent': 8}",noise_0.5,prism_ar_synthetic
near_miss_0007,0.0,0.0,0.0,0.0,1.0,0.0,"{'advisory': 20, 'intervention': 9, 'emergency': 11}",0.275,0.5,0.0,0.0,0.0,0.0,-0.8763663720260025,1.0,2.4,0.8377365598367156,1.5384615384615385,0.32375000000000004,53.60441267327822,"{'advisory': 24, 'intervention': 7, 'silent': 9}",noise_0.5,prism_ar_synthetic
near_miss_0008,0.0,0.0,0.0,0.0,1.0,0.0,"{'advisory': 21, 'intervention': 11, 'emergency': 8}",0.3,0.525,0.0,0.0,0.0,0.0,-0.8766132010330168,1.0,2.5,1.5424667191433739,2.0512820512820515,0.32375000000000004,53.738408710250496,"{'advisory': 24, 'intervention': 7, 'silent': 9}",noise_0.5,prism_ar_synthetic
near_miss_0009,0.0,0.0,0.0,0.0,1.0,0.0,"{'advisory': 16, 'emergency': 11, 'intervention': 9, 'silent': 4}",0.35,0.4,0.0,0.0,0.0,0.0,-0.9118823453520228,1.0,1.5,0.4424055119146437,1.2820512820512822,0.32999999999999996,51.412353626774646,"{'advisory': 21, 'intervention': 9, 'silent': 10}",noise_0.5,prism_ar_synthetic
near_miss_0010,0.0,0.0,0.0,0.0,1.0,0.0,"{'advisory': 16, 'emergency': 7, 'intervention': 13, 'silent': 4}",0.325,0.4,0.0,0.0,0.0,0.0,-0.8875178702002635,1.0,1.4,0.12823338635444406,1.2820512820512822,0.29874999999999996,52.512144609436135,"{'advisory': 23, 'intervention': 6, 'silent': 11}",noise_0.5,prism_ar_synthetic
near_miss_0011,0.0,0.0,0.0,0.0,1.0,0.0,"{'advisory': 18, 'emergency': 11, 'intervention': 10, 'silent': 1}",0.25,0.45,0.0,0.0,0.0,0.0,-0.8899438184514795,1.0,1.5,0.18177038006090004,0.7692307692307693,0.31500000000000006,52.365695492558345,"{'advisory': 23, 'intervention': 7, 'silent': 10}",noise_0.5,prism_ar_synthetic
near_miss_0012,0.0,0.0,0.0,0.0,1.0,0.0,"{'advisory': 13, 'emergency': 9, 'intervention': 13, 'silent': 5}",0.8,0.325,1.0,0.0,0.6666666666666666,0.0,-0.9180505985012213,0.0,2.0999999999999996,0.10581800873069264,1.794871794871795,0.5525,40.675315081887014,"{'advisory': 18, 'intervention': 16, 'emergency': 6}",noise_0.5,prism_ar_synthetic
near_miss_0013,0.0,0.0,0.0,0.0,1.0,0.0,"{'advisory': 16, 'emergency': 9, 'intervention': 10, 'silent': 5}",0.775,0.4,1.0,0.0,0.7777777777777778,0.0,-0.9201687488258821,0.0,2.0999999999999996,0.4666144522656541,1.794871794871795,0.5512499999999999,41.173269377255096,"{'advisory': 19, 'intervention': 14, 'emergency': 7}",noise_0.5,prism_ar_synthetic
near_miss_0014,0.0,0.0,0.0,0.0,1.0,0.0,"{'advisory': 17, 'emergency': 9, 'intervention': 8, 'silent': 6}",0.75,0.425,1.0,0.0,0.7777777777777778,0.0,-0.9089360295875353,0.0,2.0,0.34828886005532744,1.2820512820512822,0.53625,41.632019997858066,"{'advisory': 21, 'intervention': 12, 'emergency': 7}",noise_0.5,prism_ar_synthetic
near_miss_0015,0.0,0.0,0.0,0.0,1.0,0.0,"{'advisory': 19, 'intervention': 13, 'emergency': 8}",0.675,0.475,0.3076923076923077,0.0,0.625,0.0,-0.8287593771796238,1.0,3.0,0.7490023360699988,1.5384615384615385,0.4625,47.60644485784491,"{'advisory': 27, 'silent': 1, 'intervention': 7, 'emergency': 5}",noise_0.5,prism_ar_synthetic
near_miss_0016,0.0,0.0,0.0,0.0,1.0,0.0,"{'advisory': 19, 'intervention': 12, 'emergency': 9}",0.625,0.475,0.3333333333333333,0.0,0.4444444444444444,0.0,-0.8628482150723389,1.0,3.0,0.9455423693389657,1.5384615384615385,0.45500000000000007,48.416968075678156,"{'advisory': 25, 'silent': 2, 'intervention': 9, 'emergency': 4}",noise_0.5,prism_ar_synthetic
near_miss_0017,0.0,0.0,0.0,0.0,1.0,0.0,"{'advisory': 21, 'intervention': 9, 'emergency': 10}",0.675,0.525,0.1111111111111111,0.0,0.5,0.0,-0.7843032442540119,1.0,2.9,0.7365741520458056,1.5384615384615385,0.46375,48.116572445093894,"{'advisory': 29, 'intervention': 6, 'emergency': 5}",noise_0.5,prism_ar_synthetic
e9df548a3ee566c7_1981_clip000,0.0,0.0,0.0,0.0,0.0,0.0,"{'advisory': 36, 'intervention': 15}",0.5490196078431373,0.7058823529411765,0.0,0.0,0.0,0.0,-0.6300183147521006,0.0,0.0,3.760047674179077,0.8,0.2950980392156863,55.57966541165083,"{'advisory': 43, 'silent': 8}",delay_5,waymo
0015197d-b916-43b6-bcaa-8a7d90d7b87d_26944_clip000,0.0,0.0,0.0,0.0,0.0,0.0,"{'advisory': 43, 'intervention': 16}",0.6949152542372882,0.7288135593220338,0.0,0.0,0.0,0.0,-0.3134898117466747,0.0,0.0,5.246325143903048,0.5172413793103448,0.33813559322033904,57.89996887184155,"{'advisory': 57, 'silent': 2}",delay_5,argoverse
0015197d-b916-43b6-bcaa-8a7d90d7b87d_26953_clip000,0.0,0.0,0.0,0.0,0.0,0.0,"{'advisory': 72, 'intervention': 16, 'silent': 1}",0.6629213483146067,0.8089887640449438,0.0,0.0,0.0,0.0,-0.648424664440323,0.0,0.0,5.246325143903048,0.7954545454545454,0.2910112359550562,60.721387192064284,"{'advisory': 74, 'silent': 15}",delay_5,argoverse
0015197d-b916-43b6-bcaa-8a7d90d7b87d_26955_clip000,0.0,0.0,0.0,0.0,0.0,0.0,"{'advisory': 48, 'intervention': 13, 'silent': 6}",0.5970149253731343,0.7164179104477612,0.0,0.0,0.0,0.0,-0.7926804185731503,0.0,0.0,5.246325143903048,1.3636363636363638,0.24552238805970153,62.075190982910875,"{'advisory': 47, 'silent': 20}",delay_5,argoverse
0015197d-b916-43b6-bcaa-8a7d90d7b87d_26957_clip000,0.0,0.0,0.0,0.0,0.0,0.0,"{'advisory': 65, 'intervention': 16, 'silent': 1}",0.6341463414634146,0.7926829268292683,0.0,0.0,0.0,0.0,-0.6696719411036068,0.0,0.0,5.246325143903048,0.8641975308641974,0.2859756097560976,61.015483105104686,"{'advisory': 67, 'silent': 15}",delay_5,argoverse
0015197d-b916-43b6-bcaa-8a7d90d7b87d_26966_clip000,0.0,0.0,0.0,0.0,0.0,0.0,"{'advisory': 40, 'intervention': 16}",0.6964285714285714,0.7142857142857143,0.0,0.0,0.0,0.0,-0.2294157338705618,0.0,0.0,5.246325143903048,0.18181818181818182,0.34375,57.230577002294126,"{'advisory': 55, 'silent': 1}",delay_5,argoverse
0015197d-b916-43b6-bcaa-8a7d90d7b87d_27022_clip000,0.0,0.0,0.0,0.0,0.0,0.0,"{'advisory': 43, 'intervention': 16}",0.6949152542372882,0.7288135593220338,0.0,0.0,0.0,0.0,-0.3134898117466747,0.0,0.0,5.246325143903048,0.5172413793103448,0.33813559322033904,57.89996887184155,"{'advisory': 57, 'silent': 2}",delay_5,argoverse
001749f1-bc1c-47fb-a13f-9ab1f2c050a8_7637_clip000,0.0,0.0,0.0,0.0,0.0,0.0,"{'advisory': 20, 'silent': 26}",0.5869565217391305,0.43478260869565216,0.0,0.0,0.0,0.0,-0.25264557631995566,0.0,0.0,13.084576113023667,0.4444444444444444,0.0076086956521739125,72.95477347950715,"{'advisory': 1, 'silent': 45}",delay_5,argoverse
001749f1-bc1c-47fb-a13f-9ab1f2c050a8_7719_clip000,0.0,0.0,0.0,0.0,0.0,0.0,"{'advisory': 23, 'silent': 26}",0.5510204081632653,0.46938775510204084,0.0,0.0,0.0,0.0,-0.2449489742783178,0.0,0.0,13.084576113023667,0.4166666666666667,0.007142857142857143,72.84984625947973,"{'advisory': 1, 'silent': 48}",delay_5,argoverse
001749f1-bc1c-47fb-a13f-9ab1f2c050a8_7791_clip000,0.0,0.0,0.0,0.0,0.0,0.0,"{'advisory': 27, 'silent': 61}",0.7045454545454546,0.3068181818181818,0.0,0.0,0.0,0.0,-0.18359701840863138,0.0,0.0,13.084576113023667,0.2298850574712644,0.003977272727272727,74.37754081030744,"{'advisory': 1, 'silent': 87}",delay_5,argoverse
001749f1-bc1c-47fb-a13f-9ab1f2c050a8_7834_clip000,0.0,0.0,0.0,0.0,0.0,0.0,"{'advisory': 27, 'silent': 34}",0.5737704918032787,0.4426229508196721,0.0,0.0,0.0,0.0,-0.21997067253202995,0.0,0.0,13.084576113023667,0.3333333333333333,0.005737704918032787,72.92926090150549,"{'advisory': 1, 'silent': 60}",delay_5,argoverse
scene-0061_bbd6c47a20e34276bc6f2cfbc6ba6205_clip000,0.0,0.0,0.0,0.0,0.0,0.0,"{'advisory': 9, 'intervention': 2, 'silent': 4}",0.6666666666666666,0.6,0.0,0.0,0.0,0.0,-0.8660254037844386,0.0,0.0,4.141439698693297,0.5593727306073515,0.18666666666666668,63.34449013286275,"{'advisory': 8, 'silent': 7}",delay_5,nuscenes
scene-0061_3843d35144d84c02b387678f9bc7f2ed_clip000,0.0,0.0,0.0,0.0,1.0,0.0,"{'advisory': 3, 'silent': 2, 'emergency': 2}",0.2857142857142857,0.42857142857142855,0.0,0.0,0.0,0.0,-0.8017837257372733,1.0,2.994003,2.677125974241124,0.668002002670004,0.14285714285714285,63.25313710215146,"{'advisory': 1, 'intervention': 1, 'silent': 5}",delay_5,nuscenes
scene-0061_03d01c950f044575b69137f069345db0_clip000,0.0,0.0,0.0,0.0,0.0,0.0,"{'advisory': 8, 'intervention': 2, 'silent': 5}",0.7333333333333333,0.5333333333333333,0.0,0.0,0.0,0.0,-0.8660254037844386,0.0,0.0,4.141439698693297,0.5714349388464615,0.18666666666666665,63.998356543016136,"{'advisory': 8, 'silent': 7}",delay_5,nuscenes
scene-0061_221dd725c6654412a04c71ced8ad6d03_clip000,0.0,0.0,0.0,0.0,1.0,0.0,"{'advisory': 3, 'silent': 3, 'emergency': 2}",0.375,0.375,0.0,0.0,0.0,0.0,-0.7637626158259735,0.0,3.493861,2.677125974241124,0.5724326182409661,0.125,64.96307327553453,"{'advisory': 1, 'intervention': 1, 'silent': 6}",delay_5,nuscenes
scene-0061_b4db946778484c2195efa320571f53dc_clip000,0.0,0.0,0.0,0.0,0.0,0.0,"{'advisory': 8, 'intervention': 2, 'silent': 5}",0.7333333333333333,0.5333333333333333,0.0,0.0,0.0,0.0,-0.8660254037844386,0.0,0.0,4.141439698693297,0.5632931695915195,0.18666666666666668,63.58783850878019,"{'advisory': 8, 'silent': 7}",delay_5,nuscenes
scene-0061_e2f67391cb914b0cbdda3995dbc397f8_clip000,0.0,0.0,0.0,0.0,0.0,0.0,"{'advisory': 9, 'intervention': 2, 'silent': 4}",0.6666666666666666,0.6,0.0,0.0,0.0,0.0,-0.8660254037844386,0.0,0.0,4.141439698693297,0.5593727306073515,0.18666666666666668,63.34449013286275,"{'advisory': 8, 'silent': 7}",delay_5,nuscenes
scene-0061_95fc384cb4994ffe9a5caf914274ab22_clip000,0.0,0.0,0.0,0.0,0.0,0.0,"{'advisory': 8, 'intervention': 2, 'silent': 5}",0.7333333333333333,0.5333333333333333,0.0,0.0,0.0,0.0,-0.8660254037844386,0.0,0.0,4.141439698693297,0.5714349388464615,0.18666666666666665,63.998356543016136,"{'advisory': 8, 'silent': 7}",delay_5,nuscenes
scene-0061_0e79e7bed1d543c9a00acfbf90ff60b3_clip000,0.0,0.0,0.0,0.0,1.0,0.0,"{'advisory': 4, 'silent': 4, 'emergency': 2}",0.4,0.4,0.0,0.0,0.0,0.0,-0.7006490497453707,0.0,4.543954,2.677125974241124,0.44014530076668906,0.1,66.53385487442281,"{'advisory': 1, 'intervention': 1, 'silent': 8}",delay_5,nuscenes
scene-0061_1bc410ff237c4c48b9b7b094a9eaeb4d_clip000,0.0,0.0,0.0,0.0,0.0,0.0,"{'advisory': 7, 'intervention': 2, 'silent': 6}",0.8,0.4666666666666667,0.0,0.0,0.0,0.0,-0.8660254037844386,0.0,0.0,4.141439698693297,0.5714346939431495,0.18666666666666665,64.37537361938853,"{'advisory': 8, 'silent': 7}",delay_5,nuscenes
scene-0061_71603dd1a2ba4e9daf095535e38310ac_clip000,0.0,0.0,0.0,0.0,0.0,0.0,"{'advisory': 8, 'intervention': 2, 'silent': 5}",0.7333333333333333,0.5333333333333333,0.0,0.0,0.0,0.0,-0.8660254037844386,0.0,0.0,4.141439698693297,0.5714349388464615,0.18666666666666665,63.998356543016136,"{'advisory': 8, 'silent': 7}",delay_5,nuscenes
scene-0061_eb3da8843f614a90a48ddb6ee392c0c0_clip000,0.0,0.0,0.0,0.0,0.0,0.0,"{'advisory': 8, 'intervention': 2, 'silent': 5}",0.7333333333333333,0.5333333333333333,0.0,0.0,0.0,0.0,-0.8660254037844386,0.0,0.0,4.141439698693297,0.5714349388464615,0.18666666666666665,63.998356543016136,"{'advisory': 8, 'silent': 7}",delay_5,nuscenes
scene-0061_070412f6a4f944e6a0a9e01ac1ea1fee_clip000,0.0,0.0,0.0,0.0,0.0,0.0,"{'advisory': 5, 'intervention': 2, 'silent': 8}",0.8666666666666667,0.3333333333333333,0.0,0.0,0.0,0.0,-0.8660254037844386,0.0,0.0,4.141439698693297,0.4286757805042829,0.1633333333333333,65.85765861801556,"{'advisory': 7, 'silent': 8}",delay_5,nuscenes
scene-0061_e59d97d4403a48b88fbb6a58fc9959e6_clip000,0.0,0.0,0.0,0.0,0.0,0.0,"{'advisory': 7, 'intervention': 2, 'silent': 6}",0.8,0.4666666666666667,0.0,0.0,0.0,0.0,-0.8660254037844386,0.0,0.0,4.141439698693297,0.5714346939431495,0.18666666666666665,64.37537361938853,"{'advisory': 8, 'silent': 7}",delay_5,nuscenes
scene-0061_e1e148c7bcb14072822872a4cfc8e882_clip000,0.0,0.0,0.0,0.0,0.0,0.0,"{'advisory': 7, 'intervention': 2, 'silent': 6}",0.8,0.4666666666666667,0.0,0.0,0.0,0.0,-0.8660254037844386,0.0,0.0,4.141439698693297,0.5714346939431495,0.18666666666666665,64.37537361938853,"{'advisory': 8, 'silent': 7}",delay_5,nuscenes
scene-0061_f81722a685cc49eba454efbb3aec0331_clip000,0.0,0.0,0.0,0.0,0.0,0.0,"{'advisory': 8, 'intervention': 2, 'silent': 5}",0.7333333333333333,0.5333333333333333,0.0,0.0,0.0,0.0,-0.8660254037844386,0.0,0.0,4.141439698693297,0.5714349388464615,0.18666666666666665,63.998356543016136,"{'advisory': 8, 'silent': 7}",delay_5,nuscenes
scene-0061_acc1b985c3b746cdbb22fc59bb41b774_clip000,0.0,0.0,0.0,0.0,0.0,0.0,"{'advisory': 7, 'intervention': 2, 'silent': 6}",0.8,0.4666666666666667,0.0,0.0,0.0,0.0,-0.8660254037844386,0.0,0.0,4.141439698693297,0.5714346939431495,0.18666666666666665,64.37537361938851,"{'advisory': 8, 'silent': 7}",delay_5,nuscenes
scene-0061_73ee514c205c483da3d1d04282337457_clip000,0.0,0.0,0.0,0.0,0.0,0.0,"{'advisory': 7, 'intervention': 2, 'silent': 6}",0.8,0.4666666666666667,0.0,0.0,0.0,0.0,-0.8660254037844386,0.0,0.0,4.141439698693297,0.5714346939431495,0.18666666666666665,64.37537361938851,"{'advisory': 8, 'silent': 7}",delay_5,nuscenes
scene-0061_9e6d680cd81942f5acdfbb07254f8f45_clip000,0.0,0.0,0.0,0.0,0.0,0.0,"{'advisory': 5, 'intervention': 1, 'silent': 9}",0.9333333333333333,0.3333333333333333,0.0,0.0,0.0,0.0,-0.8504200642707612,0.0,0.0,4.141439698693297,0.4286077990046585,0.13999999999999999,68.07193448503558,"{'advisory': 6, 'silent': 9}",delay_5,nuscenes
scene-0061_1e775890010e4d97b74ca1d06441d023_clip000,0.0,0.0,0.0,0.0,0.0,0.0,{'silent': 6},1.0,0.0,0.0,0.0,0.0,0.0,0.0,0.0,0.0,11.844171317134732,0.0,0.0,77.82527563247511,{'silent': 6},delay_5,nuscenes
scene-0061_203a688b840844b8ae16a2b07967ffad_clip000,0.0,0.0,0.0,0.0,0.0,0.0,{'silent': 6},1.0,0.0,0.0,0.0,0.0,0.0,0.0,0.0,0.0,11.844171317134732,0.0,0.0,77.82527563247511,{'silent': 6},delay_5,nuscenes
scene-0103_3b19bb63d0924f4da3034819357d6c8b_clip000,0.0,0.0,0.0,0.0,0.0,0.0,"{'advisory': 3, 'intervention': 5, 'silent': 1}",0.3333333333333333,0.3333333333333333,0.0,0.0,0.0,0.0,-0.7245688373094719,0.0,0.0,6.604578810063417,0.25651582253722366,0.2722222222222222,55.447583692748,"{'advisory': 7, 'silent': 2}",delay_5,nuscenes
scene-0103_68a40df2846e4298af0417ea12721b5c_clip000,0.0,0.0,0.0,0.0,0.0,0.0,"{'advisory': 3, 'intervention': 5}",0.25,0.375,0.0,0.0,0.0,0.0,-0.5773502691896258,0.0,0.0,6.604578810063417,0.2857848337418152,0.30624999999999997,53.086379142061766,"{'advisory': 7, 'silent': 1}",delay_5,nuscenes
scene-0103_fa107c6dd0dc4d15b94b86cbf5b990c0_clip000,0.0,0.0,0.0,0.0,0.0,0.0,"{'advisory': 3, 'intervention': 5, 'silent': 3}",0.45454545454545453,0.2727272727272727,0.0,0.0,0.0,0.0,-0.8366600265340756,0.0,0.0,6.604578810063417,0.20415850457978568,0.2227272727272727,59.61251491717582,"{'advisory': 7, 'silent': 4}",delay_5,nuscenes
scene-0103_ead6a822f86c432481c0a9d2e4e4f827_clip000,0.0,0.0,0.0,0.0,0.0,0.0,"{'advisory': 3, 'intervention': 5, 'silent': 1}",0.3333333333333333,0.3333333333333333,0.0,0.0,0.0,0.0,-0.7245688373094719,0.0,0.0,6.604578810063417,0.25651582253722366,0.2722222222222222,55.44758369274801,"{'advisory': 7, 'silent': 2}",delay_5,nuscenes
scene-0103_99fbf1b9bf474215a4e8ad562bb7e9b2_clip000,0.0,0.0,0.0,0.0,0.0,0.0,"{'advisory': 3, 'intervention': 5, 'silent': 5}",0.5384615384615384,0.23076923076923078,0.0,0.0,0.0,0.0,-0.8660254037844387,0.0,0.0,6.604578810063417,0.17099559104968035,0.18846153846153843,62.377506796867024,"{'advisory': 7, 'silent': 6}",delay_5,nuscenes
scene-0103_6e71a9ceaf9a4974a1d07a2bd3544506_clip000,0.0,0.0,0.0,0.0,0.0,0.0,"{'advisory': 3, 'intervention': 5, 'silent': 6}",0.5714285714285714,0.21428571428571427,0.0,0.0,0.0,0.0,-0.8682431421244592,0.0,0.0,6.604578810063417,0.15751630805716393,0.175,63.345906623115404,"{'advisory': 7, 'silent': 7}",delay_5,nuscenes
scene-0103_34aaf645a4174c6c8ff1874e6b33ccf6_clip000,0.0,0.0,0.0,0.0,0.0,0.0,"{'advisory': 3, 'intervention': 5, 'silent': 4}",0.5,0.25,0.0,0.0,0.0,0.0,-0.8568930704969754,0.0,0.0,6.604578810063417,0.1852535917892644,0.20416666666666664,61.08220700600938,"{'advisory': 7, 'silent': 5}",delay_5,nuscenes
scene-0103_b3412553d70f40b3a1d19a0eb8529a08_clip000,0.0,0.0,0.0,0.0,0.0,0.0,"{'advisory': 12, 'intervention': 2, 'silent': 1}",0.6666666666666666,0.8,0.0,0.0,0.0,0.0,-0.7676494735787384,0.0,0.0,7.815466782298337,0.7092475238395821,0.25666666666666665,65.13580762469488,"{'advisory': 11, 'silent': 4}",delay_5,nuscenes
scene-0103_e147a4c07e06487592fb5d6135c27a78_clip000,0.0,0.0,0.0,0.0,0.0,0.0,"{'advisory': 11, 'intervention': 4}",0.5333333333333333,0.7333333333333333,0.0,0.0,0.0,0.0,-0.6943650748294136,0.0,0.0,7.211785952341847,0.5714782083929574,0.28,61.059754596550576,"{'advisory': 12, 'silent': 3}",delay_5,nuscenes
scene-0103_996d9e039f7a4838ac48d5409ca89732_clip000,0.0,0.0,0.0,0.0,0.0,0.0,"{'advisory': 3, 'intervention': 5, 'silent': 5}",0.5384615384615384,0.23076923076923078,0.0,0.0,0.0,0.0,-0.8660254037844387,0.0,0.0,6.604578810063417,0.17099559104968035,0.18846153846153843,62.377506796867046,"{'advisory': 7, 'silent': 6}",delay_5,nuscenes
scene-0103_72137291381349428afb1038d4e5898c_clip000,0.0,0.0,0.0,0.0,0.0,0.0,"{'advisory': 3, 'intervention': 5, 'silent': 5}",0.5384615384615384,0.23076923076923078,0.0,0.0,0.0,0.0,-0.8660254037844387,0.0,0.0,6.604578810063417,0.17099559104968035,0.18846153846153843,62.377506796867046,"{'advisory': 7, 'silent': 6}",delay_5,nuscenes
scene-0103_c34cb46c7be6486a85ee49653850b174_clip000,0.0,0.0,0.0,0.0,0.0,0.0,"{'advisory': 3, 'intervention': 5, 'silent': 6}",0.5714285714285714,0.21428571428571427,0.0,0.0,0.0,0.0,-0.8682431421244592,0.0,0.0,6.604578810063417,0.15751630805716393,0.175,63.34590662311542,"{'advisory': 7, 'silent': 7}",delay_5,nuscenes
scene-0103_5d77c275683248658e7564ef24bf63b2_clip000,0.0,0.0,0.0,0.0,0.0,0.0,"{'advisory': 3, 'intervention': 5, 'silent': 6}",0.5714285714285714,0.21428571428571427,0.0,0.0,0.0,0.0,-0.8682431421244592,0.0,0.0,6.604578810063417,0.15751630805716393,0.175,63.345906623115404,"{'advisory': 7, 'silent': 7}",delay_5,nuscenes
scene-0103_3c7331d16ac6439e9bd5a57d75976446_clip000,0.0,0.0,0.0,0.0,0.0,0.0,"{'advisory': 12, 'intervention': 1, 'silent': 2}",0.7333333333333333,0.8,0.0,0.0,0.0,0.0,-0.8183170883849713,0.0,0.0,7.967399571723729,0.7092475238395821,0.23333333333333334,66.93498829391987,"{'advisory': 10, 'silent': 5}",delay_5,nuscenes
scene-0103_0809d64df9264121bead0772ee9b5984_clip000,0.0,0.0,0.0,0.0,0.0,0.0,"{'advisory': 5, 'intervention': 4, 'silent': 1}",0.5,0.5,0.0,0.0,0.0,0.0,-0.6963106238227913,0.0,0.0,7.211785952341847,0.6665047800611986,0.27999999999999997,58.6374883887281,"{'advisory': 8, 'silent': 2}",delay_5,nuscenes
scene-0103_ad2ae385245f46d49b4d06f87e2ac544_clip000,0.0,0.0,0.0,0.0,0.0,0.0,"{'advisory': 3, 'intervention': 5, 'silent': 6}",0.5714285714285714,0.21428571428571427,0.0,0.0,0.0,0.0,-0.8682431421244592,0.0,0.0,6.604578810063417,0.15751630805716393,0.175,63.345906623115404,"{'advisory': 7, 'silent': 7}",delay_5,nuscenes
scene-0103_09810748e6c04aacb393ebf14fafa5e8_clip000,0.0,0.0,0.0,0.0,0.0,0.0,"{'advisory': 12, 'silent': 3}",0.8,0.8,0.0,0.0,0.0,0.0,-0.8504200642707612,0.0,0.0,7.967399571723729,0.7092513469037703,0.21000000000000002,68.66491306917797,"{'advisory': 9, 'silent': 6}",delay_5,nuscenes
scene-0103_4ce8f37952ad4203b1f5b23c728fb2e6_clip000,0.0,0.0,0.0,0.0,0.0,0.0,"{'advisory': 12, 'intervention': 2, 'silent': 1}",0.6666666666666666,0.8,0.0,0.0,0.0,0.0,-0.7676494735787384,0.0,0.0,7.815466782298337,0.7092475238395821,0.25666666666666665,65.13580762469489,"{'advisory': 11, 'silent': 4}",delay_5,nuscenes
scene-0103_c1fe224b76cc49e294847788c443e470_clip000,0.0,0.0,0.0,0.0,0.0,0.0,"{'advisory': 12, 'intervention': 2, 'silent': 1}",0.6666666666666666,0.8,0.0,0.0,0.0,0.0,-0.7676494735787384,0.0,0.0,7.815466782298337,0.7092475238395821,0.25666666666666665,65.13580762469489,"{'advisory': 11, 'silent': 4}",delay_5,nuscenes
scene-0103_608f6c85cd524242bc9d299c0a954f69_clip000,0.0,0.0,0.0,0.0,0.0,0.0,"{'advisory': 10, 'intervention': 4, 'silent': 1}",0.5333333333333333,0.6666666666666666,0.0,0.0,0.0,0.0,-0.7676494735787384,0.0,0.0,7.211785952341847,0.714235309679574,0.25666666666666665,61.489647985027624,"{'advisory': 11, 'silent': 4}",delay_5,nuscenes
scene-0103_723af3d23fb445e3ab97669e85846445_clip000,0.0,0.0,0.0,0.0,0.0,0.0,"{'advisory': 3, 'intervention': 4, 'silent': 1}",0.5,0.375,0.0,0.0,0.0,0.0,-0.5773502691896258,0.0,0.0,7.211785952341847,0.2856032268594984,0.30624999999999997,55.739140609187054,"{'advisory': 7, 'silent': 1}",delay_5,nuscenes
scene-0553_19804c352c0a4767b61b8d0709d1db99_clip000,0.0,0.0,0.0,0.0,0.0,0.0,{'silent': 15},1.0,0.0,0.0,0.0,0.0,0.0,0.0,0.0,0.0,8.084154238460355,0.0,0.0,76.83557058794796,{'silent': 15},delay_5,nuscenes
scene-0553_b61b72a5b5ad482e9bc94c203f75b8d4_clip000,0.0,0.0,0.0,0.0,0.0,0.0,{'silent': 15},1.0,0.0,0.0,0.0,0.0,0.0,0.0,0.0,0.0,7.978217155706357,0.0,0.0,76.687488324265,{'silent': 15},delay_5,nuscenes
scene-0553_21d4060224a946e5b66fd00749282e82_clip000,0.0,0.0,0.0,0.0,0.0,0.0,{'silent': 15},1.0,0.0,0.0,0.0,0.0,0.0,0.0,0.0,0.0,7.913043448354689,0.0,0.0,76.18039555611381,{'silent': 15},delay_5,nuscenes
scene-0553_340ccb3c0dcb492eaa032f0e4e3017bb_clip000,0.0,0.0,0.0,0.0,0.0,0.0,{'silent': 15},1.0,0.0,0.0,0.0,0.0,0.0,0.0,0.0,0.0,7.913043448354689,0.0,0.0,76.07277208806141,{'silent': 15},delay_5,nuscenes
scene-0553_afd097377c71479ea8349eeae83b8143_clip000,0.0,0.0,0.0,0.0,0.0,0.0,{'silent': 15},1.0,0.0,0.0,0.0,0.0,0.0,0.0,0.0,0.0,7.913043448354689,0.0,0.0,76.0727720880614,{'silent': 15},delay_5,nuscenes
scene-0553_18cdcf0d2340409b95140ea38a70fd2e_clip000,0.0,0.0,0.0,0.0,0.0,0.0,{'silent': 15},1.0,0.0,0.0,0.0,0.0,0.0,0.0,0.0,0.0,7.917345713749983,0.0,0.0,76.55073945494446,{'silent': 15},delay_5,nuscenes
scene-0553_2397a588f42e4195bf7fb0148aa7a3d6_clip000,0.0,0.0,0.0,0.0,0.0,0.0,{'silent': 14},1.0,0.0,0.0,0.0,0.0,0.0,0.0,0.0,0.0,8.085599099189949,0.0,0.0,77.02731676044161,{'silent': 14},delay_5,nuscenes
scene-0655_433e28f80ae9462eb927089896b5f669_clip000,0.0,0.0,0.0,0.0,0.0,0.0,"{'advisory': 9, 'intervention': 2, 'silent': 4}",0.8,0.6,0.0,0.0,0.0,0.0,-0.8183170883849713,0.0,0.0,9.303399999255339,1.1350415708975339,0.23333333333333336,65.93035730644907,"{'advisory': 10, 'silent': 5}",delay_5,nuscenes
scene-0655_fe199544817e496aa7708a1db0af2108_clip000,0.0,0.0,0.0,0.0,0.0,0.0,"{'advisory': 9, 'intervention': 2, 'silent': 4}",0.8,0.6,0.0,0.0,0.0,0.0,-0.8183170883849713,0.0,0.0,9.303399999255339,1.1350415708975339,0.23333333333333336,65.93035730644907,"{'advisory': 10, 'silent': 5}",delay_5,nuscenes
scene-0655_99d539b687cb4a46b8f1efc7204aa160_clip000,0.0,0.0,0.0,0.0,0.0,0.0,"{'advisory': 10, 'intervention': 1, 'silent': 4}",0.7333333333333333,0.6666666666666666,0.0,0.0,0.0,0.0,-0.8660254037844386,0.0,0.0,9.303399999255339,1.1339403221382713,0.18666666666666665,68.35413360243956,"{'advisory': 8, 'silent': 7}",delay_5,nuscenes
scene-0757_4b086f653d5a47a79f73f1d4a4d956d8_clip000,0.0,0.0,0.0,0.0,0.0,0.0,{'silent': 6},1.0,0.0,0.0,0.0,0.0,0.0,0.0,0.0,0.0,15.367333636732997,0.0,0.0,80.7905472550613,{'silent': 6},delay_5,nuscenes
scene-0757_3c16d6997c70488ab7e9dfd0fbec962e_clip000,0.0,0.0,0.0,0.0,0.0,0.0,{'silent': 6},1.0,0.0,0.0,0.0,0.0,0.0,0.0,0.0,0.0,15.367333636732997,0.0,0.0,80.7905472550613,{'silent': 6},delay_5,nuscenes
scene-0796_a9ba2ffc5a95458c9bd1052be9bc24ad_clip000,0.0,0.0,0.0,0.0,0.0,0.0,"{'advisory': 5, 'intervention': 1, 'silent': 2}",0.375,0.625,0.0,0.0,0.0,0.0,-0.7559289460184545,0.0,0.0,10.396871605146085,0.8570855548514756,0.0875,68.45728690927865,"{'advisory': 2, 'silent': 6}",delay_5,nuscenes
scene-0916_4591a9f392774001a2cf523286505ac9_clip000,0.0,0.0,0.0,0.0,0.0,0.0,"{'advisory': 9, 'intervention': 1, 'silent': 5}",0.8666666666666667,0.6,0.0,0.0,0.0,0.0,-0.8504200642707612,0.0,0.0,5.928808108233976,0.2857182449528229,0.21,66.25043308343871,"{'advisory': 9, 'silent': 6}",delay_5,nuscenes
scene-0916_c8fcea5cd6d344e69a92241622f58be7_clip000,0.0,0.0,0.0,0.0,0.0,0.0,"{'advisory': 9, 'intervention': 1, 'silent': 5}",0.8666666666666667,0.6,0.0,0.0,0.0,0.0,-0.8504200642707612,0.0,0.0,5.928808108233976,0.28571714288571454,0.21,65.7952178195233,"{'advisory': 9, 'silent': 6}",delay_5,nuscenes
scene-0916_cb5fdffa966345cdb9c7c186143b7857_clip000,0.0,0.0,0.0,0.0,0.0,0.0,"{'advisory': 8, 'intervention': 1, 'silent': 6}",0.9333333333333333,0.5333333333333333,0.0,0.0,0.0,0.0,-0.8504200642707612,0.0,0.0,5.928808108233976,0.285740328904263,0.21000000000000002,65.98304858546076,"{'advisory': 9, 'silent': 6}",delay_5,nuscenes
scene-0916_de7bc639112c40ec9ebe406673f1487d_clip000,0.0,0.0,0.0,0.0,0.0,0.0,"{'advisory': 8, 'intervention': 1, 'silent': 6}",0.9333333333333333,0.5333333333333333,0.0,0.0,0.0,0.0,-0.8504200642707612,0.0,0.0,5.928808108233976,0.285740328904263,0.21000000000000002,65.98304858546076,"{'advisory': 9, 'silent': 6}",delay_5,nuscenes
scene-0916_c2c271c1bc484bce81639bfda2083588_clip000,0.0,0.0,0.0,0.0,0.0,0.0,"{'advisory': 9, 'intervention': 1, 'silent': 4}",0.9285714285714286,0.6428571428571429,0.0,0.0,0.0,0.0,-0.7844645405527362,0.0,0.0,5.928808108233976,0.4614923832989599,0.25000000000000006,64.83317592512884,"{'advisory': 10, 'silent': 4}",delay_5,nuscenes
scene-0916_af7483c35ffa4ad193d14bbac3b0ab4e_clip000,0.0,0.0,0.0,0.0,0.0,0.0,"{'advisory': 9, 'intervention': 1, 'silent': 5}",0.8666666666666667,0.6,0.0,0.0,0.0,0.0,-0.8504200642707612,0.0,0.0,5.928808108233976,0.1428702460997137,0.21,66.9107195895844,"{'advisory': 9, 'silent': 6}",delay_5,nuscenes
scene-0916_ebcd168fd25247f68482853796c9327f_clip000,0.0,0.0,0.0,0.0,0.0,0.0,"{'advisory': 8, 'intervention': 1, 'silent': 6}",0.9333333333333333,0.5333333333333333,0.0,0.0,0.0,0.0,-0.8504200642707612,0.0,0.0,5.928808108233976,0.285740328904263,0.21000000000000002,65.98304858546079,"{'advisory': 9, 'silent': 6}",delay_5,nuscenes
scene-0916_9256b7cc27954e7bb5e3a3fb8c62474c_clip000,0.0,0.0,0.0,0.0,0.0,0.0,"{'advisory': 9, 'intervention': 1, 'silent': 5}",0.9333333333333333,0.6,0.0,0.0,0.0,0.0,-0.8183170883849713,0.0,0.0,5.928808108233976,0.4285749796212598,0.23333333333333336,65.53857794500236,"{'advisory': 10, 'silent': 5}",delay_5,nuscenes
scene-0916_eeabbd601fff49c08c086829bfe13287_clip000,0.0,0.0,0.0,0.0,0.0,0.0,"{'advisory': 8, 'intervention': 1, 'silent': 6}",0.9333333333333333,0.5333333333333333,0.0,0.0,0.0,0.0,-0.8504200642707612,0.0,0.0,5.928808108233976,0.285740328904263,0.21000000000000002,65.98304858546079,"{'advisory': 9, 'silent': 6}",delay_5,nuscenes
scene-0916_54ca0158a30a4d8291684544ddbeff3f_clip000,0.0,0.0,0.0,0.0,0.0,0.0,"{'advisory': 8, 'intervention': 1, 'silent': 6}",0.9333333333333333,0.5333333333333333,0.0,0.0,0.0,0.0,-0.8504200642707612,0.0,0.0,5.928808108233976,0.285740328904263,0.21000000000000002,65.98304858546076,"{'advisory': 9, 'silent': 6}",delay_5,nuscenes
scene-0916_b825554384e042baba291f6f75c1ba49_clip000,0.0,0.0,0.0,0.0,0.0,0.0,"{'advisory': 9, 'intervention': 1, 'silent': 5}",0.8666666666666667,0.6,0.0,0.0,0.0,0.0,-0.8504200642707612,0.0,0.0,5.928808108233976,0.2857182449528229,0.21,66.25043308343871,"{'advisory': 9, 'silent': 6}",delay_5,nuscenes
scene-0916_b7ff9843f0bc4154a865230adb65a45d_clip000,0.0,0.0,0.0,0.0,0.0,0.0,"{'advisory': 9, 'intervention': 1, 'silent': 5}",0.8666666666666667,0.6,0.0,0.0,0.0,0.0,-0.8504200642707612,0.0,0.0,5.928808108233976,0.28571714288571454,0.21,65.7952178195233,"{'advisory': 9, 'silent': 6}",delay_5,nuscenes
scene-0916_4b8ef2beabcf4121af0f287cd1a7fd55_clip000,0.0,0.0,0.0,0.0,0.0,0.0,"{'advisory': 9, 'intervention': 1, 'silent': 5}",0.8666666666666667,0.6,0.0,0.0,0.0,0.0,-0.8504200642707612,0.0,0.0,5.928808108233976,0.2857182449528229,0.21,66.25043308343871,"{'advisory': 9, 'silent': 6}",delay_5,nuscenes
scene-0916_89eaf741be444d7e8fcc4748482d338d_clip000,0.0,0.0,0.0,0.0,0.0,0.0,"{'advisory': 9, 'intervention': 1, 'silent': 5}",0.9333333333333333,0.6,0.0,0.0,0.0,0.0,-0.8183170883849713,0.0,0.0,5.928808108233976,0.4285749796212598,0.23333333333333336,65.53857794500237,"{'advisory': 10, 'silent': 5}",delay_5,nuscenes
scene-0916_e5a06b589b93428c867bd6a92ed6da93_clip000,0.0,0.0,0.0,0.0,0.0,0.0,"{'advisory': 9, 'intervention': 1, 'silent': 5}",0.8666666666666667,0.6,0.0,0.0,0.0,0.0,-0.8504200642707612,0.0,0.0,5.928808108233976,0.28571714288571454,0.21,65.7952178195233,"{'advisory': 9, 'silent': 6}",delay_5,nuscenes
scene-0916_68d411d0e8664a09b4c59787793b0b87_clip000,0.0,0.0,0.0,0.0,0.0,0.0,"{'advisory': 9, 'intervention': 1, 'silent': 5}",0.9333333333333333,0.6,0.0,0.0,0.0,0.0,-0.8183170883849713,0.0,0.0,5.928808108233976,0.4285749796212598,0.23333333333333336,65.53857794500237,"{'advisory': 10, 'silent': 5}",delay_5,nuscenes
scene-0916_c6d85e602dd342d99758b41e64e86e12_clip000,0.0,0.0,0.0,0.0,0.0,0.0,"{'advisory': 9, 'intervention': 1, 'silent': 5}",0.8666666666666667,0.6,0.0,0.0,0.0,0.0,-0.8504200642707612,0.0,0.0,5.928808108233976,0.2857182449528229,0.21,66.25043308343871,"{'advisory': 9, 'silent': 6}",delay_5,nuscenes
scene-0916_c5a370e03491457485bfda760515e537_clip000,0.0,0.0,0.0,0.0,0.0,0.0,"{'advisory': 9, 'intervention': 1, 'silent': 5}",0.8666666666666667,0.6,0.0,0.0,0.0,0.0,-0.8504200642707612,0.0,0.0,5.928808108233976,0.2857182449528229,0.21,66.25043308343872,"{'advisory': 9, 'silent': 6}",delay_5,nuscenes
scene-1094_55f7fb5fa2854b0da825c2cd1c94b23b_clip000,0.0,0.0,0.0,0.0,1.0,0.0,"{'advisory': 7, 'intervention': 1, 'silent': 5}",0.6153846153846154,0.5384615384615384,1.0,0.0,0.0,0.0,-0.4629100498862757,0.0,1.001964,3.706649448127391,0.3331704130013757,0.37307692307692303,54.19538815104766,"{'advisory': 12, 'intervention': 1}",delay_5,nuscenes
scene-1094_47304f98d3d3484d8af8d5e4c7428022_clip000,0.0,0.0,0.0,0.0,1.0,0.0,"{'advisory': 10, 'intervention': 3, 'silent': 2}",0.8,0.6666666666666666,0.6666666666666666,0.0,0.0,0.0,-0.5900968443520823,0.0,4.003540000000001,3.706649448127391,0.5711100551920756,0.3899999999999999,51.06565886833634,"{'advisory': 13, 'intervention': 2}",delay_5,nuscenes
scene-1094_3543efbc49b147c6a7151e945b999fe5_clip000,0.0,0.0,0.0,0.0,1.0,0.0,"{'advisory': 8, 'intervention': 1, 'silent': 5}",0.6428571428571429,0.5714285714285714,1.0,0.0,0.0,0.0,-0.4472135954999579,0.0,1.5018470000000006,3.706649448127391,0.30755901634630034,0.3714285714285714,54.50926590042018,"{'advisory': 13, 'intervention': 1}",delay_5,nuscenes
scene-1094_d61323aefb8640da9d5258fae57c2d1c_clip000,0.0,0.0,0.0,0.0,1.0,0.0,"{'advisory': 8, 'intervention': 1, 'silent': 5}",0.6428571428571429,0.5714285714285714,1.0,0.0,0.0,0.0,-0.4472135954999579,0.0,1.5018470000000006,3.706649448127391,0.30755901634630034,0.3714285714285714,54.50926590042018,"{'advisory': 13, 'intervention': 1}",delay_5,nuscenes
scene-1094_9777aa985269472595ff1ee88420008f_clip000,0.0,0.0,0.0,0.0,1.0,0.0,"{'advisory': 7, 'intervention': 1, 'silent': 5}",0.6153846153846154,0.5384615384615384,1.0,0.0,0.0,0.0,-0.4629100498862757,0.0,1.001964,3.706649448127391,0.3331704130013757,0.37307692307692303,54.19538815104766,"{'advisory': 12, 'intervention': 1}",delay_5,nuscenes
scene-1094_e6505be7823b40858d669c34afba37c4_clip000,0.0,0.0,0.0,0.0,1.0,0.0,"{'advisory': 12, 'intervention': 3}",0.9333333333333333,0.8,0.6666666666666666,0.0,0.0,0.0,-0.5900968443520823,0.0,4.998771,3.706649448127391,0.5714356735576571,0.38999999999999985,51.36540648796055,"{'advisory': 13, 'intervention': 2}",delay_5,nuscenes
scene-1094_9441225cd01f4730a02b5d8927063f53_clip000,0.0,0.0,0.0,0.0,1.0,0.0,"{'advisory': 9, 'intervention': 5, 'emergency': 1}",0.8666666666666667,0.6,0.8,0.0,0.0,0.0,-0.8183170883849713,0.0,6.999445000000001,3.745609057209719,0.5714738811434334,0.45,48.85122984628855,"{'advisory': 10, 'intervention': 5}",delay_5,nuscenes
scene-1094_dc534f142fbf42afbdd38a1afae9df7f_clip000,0.0,0.0,0.0,0.0,0.0,0.0,"{'advisory': 5, 'silent': 5}",0.5,0.5,0.0,0.0,0.0,0.0,0.0,0.0,0.0,3.706649448127391,0.0,0.35,57.3859021374751,{'advisory': 10},delay_5,nuscenes
scene-1094_2c761ca3c6e745ab8b7553a3f3dc937e_clip000,0.0,0.0,0.0,0.0,1.0,0.0,"{'advisory': 9, 'intervention': 2, 'silent': 4}",0.7333333333333333,0.6,1.0,0.0,0.0,0.0,-0.5900968443520823,0.0,2.4512740000000006,3.706649448127391,0.43150870834916133,0.3899999999999999,53.09824943721433,"{'advisory': 13, 'intervention': 2}",delay_5,nuscenes
scene-1094_155047a77309452a908e6c96ddd60b55_clip000,0.0,0.0,0.0,0.0,1.0,0.0,"{'advisory': 11, 'intervention': 3, 'silent': 1}",0.8666666666666667,0.7333333333333333,0.6666666666666666,0.0,0.0,0.0,-0.5900968443520823,0.0,4.498894000000001,3.706649448127391,0.571439102234884,0.3899999999999999,51.170743008282855,"{'advisory': 13, 'intervention': 2}",delay_5,nuscenes
scene-1094_8e992e7479094a61a550b951c1451092_clip000,0.0,0.0,0.0,0.0,1.0,0.0,"{'advisory': 12, 'intervention': 3}",0.9333333333333333,0.8,0.6666666666666666,0.0,0.0,0.0,-0.5900968443520823,0.0,4.998771,3.706649448127391,0.5714356735576571,0.38999999999999985,51.36540648796055,"{'advisory': 13, 'intervention': 2}",delay_5,nuscenes
scene-1094_c530e58bfaaf4ba38bf0f66c11381d7b_clip000,0.0,0.0,0.0,0.0,1.0,0.0,"{'advisory': 12, 'intervention': 3}",0.9333333333333333,0.8,0.6666666666666666,0.0,0.0,0.0,-0.5900968443520823,0.0,4.998771,3.706649448127391,0.5714356735576571,0.38999999999999985,51.36540648796055,"{'advisory': 13, 'intervention': 2}",delay_5,nuscenes
scene-1094_029357560fcc41db9973bd656d63547d_clip000,0.0,0.0,0.0,0.0,1.0,0.0,"{'advisory': 9, 'intervention': 4, 'emergency': 2}",0.8,0.6,0.75,0.0,0.0,0.0,-0.8183170883849713,0.0,5.047976000000001,2.8688461782870722,0.42867890449677015,0.45000000000000007,48.38000498367616,"{'advisory': 10, 'intervention': 5}",delay_5,nuscenes
scene-1094_19f0484e0ec84c0eb64c92698fe5e7e3_clip000,0.0,0.0,0.0,0.0,1.0,0.0,"{'advisory': 4, 'intervention': 8, 'emergency': 3}",0.6666666666666666,0.26666666666666666,0.75,0.0,0.0,0.0,-0.8504200642707612,1.0,5.000938999999999,2.8688461782870722,0.4287858827679388,0.53,41.78980016921176,"{'advisory': 6, 'intervention': 9}",delay_5,nuscenes
scene-1094_98e2b15c113a477a9f291b25194cab62_clip000,0.0,0.0,0.0,0.0,1.0,0.0,"{'advisory': 2, 'silent': 1, 'intervention': 7, 'emergency': 3}",0.6923076923076923,0.15384615384615385,0.8571428571428571,0.0,0.0,0.0,-0.8119979429411501,1.0,6.000133000000002,2.8688461782870722,0.6666518892164555,0.5307692307692308,41.154082343576675,"{'advisory': 3, 'intervention': 9, 'silent': 1}",delay_5,nuscenes
scene-1094_1ab7d92d3ed3455ea628c6962906d4e7_clip000,0.0,0.0,0.0,0.0,1.0,0.0,"{'advisory': 4, 'silent': 1, 'intervention': 7, 'emergency': 3}",0.7333333333333333,0.26666666666666666,0.8571428571428571,0.0,0.0,0.0,-0.8660254037844386,1.0,6.000133000000002,2.8688461782870722,0.7142385745397946,0.5066666666666666,42.91592359219035,"{'advisory': 5, 'intervention': 9, 'silent': 1}",delay_5,nuscenes
scene-1100_0b2ba0a3a3874e4a9863541a7a65ec00_clip000,0.0,0.0,0.0,0.0,0.0,0.0,{'silent': 5},1.0,0.0,0.0,0.0,0.0,0.0,0.0,0.0,0.0,7.622279608464889,0.0,0.0,77.25522709963307,{'silent': 5},delay_5,nuscenes
scene-1100_47b04d517ed64f92ad6af4c11233de34_clip000,0.0,0.0,0.0,0.0,0.0,0.0,{'silent': 15},1.0,0.0,0.0,0.0,0.0,0.0,0.0,0.0,0.0,8.395470031155442,0.0,0.0,78.15903178190486,{'silent': 15},delay_5,nuscenes
scene-1100_baa84e9048974b67a0c168a8bf946d3e_clip000,0.0,0.0,0.0,0.0,0.0,0.0,{'silent': 5},1.0,0.0,0.0,0.0,0.0,0.0,0.0,0.0,0.0,7.622279608464889,0.0,0.0,77.25522709963307,{'silent': 5},delay_5,nuscenes
scene-1100_7a88efefda9f4fc3a30fa6a655978ada_clip000,0.0,0.0,0.0,0.0,0.0,0.0,{'silent': 15},1.0,0.0,0.0,0.0,0.0,0.0,0.0,0.0,0.0,8.679369995684302,0.0,0.0,78.24327838165043,{'silent': 15},delay_5,nuscenes
scene-1100_7c7ea45167174debb191420c7fb99649_clip000,0.0,0.0,0.0,0.0,0.0,0.0,{'silent': 15},1.0,0.0,0.0,0.0,0.0,0.0,0.0,0.0,0.0,8.26878377044951,0.0,0.0,77.99321799805323,{'silent': 15},delay_5,nuscenes
scene-1100_7b644b3fb6634f13bf30402c70770e3b_clip000,0.0,0.0,0.0,0.0,0.0,0.0,{'silent': 15},1.0,0.0,0.0,0.0,0.0,0.0,0.0,0.0,0.0,7.622279608464889,0.0,0.0,77.33417754292415,{'silent': 15},delay_5,nuscenes
scene-1100_1c6ea643f2d04632ac5624e0072aa659_clip000,0.0,0.0,0.0,0.0,0.0,0.0,{'silent': 15},1.0,0.0,0.0,0.0,0.0,0.0,0.0,0.0,0.0,8.182454428355468,0.0,0.0,77.57697115228883,{'silent': 15},delay_5,nuscenes
scene-1100_60e1ec6251134f9a8e2031b871a455d1_clip000,0.0,0.0,0.0,0.0,0.0,0.0,{'silent': 13},1.0,0.0,0.0,0.0,0.0,0.0,0.0,0.0,0.0,7.622279608464889,0.0,0.0,77.32455353223483,{'silent': 13},delay_5,nuscenes
near_miss_0000,0.0,0.0,0.0,0.0,1.0,0.0,"{'advisory': 15, 'intervention': 10, 'emergency': 10}",0.7142857142857143,0.42857142857142855,0.6,0.0,0.4,0.0,-0.8944271909999161,1.0,2.7,0.6153846153846168,1.1764705882352942,0.5157142857142858,41.773696715577785,"{'advisory': 19, 'intervention': 12, 'emergency': 4}",delay_5,prism_ar_synthetic
near_miss_0001,0.0,0.0,0.0,0.0,1.0,0.0,"{'advisory': 15, 'intervention': 10, 'emergency': 10}",0.7142857142857143,0.42857142857142855,0.6,0.0,0.4,0.0,-0.8944271909999161,1.0,2.7,0.6322434491419031,1.1764705882352942,0.5157142857142858,41.80306482649944,"{'advisory': 19, 'intervention': 12, 'emergency': 4}",delay_5,prism_ar_synthetic
near_miss_0002,0.0,0.0,0.0,0.0,1.0,0.0,"{'advisory': 17, 'intervention': 8, 'emergency': 10}",0.7142857142857143,0.4857142857142857,0.5,0.0,0.4,0.0,-0.872278375988647,1.0,2.5999999999999996,0.6549155677158964,1.1764705882352942,0.49857142857142867,42.95578874788424,"{'advisory': 21, 'intervention': 10, 'emergency': 4}",delay_5,prism_ar_synthetic
near_miss_0003,0.0,0.0,0.0,0.0,1.0,0.0,"{'advisory': 15, 'intervention': 10, 'emergency': 10}",0.8285714285714286,0.42857142857142855,1.0,0.0,0.4,0.0,-0.9088932591463859,1.0,2.7,0.4753219694268166,1.1764705882352942,0.5500000000000002,39.25824686024513,"{'advisory': 15, 'intervention': 16, 'emergency': 4}",delay_5,prism_ar_synthetic
near_miss_0004,0.0,0.0,0.0,0.0,1.0,0.0,"{'advisory': 17, 'intervention': 8, 'emergency': 10}",0.8285714285714286,0.4857142857142857,1.0,0.0,0.4,0.0,-0.9064982793336029,1.0,2.5999999999999996,0.48703359047794376,1.1764705882352942,0.532857142857143,40.403628919055656,"{'advisory': 17, 'intervention': 14, 'emergency': 4}",delay_5,prism_ar_synthetic
near_miss_0005,0.0,0.0,0.0,0.0,1.0,0.0,"{'advisory': 15, 'intervention': 10, 'emergency': 10}",0.8285714285714286,0.42857142857142855,1.0,0.0,0.4,0.0,-0.9088932591463859,1.0,2.7,0.46992546357718007,1.1764705882352942,0.5500000000000002,39.68153526009807,"{'advisory': 15, 'intervention': 16, 'emergency': 4}",delay_5,prism_ar_synthetic
near_miss_0006,0.0,0.0,0.0,0.0,1.0,0.0,"{'advisory': 15, 'intervention': 10, 'emergency': 10}",0.2571428571428571,0.42857142857142855,0.0,0.0,0.0,0.0,-0.8412573238866854,1.0,2.4,0.4615384615384599,0.8823529411764706,0.3414285714285714,51.43826639420436,"{'advisory': 23, 'intervention': 6, 'silent': 6}",delay_5,prism_ar_synthetic
near_miss_0007,0.0,0.0,0.0,0.0,1.0,0.0,"{'advisory': 15, 'intervention': 10, 'emergency': 10}",0.2571428571428571,0.42857142857142855,0.0,0.0,0.0,0.0,-0.8412573238866854,1.0,2.4,0.468178390157572,0.8823529411764706,0.3414285714285714,51.67586170176465,"{'advisory': 23, 'intervention': 6, 'silent': 6}",delay_5,prism_ar_synthetic
near_miss_0008,0.0,0.0,0.0,0.0,1.0,0.0,"{'advisory': 15, 'intervention': 10, 'emergency': 10}",0.2571428571428571,0.42857142857142855,0.0,0.0,0.0,0.0,-0.8412573238866854,1.0,2.4,0.46552916522769294,0.8823529411764706,0.3414285714285714,51.64506831798921,"{'advisory': 23, 'intervention': 6, 'silent': 6}",delay_5,prism_ar_synthetic
near_miss_0009,0.0,0.0,0.0,0.0,1.0,0.0,"{'advisory': 16, 'intervention': 9, 'emergency': 10}",0.2857142857142857,0.45714285714285713,0.0,0.0,0.0,0.0,-0.8912023187995572,1.0,1.6,0.24056210088273064,0.8823529411764706,0.36714285714285716,49.023091489533336,"{'advisory': 20, 'intervention': 9, 'silent': 6}",delay_5,prism_ar_synthetic
near_miss_0010,0.0,0.0,0.0,0.0,1.0,0.0,"{'advisory': 16, 'intervention': 9, 'emergency': 10}",0.2857142857142857,0.45714285714285713,0.0,0.0,0.0,0.0,-0.8773843916930121,1.0,1.5,0.24690021851284455,0.8823529411764706,0.35857142857142854,49.40299192332589,"{'advisory': 21, 'intervention': 8, 'silent': 6}",delay_5,prism_ar_synthetic
near_miss_0011,0.0,0.0,0.0,0.0,1.0,0.0,"{'advisory': 15, 'intervention': 10, 'emergency': 10}",0.2571428571428571,0.42857142857142855,0.0,0.0,0.0,0.0,-0.8773843916930121,1.0,1.5,0.25208474575276885,0.8823529411764706,0.35857142857142854,49.33308718776553,"{'advisory': 21, 'intervention': 8, 'silent': 6}",delay_5,prism_ar_synthetic
near_miss_0012,0.0,0.0,0.0,0.0,1.0,0.0,"{'advisory': 16, 'intervention': 10, 'emergency': 9}",0.8857142857142857,0.45714285714285713,1.0,0.0,0.7777777777777778,0.0,-0.9321831993987979,1.0,2.0,0.17496594953789935,0.8823529411764706,0.58,37.225070248231766,"{'advisory': 14, 'intervention': 14, 'emergency': 7}",delay_5,prism_ar_synthetic
near_miss_0013,0.0,0.0,0.0,0.0,1.0,0.0,"{'advisory': 15, 'emergency': 9, 'intervention': 10, 'silent': 1}",0.8571428571428571,0.42857142857142855,1.0,0.0,0.7777777777777778,0.0,-0.9321831993987979,1.0,2.0,0.1787434412025952,0.8823529411764706,0.58,37.84052191914586,"{'advisory': 14, 'intervention': 14, 'emergency': 7}",delay_5,prism_ar_synthetic
near_miss_0014,0.0,0.0,0.0,0.0,1.0,0.0,"{'advisory': 15, 'emergency': 9, 'intervention': 10, 'silent': 1}",0.9142857142857143,0.42857142857142855,1.0,0.0,0.7777777777777778,0.0,-0.9279459811014671,1.0,1.9,0.1782780635609101,1.1764705882352942,0.5628571428571428,38.02296126183122,"{'advisory': 16, 'intervention': 12, 'emergency': 7}",delay_5,prism_ar_synthetic
near_miss_0015,0.0,0.0,0.0,0.0,1.0,0.0,"{'advisory': 15, 'intervention': 10, 'emergency': 10}",0.6,0.42857142857142855,0.2,0.0,0.5,0.0,-0.8622058202102872,1.0,3.0,0.3076923076923066,1.7647058823529411,0.47857142857142865,46.60049066208891,"{'advisory': 22, 'silent': 1, 'intervention': 7, 'emergency': 5}",delay_5,prism_ar_synthetic
near_miss_0016,0.0,0.0,0.0,0.0,1.0,0.0,"{'advisory': 16, 'intervention': 9, 'emergency': 10}",0.6,0.45714285714285713,0.2222222222222222,0.0,0.4,0.0,-0.8601346970415149,1.0,3.0,0.31522345095100945,1.7647058823529411,0.47142857142857153,47.17608353225875,"{'advisory': 22, 'silent': 1, 'intervention': 8, 'emergency': 4}",delay_5,prism_ar_synthetic
near_miss_0017,0.0,0.0,0.0,0.0,1.0,0.0,"{'advisory': 15, 'intervention': 10, 'emergency': 10}",0.6,0.42857142857142855,0.2,0.0,0.5,0.0,-0.8622058202102872,1.0,3.0,0.30973305778342564,1.7647058823529411,0.47857142857142865,46.87930151477854,"{'advisory': 22, 'silent': 1, 'intervention': 7, 'emergency': 5}",delay_5,prism_ar_synthetic
e9df548a3ee566c7_1981_clip000,0.0,0.0,0.0,0.0,0.0,0.0,"{'advisory': 33, 'intervention': 13}",0.5434782608695652,0.717391304347826,0.0,0.0,0.0,0.0,-0.6566625265376921,0.0,0.0,3.760047674179077,0.8888888888888888,0.28913043478260864,56.62826177607566,"{'advisory': 38, 'silent': 8}",delay_10,waymo
0015197d-b916-43b6-bcaa-8a7d90d7b87d_26944_clip000,0.0,0.0,0.0,0.0,0.0,0.0,"{'advisory': 38, 'intervention': 16}",0.6851851851851852,0.7037037037037037,0.0,0.0,0.0,0.0,-0.23354968324845687,0.0,0.0,5.246325143903048,0.18867924528301885,0.34351851851851867,56.97119537469087,"{'advisory': 53, 'silent': 1}",delay_10,argoverse
0015197d-b916-43b6-bcaa-8a7d90d7b87d_26953_clip000,0.0,0.0,0.0,0.0,0.0,0.0,"{'advisory': 67, 'intervention': 16, 'silent': 1}",0.6428571428571429,0.7976190476190477,0.0,0.0,0.0,0.0,-0.6634104270777574,0.0,0.0,5.246325143903048,0.8433734939759036,0.2875000000000001,60.956857748713716,"{'advisory': 69, 'silent': 15}",delay_10,argoverse
0015197d-b916-43b6-bcaa-8a7d90d7b87d_26955_clip000,0.0,0.0,0.0,0.0,0.0,0.0,"{'advisory': 48, 'intervention': 13, 'silent': 1}",0.5645161290322581,0.7741935483870968,0.0,0.0,0.0,0.0,-0.7418566492633237,0.0,0.0,5.246325143903048,1.3114754098360657,0.26532258064516134,61.252637676991924,"{'advisory': 47, 'silent': 15}",delay_10,argoverse
0015197d-b916-43b6-bcaa-8a7d90d7b87d_26957_clip000,0.0,0.0,0.0,0.0,0.0,0.0,"{'advisory': 60, 'intervention': 16, 'silent': 1}",0.6103896103896104,0.7792207792207793,0.0,0.0,0.0,0.0,-0.6860377345885226,0.0,0.0,5.246325143903048,0.9210526315789472,0.2818181818181819,60.90609659779181,"{'advisory': 62, 'silent': 15}",delay_10,argoverse
0015197d-b916-43b6-bcaa-8a7d90d7b87d_26966_clip000,0.0,0.0,0.0,0.0,0.0,0.0,"{'advisory': 35, 'intervention': 16}",0.6666666666666666,0.6862745098039216,0.0,0.0,0.0,0.0,-0.24019223070763068,0.0,0.0,5.246325143903048,0.2,0.34313725490196084,57.04843047234486,"{'advisory': 50, 'silent': 1}",delay_10,argoverse
0015197d-b916-43b6-bcaa-8a7d90d7b87d_27022_clip000,0.0,0.0,0.0,0.0,0.0,0.0,"{'advisory': 38, 'intervention': 16}",0.6851851851851852,0.7037037037037037,0.0,0.0,0.0,0.0,-0.23354968324845687,0.0,0.0,5.246325143903048,0.18867924528301885,0.34351851851851867,56.97119537469086,"{'advisory': 53, 'silent': 1}",delay_10,argoverse
001749f1-bc1c-47fb-a13f-9ab1f2c050a8_7637_clip000,0.0,0.0,0.0,0.0,0.0,0.0,"{'advisory': 20, 'silent': 21}",0.5365853658536586,0.4878048780487805,0.0,0.0,0.0,0.0,-0.2672612419124244,0.0,0.0,13.447203855793308,0.5,0.008536585365853657,72.97160812407111,"{'advisory': 1, 'silent': 40}",delay_10,argoverse
001749f1-bc1c-47fb-a13f-9ab1f2c050a8_7719_clip000,0.0,0.0,0.0,0.0,0.0,0.0,"{'advisory': 23, 'silent': 21}",0.5,0.5227272727272727,0.0,0.0,0.0,0.0,-0.25819888974716115,0.0,0.0,13.447203855793308,0.46511627906976744,0.007954545454545454,72.85360953963848,"{'advisory': 1, 'silent': 43}",delay_10,argoverse
001749f1-bc1c-47fb-a13f-9ab1f2c050a8_7791_clip000,0.0,0.0,0.0,0.0,0.0,0.0,"{'advisory': 27, 'silent': 56}",0.6867469879518072,0.3253012048192771,0.0,0.0,0.0,0.0,-0.1889822365046136,0.0,0.0,13.447203855793308,0.24390243902439027,0.004216867469879518,74.47156559441736,"{'advisory': 1, 'silent': 82}",delay_10,argoverse
001749f1-bc1c-47fb-a13f-9ab1f2c050a8_7834_clip000,0.0,0.0,0.0,0.0,0.0,0.0,"{'advisory': 27, 'silent': 29}",0.5357142857142857,0.48214285714285715,0.0,0.0,0.0,0.0,-0.2294157338705618,0.0,0.0,13.447203855793308,0.36363636363636365,0.0062499999999999995,72.93930835752535,"{'advisory': 1, 'silent': 55}",delay_10,argoverse
scene-0061_bbd6c47a20e34276bc6f2cfbc6ba6205_clip000,0.0,0.0,0.0,0.0,0.0,0.0,"{'advisory': 5, 'intervention': 2, 'silent': 3}",0.8,0.5,0.0,0.0,0.0,0.0,-0.7977240352174656,0.0,0.0,4.141439698693297,0.6524775988128388,0.24499999999999997,59.64543110037424,"{'advisory': 7, 'silent': 3}",delay_10,nuscenes
scene-0061_3843d35144d84c02b387678f9bc7f2ed_clip000,0.0,0.0,0.0,0.0,0.0,0.0,"{'advisory': 1, 'silent': 1}",0.5,0.5,0.0,0.0,0.0,0.0,0.0,0.0,0.0,18.402103599843347,0.0,0.0,75.11211186637811,{'silent': 2},delay_10,nuscenes
scene-0061_03d01c950f044575b69137f069345db0_clip000,0.0,0.0,0.0,0.0,0.0,0.0,"{'advisory': 4, 'intervention': 1, 'silent': 5}",0.9,0.4,0.0,0.0,0.0,0.0,-0.8703882797784891,0.0,0.0,4.141439698693297,0.6667462317169849,0.175,65.17951298157837,"{'advisory': 5, 'silent': 5}",delay_10,nuscenes
scene-0061_221dd725c6654412a04c71ced8ad6d03_clip000,0.0,0.0,0.0,0.0,0.0,0.0,"{'advisory': 1, 'silent': 2}",0.6666666666666666,0.3333333333333333,0.0,0.0,0.0,0.0,0.0,0.0,0.0,17.74719750724964,0.0,0.0,75.71895007399071,{'silent': 3},delay_10,nuscenes
scene-0061_b4db946778484c2195efa320571f53dc_clip000,0.0,0.0,0.0,0.0,0.0,0.0,"{'advisory': 5, 'intervention': 1, 'silent': 4}",0.9,0.5,0.0,0.0,0.0,0.0,-0.8528028654224415,0.0,0.0,4.141439698693297,0.6523198341542056,0.20999999999999996,62.69508584833223,"{'advisory': 6, 'silent': 4}",delay_10,nuscenes
scene-0061_e2f67391cb914b0cbdda3995dbc397f8_clip000,0.0,0.0,0.0,0.0,0.0,0.0,"{'advisory': 5, 'intervention': 2, 'silent': 3}",0.8,0.5,0.0,0.0,0.0,0.0,-0.7977240352174656,0.0,0.0,4.141439698693297,0.6524775988128388,0.24499999999999997,59.64543110037424,"{'advisory': 7, 'silent': 3}",delay_10,nuscenes
scene-0061_95fc384cb4994ffe9a5caf914274ab22_clip000,0.0,0.0,0.0,0.0,0.0,0.0,"{'advisory': 4, 'intervention': 1, 'silent': 5}",0.9,0.4,0.0,0.0,0.0,0.0,-0.8703882797784891,0.0,0.0,4.141439698693297,0.6667462317169849,0.175,65.17951298157837,"{'advisory': 5, 'silent': 5}",delay_10,nuscenes
scene-0061_0e79e7bed1d543c9a00acfbf90ff60b3_clip000,0.0,0.0,0.0,0.0,0.0,0.0,"{'advisory': 2, 'silent': 3}",0.6,0.4,0.0,0.0,0.0,0.0,0.0,0.0,0.0,11.473774852308855,0.0,0.0,74.5581625523848,{'silent': 5},delay_10,nuscenes
scene-0061_1bc410ff237c4c48b9b7b094a9eaeb4d_clip000,0.0,0.0,0.0,0.0,0.0,0.0,"{'advisory': 3, 'intervention': 1, 'silent': 6}",0.9,0.3,0.0,0.0,0.0,0.0,-0.8528028654224415,0.0,0.0,4.2630670248026,0.6666706666906671,0.13999999999999999,67.82403457223333,"{'advisory': 4, 'silent': 6}",delay_10,nuscenes
scene-0061_71603dd1a2ba4e9daf095535e38310ac_clip000,0.0,0.0,0.0,0.0,0.0,0.0,"{'advisory': 4, 'intervention': 1, 'silent': 5}",0.9,0.4,0.0,0.0,0.0,0.0,-0.8703882797784891,0.0,0.0,4.141439698693297,0.6667462317169849,0.175,65.17951298157837,"{'advisory': 5, 'silent': 5}",delay_10,nuscenes
scene-0061_eb3da8843f614a90a48ddb6ee392c0c0_clip000,0.0,0.0,0.0,0.0,0.0,0.0,"{'advisory': 4, 'intervention': 1, 'silent': 5}",0.9,0.4,0.0,0.0,0.0,0.0,-0.8703882797784891,0.0,0.0,4.141439698693297,0.6667462317169849,0.175,65.17951298157837,"{'advisory': 5, 'silent': 5}",delay_10,nuscenes
scene-0061_070412f6a4f944e6a0a9e01ac1ea1fee_clip000,0.0,0.0,0.0,0.0,0.0,0.0,"{'advisory': 2, 'silent': 8}",1.0,0.2,0.0,0.0,0.0,0.0,-0.6963106238227913,0.0,0.0,6.966958407566534,0.6592941465008735,0.06999999999999999,74.98761361221406,"{'advisory': 2, 'silent': 8}",delay_10,nuscenes
scene-0061_e59d97d4403a48b88fbb6a58fc9959e6_clip000,0.0,0.0,0.0,0.0,0.0,0.0,"{'advisory': 3, 'intervention': 1, 'silent': 6}",0.9,0.3,0.0,0.0,0.0,0.0,-0.8528028654224415,0.0,0.0,4.2630670248026,0.6666706666906671,0.13999999999999999,67.82403457223333,"{'advisory': 4, 'silent': 6}",delay_10,nuscenes
scene-0061_e1e148c7bcb14072822872a4cfc8e882_clip000,0.0,0.0,0.0,0.0,0.0,0.0,"{'advisory': 3, 'intervention': 1, 'silent': 6}",0.9,0.3,0.0,0.0,0.0,0.0,-0.8528028654224415,0.0,0.0,4.2630670248026,0.6666706666906671,0.13999999999999999,67.82403457223333,"{'advisory': 4, 'silent': 6}",delay_10,nuscenes
scene-0061_f81722a685cc49eba454efbb3aec0331_clip000,0.0,0.0,0.0,0.0,0.0,0.0,"{'advisory': 4, 'intervention': 1, 'silent': 5}",0.9,0.4,0.0,0.0,0.0,0.0,-0.8703882797784891,0.0,0.0,4.141439698693297,0.6667462317169849,0.175,65.17951298157837,"{'advisory': 5, 'silent': 5}",delay_10,nuscenes
scene-0061_acc1b985c3b746cdbb22fc59bb41b774_clip000,0.0,0.0,0.0,0.0,0.0,0.0,"{'advisory': 3, 'intervention': 1, 'silent': 6}",0.9,0.3,0.0,0.0,0.0,0.0,-0.8528028654224415,0.0,0.0,4.2630670248026,0.6666706666906671,0.13999999999999999,67.82403457223333,"{'advisory': 4, 'silent': 6}",delay_10,nuscenes
scene-0061_73ee514c205c483da3d1d04282337457_clip000,0.0,0.0,0.0,0.0,0.0,0.0,"{'advisory': 3, 'intervention': 1, 'silent': 6}",0.9,0.3,0.0,0.0,0.0,0.0,-0.8528028654224415,0.0,0.0,4.2630670248026,0.6666706666906671,0.13999999999999999,67.82403457223333,"{'advisory': 4, 'silent': 6}",delay_10,nuscenes
scene-0061_9e6d680cd81942f5acdfbb07254f8f45_clip000,0.0,0.0,0.0,0.0,0.0,0.0,"{'advisory': 1, 'silent': 9}",1.0,0.1,0.0,0.0,0.0,0.0,-0.5222329678670935,0.0,0.0,8.14265279595189,0.44438746409627045,0.034999999999999996,76.18393697278218,"{'advisory': 1, 'silent': 9}",delay_10,nuscenes
scene-0061_1e775890010e4d97b74ca1d06441d023_clip000,0.0,0.0,0.0,0.0,0.0,0.0,{'silent': 1},1.0,0.0,0.0,0.0,0.0,0.0,0.0,0.0,0.0,11.844171317134732,0.0,0.0,79.98202318407343,{'silent': 1},delay_10,nuscenes
scene-0061_203a688b840844b8ae16a2b07967ffad_clip000,0.0,0.0,0.0,0.0,0.0,0.0,{'silent': 1},1.0,0.0,0.0,0.0,0.0,0.0,0.0,0.0,0.0,11.844171317134732,0.0,0.0,79.98202318407341,{'silent': 1},delay_10,nuscenes
scene-0103_3b19bb63d0924f4da3034819357d6c8b_clip000,0.0,0.0,0.0,0.0,0.0,0.0,"{'advisory': 3, 'silent': 1}",0.75,0.75,0.0,0.0,0.0,0.0,-0.8944271909999159,0.0,0.0,8.448463282031645,0.7147937283998267,0.175,65.98527099832795,"{'advisory': 2, 'silent': 2}",delay_10,nuscenes
scene-0103_68a40df2846e4298af0417ea12721b5c_clip000,0.0,0.0,0.0,0.0,0.0,0.0,{'advisory': 3},0.6666666666666666,1.0,0.0,0.0,0.0,0.0,-0.8660254037844387,0.0,0.0,8.448463282031645,1.0002540645323912,0.2333333333333333,63.20128796502464,"{'advisory': 2, 'silent': 1}",delay_10,nuscenes
scene-0103_fa107c6dd0dc4d15b94b86cbf5b990c0_clip000,0.0,0.0,0.0,0.0,0.0,0.0,"{'advisory': 3, 'silent': 3}",0.8333333333333334,0.5,0.0,0.0,0.0,0.0,-0.8280786712108251,0.0,0.0,8.448463282031645,0.4168811867773625,0.11666666666666665,70.10841580791899,"{'advisory': 2, 'silent': 4}",delay_10,nuscenes
scene-0103_ead6a822f86c432481c0a9d2e4e4f827_clip000,0.0,0.0,0.0,0.0,0.0,0.0,"{'advisory': 3, 'silent': 1}",0.75,0.75,0.0,0.0,0.0,0.0,-0.8944271909999159,0.0,0.0,8.448463282031645,0.7147937283998267,0.175,65.98527099832795,"{'advisory': 2, 'silent': 2}",delay_10,nuscenes
scene-0103_99fbf1b9bf474215a4e8ad562bb7e9b2_clip000,0.0,0.0,0.0,0.0,0.0,0.0,"{'advisory': 3, 'silent': 5}",0.875,0.375,0.0,0.0,0.0,0.0,-0.7559289460184545,0.0,0.0,8.448463282031645,0.29862209791579686,0.0875,71.97755238973139,"{'advisory': 2, 'silent': 6}",delay_10,nuscenes
scene-0103_6e71a9ceaf9a4974a1d07a2bd3544506_clip000,0.0,0.0,0.0,0.0,0.0,0.0,"{'advisory': 3, 'silent': 6}",0.8888888888888888,0.3333333333333333,0.0,0.0,0.0,0.0,-0.7245688373094719,0.0,0.0,8.448463282031645,0.25979701020404716,0.07777777777777778,72.4172803869106,"{'advisory': 2, 'silent': 7}",delay_10,nuscenes
scene-0103_34aaf645a4174c6c8ff1874e6b33ccf6_clip000,0.0,0.0,0.0,0.0,0.0,0.0,"{'advisory': 3, 'silent': 4}",0.8571428571428571,0.42857142857142855,0.0,0.0,0.0,0.0,-0.790569415042095,0.0,0.0,8.448463282031645,0.3449922307749629,0.09999999999999999,71.12847354724171,"{'advisory': 2, 'silent': 5}",delay_10,nuscenes
scene-0103_b3412553d70f40b3a1d19a0eb8529a08_clip000,0.0,0.0,0.0,0.0,0.0,0.0,"{'advisory': 8, 'intervention': 2}",0.5,0.8,0.0,0.0,0.0,0.0,-0.7977240352174656,0.0,0.0,7.815466782298337,0.888886518524839,0.24499999999999997,63.86829373905424,"{'advisory': 7, 'silent': 3}",delay_10,nuscenes
scene-0103_e147a4c07e06487592fb5d6135c27a78_clip000,0.0,0.0,0.0,0.0,0.0,0.0,"{'advisory': 6, 'intervention': 4}",0.4,0.6,0.0,0.0,0.0,0.0,-0.6963106238227913,0.0,0.0,7.211785952341847,0.6592134528765656,0.27999999999999997,58.78438344056345,"{'advisory': 8, 'silent': 2}",delay_10,nuscenes
scene-0103_996d9e039f7a4838ac48d5409ca89732_clip000,0.0,0.0,0.0,0.0,0.0,0.0,"{'advisory': 3, 'silent': 5}",0.875,0.375,0.0,0.0,0.0,0.0,-0.7559289460184545,0.0,0.0,8.448463282031645,0.29862209791579686,0.0875,71.97755238973139,"{'advisory': 2, 'silent': 6}",delay_10,nuscenes
scene-0103_72137291381349428afb1038d4e5898c_clip000,0.0,0.0,0.0,0.0,0.0,0.0,"{'advisory': 3, 'silent': 5}",0.875,0.375,0.0,0.0,0.0,0.0,-0.7559289460184545,0.0,0.0,8.448463282031645,0.29862209791579686,0.0875,71.97755238973141,"{'advisory': 2, 'silent': 6}",delay_10,nuscenes
scene-0103_c34cb46c7be6486a85ee49653850b174_clip000,0.0,0.0,0.0,0.0,0.0,0.0,"{'advisory': 3, 'silent': 6}",0.8888888888888888,0.3333333333333333,0.0,0.0,0.0,0.0,-0.7245688373094719,0.0,0.0,8.448463282031645,0.25979701020404716,0.07777777777777778,72.41728038691059,"{'advisory': 2, 'silent': 7}",delay_10,nuscenes
scene-0103_5d77c275683248658e7564ef24bf63b2_clip000,0.0,0.0,0.0,0.0,0.0,0.0,"{'advisory': 3, 'silent': 6}",0.8888888888888888,0.3333333333333333,0.0,0.0,0.0,0.0,-0.7245688373094719,0.0,0.0,8.448463282031645,0.25979701020404716,0.07777777777777778,72.41728038691059,"{'advisory': 2, 'silent': 7}",delay_10,nuscenes
scene-0103_3c7331d16ac6439e9bd5a57d75976446_clip000,0.0,0.0,0.0,0.0,0.0,0.0,"{'advisory': 9, 'intervention': 1}",0.6,0.9,0.0,0.0,0.0,0.0,-0.7977240352174656,0.0,0.0,8.057642976087136,0.8891030639380683,0.24499999999999997,65.09598233652605,"{'advisory': 7, 'silent': 3}",delay_10,nuscenes
scene-0103_0809d64df9264121bead0772ee9b5984_clip000,0.0,0.0,0.0,0.0,0.0,0.0,"{'advisory': 2, 'intervention': 2, 'silent': 1}",0.6,0.4,0.0,0.0,0.0,0.0,-0.7071067811865475,0.0,0.0,7.211785952341847,0.526171507707623,0.27999999999999997,56.732356476974374,"{'advisory': 4, 'silent': 1}",delay_10,nuscenes
scene-0103_ad2ae385245f46d49b4d06f87e2ac544_clip000,0.0,0.0,0.0,0.0,0.0,0.0,"{'advisory': 3, 'silent': 6}",0.8888888888888888,0.3333333333333333,0.0,0.0,0.0,0.0,-0.7245688373094719,0.0,0.0,8.448463282031645,0.25979701020404716,0.07777777777777778,72.41728038691059,"{'advisory': 2, 'silent': 7}",delay_10,nuscenes
scene-0103_09810748e6c04aacb393ebf14fafa5e8_clip000,0.0,0.0,0.0,0.0,0.0,0.0,{'advisory': 10},0.7,1.0,0.0,0.0,0.0,0.0,-0.7977240352174656,0.0,0.0,7.967399571723729,0.8892188878983976,0.24499999999999997,66.92068212457437,"{'advisory': 7, 'silent': 3}",delay_10,nuscenes
scene-0103_4ce8f37952ad4203b1f5b23c728fb2e6_clip000,0.0,0.0,0.0,0.0,0.0,0.0,"{'advisory': 8, 'intervention': 2}",0.5,0.8,0.0,0.0,0.0,0.0,-0.7977240352174656,0.0,0.0,7.815466782298337,0.888886518524839,0.24499999999999997,63.86829373905423,"{'advisory': 7, 'silent': 3}",delay_10,nuscenes
scene-0103_c1fe224b76cc49e294847788c443e470_clip000,0.0,0.0,0.0,0.0,0.0,0.0,"{'advisory': 8, 'intervention': 2}",0.5,0.8,0.0,0.0,0.0,0.0,-0.7977240352174656,0.0,0.0,7.815466782298337,0.888886518524839,0.24499999999999997,63.86829373905424,"{'advisory': 7, 'silent': 3}",delay_10,nuscenes
scene-0103_608f6c85cd524242bc9d299c0a954f69_clip000,0.0,0.0,0.0,0.0,0.0,0.0,"{'advisory': 5, 'intervention': 4, 'silent': 1}",0.5,0.5,0.0,0.0,0.0,0.0,-0.6963106238227913,0.0,0.0,7.211785952341847,0.6665047800611986,0.27999999999999997,58.637488388728116,"{'advisory': 8, 'silent': 2}",delay_10,nuscenes
scene-0103_723af3d23fb445e3ab97669e85846445_clip000,0.0,0.0,0.0,0.0,0.0,0.0,"{'advisory': 2, 'silent': 1}",1.0,0.6666666666666666,0.0,0.0,0.0,0.0,-0.8660254037844387,0.0,0.0,9.673015044276122,0.9997010893742788,0.2333333333333333,62.67385636618272,"{'advisory': 2, 'silent': 1}",delay_10,nuscenes
scene-0553_19804c352c0a4767b61b8d0709d1db99_clip000,0.0,0.0,0.0,0.0,0.0,0.0,{'silent': 10},1.0,0.0,0.0,0.0,0.0,0.0,0.0,0.0,0.0,8.141408789946617,0.0,0.0,77.13076237011146,{'silent': 10},delay_10,nuscenes
scene-0553_b61b72a5b5ad482e9bc94c203f75b8d4_clip000,0.0,0.0,0.0,0.0,0.0,0.0,{'silent': 10},1.0,0.0,0.0,0.0,0.0,0.0,0.0,0.0,0.0,8.085599099189949,0.0,0.0,76.89649926853221,{'silent': 10},delay_10,nuscenes
scene-0553_21d4060224a946e5b66fd00749282e82_clip000,0.0,0.0,0.0,0.0,0.0,0.0,{'silent': 10},1.0,0.0,0.0,0.0,0.0,0.0,0.0,0.0,0.0,8.084154238460355,0.0,0.0,76.4206060543334,{'silent': 10},delay_10,nuscenes
scene-0553_340ccb3c0dcb492eaa032f0e4e3017bb_clip000,0.0,0.0,0.0,0.0,0.0,0.0,{'silent': 10},1.0,0.0,0.0,0.0,0.0,0.0,0.0,0.0,0.0,7.913043448354689,0.0,0.0,76.2134695457704,{'silent': 10},delay_10,nuscenes
scene-0553_afd097377c71479ea8349eeae83b8143_clip000,0.0,0.0,0.0,0.0,0.0,0.0,{'silent': 10},1.0,0.0,0.0,0.0,0.0,0.0,0.0,0.0,0.0,7.913043448354689,0.0,0.0,76.2134695457704,{'silent': 10},delay_10,nuscenes
scene-0553_18cdcf0d2340409b95140ea38a70fd2e_clip000,0.0,0.0,0.0,0.0,0.0,0.0,{'silent': 10},1.0,0.0,0.0,0.0,0.0,0.0,0.0,0.0,0.0,8.085599099189949,0.0,0.0,76.71050119056743,{'silent': 10},delay_10,nuscenes
scene-0553_2397a588f42e4195bf7fb0148aa7a3d6_clip000,0.0,0.0,0.0,0.0,0.0,0.0,{'silent': 9},1.0,0.0,0.0,0.0,0.0,0.0,0.0,0.0,0.0,8.235404962061157,0.0,0.0,77.41601290559974,{'silent': 9},delay_10,nuscenes
scene-0655_433e28f80ae9462eb927089896b5f669_clip000,0.0,0.0,0.0,0.0,0.0,0.0,"{'advisory': 6, 'intervention': 2, 'silent': 2}",0.8,0.6,0.0,0.0,0.0,0.0,-0.6963106238227913,0.0,0.0,9.303399999255339,0.8792518973156875,0.27999999999999997,63.25512920210847,"{'advisory': 8, 'silent': 2}",delay_10,nuscenes
scene-0655_fe199544817e496aa7708a1db0af2108_clip000,0.0,0.0,0.0,0.0,0.0,0.0,"{'advisory': 6, 'intervention': 2, 'silent': 2}",0.8,0.6,0.0,0.0,0.0,0.0,-0.6963106238227913,0.0,0.0,9.303399999255339,0.8792518973156875,0.27999999999999997,63.25512920210847,"{'advisory': 8, 'silent': 2}",delay_10,nuscenes
scene-0655_99d539b687cb4a46b8f1efc7204aa160_clip000,0.0,0.0,0.0,0.0,0.0,0.0,"{'advisory': 8, 'silent': 2}",0.7,0.8,0.0,0.0,0.0,0.0,-0.8703882797784891,0.0,0.0,9.303399999255339,1.1098133693445575,0.175,70.10131595936883,"{'advisory': 5, 'silent': 5}",delay_10,nuscenes
scene-0757_4b086f653d5a47a79f73f1d4a4d956d8_clip000,0.0,0.0,0.0,0.0,0.0,0.0,{'silent': 1},1.0,0.0,0.0,0.0,0.0,0.0,0.0,0.0,0.0,15.367333636732997,0.0,0.0,80.66335881818078,{'silent': 1},delay_10,nuscenes
scene-0757_3c16d6997c70488ab7e9dfd0fbec962e_clip000,0.0,0.0,0.0,0.0,0.0,0.0,{'silent': 1},1.0,0.0,0.0,0.0,0.0,0.0,0.0,0.0,0.0,15.367333636732997,0.0,0.0,80.66335881818078,{'silent': 1},delay_10,nuscenes
scene-0796_a9ba2ffc5a95458c9bd1052be9bc24ad_clip000,0.0,0.0,0.0,0.0,0.0,0.0,{'advisory': 3},0.0,1.0,0.0,0.0,0.0,0.0,0.0,0.0,0.0,16.908959498298078,0.0,0.0,71.50359771334693,{'silent': 3},delay_10,nuscenes
scene-0916_4591a9f392774001a2cf523286505ac9_clip000,0.0,0.0,0.0,0.0,0.0,0.0,"{'advisory': 5, 'intervention': 1, 'silent': 4}",0.8,0.5,0.0,0.0,0.0,0.0,-0.8703882797784891,0.0,0.0,5.928808108233976,0.22230501849133139,0.175,66.65533367434784,"{'advisory': 5, 'silent': 5}",delay_10,nuscenes
scene-0916_c8fcea5cd6d344e69a92241622f58be7_clip000,0.0,0.0,0.0,0.0,0.0,0.0,"{'advisory': 6, 'intervention': 1, 'silent': 3}",0.8,0.6,0.0,0.0,0.0,0.0,-0.8528028654224415,0.0,0.0,5.928808108233976,0.22233170823676726,0.20999999999999996,65.3996304978599,"{'advisory': 6, 'silent': 4}",delay_10,nuscenes
scene-0916_cb5fdffa966345cdb9c7c186143b7857_clip000,0.0,0.0,0.0,0.0,0.0,0.0,"{'advisory': 6, 'intervention': 1, 'silent': 3}",0.9,0.6,0.0,0.0,0.0,0.0,-0.7977240352174656,0.0,0.0,5.928808108233976,0.22230521616959217,0.24499999999999997,65.18067020916484,"{'advisory': 7, 'silent': 3}",delay_10,nuscenes
scene-0916_de7bc639112c40ec9ebe406673f1487d_clip000,0.0,0.0,0.0,0.0,0.0,0.0,"{'advisory': 6, 'intervention': 1, 'silent': 3}",0.9,0.6,0.0,0.0,0.0,0.0,-0.7977240352174656,0.0,0.0,5.928808108233976,0.22230521616959217,0.24499999999999997,65.18067020916484,"{'advisory': 7, 'silent': 3}",delay_10,nuscenes
scene-0916_c2c271c1bc484bce81639bfda2083588_clip000,0.0,0.0,0.0,0.0,0.0,0.0,"{'advisory': 7, 'intervention': 1, 'silent': 1}",0.8888888888888888,0.7777777777777778,0.0,0.0,0.0,0.0,-0.5477225575051661,0.0,0.0,5.928808108233976,0.24999006289499992,0.3111111111111111,63.23290059498595,"{'advisory': 8, 'silent': 1}",delay_10,nuscenes
scene-0916_af7483c35ffa4ad193d14bbac3b0ab4e_clip000,0.0,0.0,0.0,0.0,0.0,0.0,"{'advisory': 5, 'silent': 5}",0.9,0.5,0.0,0.0,0.0,0.0,-0.8528028654224415,0.0,0.0,5.928808108233976,0.2223051173304178,0.13999999999999999,70.13246797804992,"{'advisory': 4, 'silent': 6}",delay_10,nuscenes
scene-0916_ebcd168fd25247f68482853796c9327f_clip000,0.0,0.0,0.0,0.0,0.0,0.0,"{'advisory': 6, 'intervention': 1, 'silent': 3}",0.9,0.6,0.0,0.0,0.0,0.0,-0.7977240352174656,0.0,0.0,5.928808108233976,0.22230521616959217,0.24499999999999997,65.18067020916484,"{'advisory': 7, 'silent': 3}",delay_10,nuscenes
scene-0916_9256b7cc27954e7bb5e3a3fb8c62474c_clip000,0.0,0.0,0.0,0.0,0.0,0.0,"{'advisory': 7, 'intervention': 1, 'silent': 2}",0.9,0.7,0.0,0.0,0.0,0.0,-0.6963106238227913,0.0,0.0,5.928808108233976,0.2222492872465358,0.27999999999999997,64.45103115781053,"{'advisory': 8, 'silent': 2}",delay_10,nuscenes
scene-0916_eeabbd601fff49c08c086829bfe13287_clip000,0.0,0.0,0.0,0.0,0.0,0.0,"{'advisory': 6, 'intervention': 1, 'silent': 3}",0.9,0.6,0.0,0.0,0.0,0.0,-0.7977240352174656,0.0,0.0,5.928808108233976,0.22230521616959217,0.24499999999999997,65.18067020916484,"{'advisory': 7, 'silent': 3}",delay_10,nuscenes
scene-0916_54ca0158a30a4d8291684544ddbeff3f_clip000,0.0,0.0,0.0,0.0,0.0,0.0,"{'advisory': 6, 'intervention': 1, 'silent': 3}",0.9,0.6,0.0,0.0,0.0,0.0,-0.7977240352174656,0.0,0.0,5.928808108233976,0.22230521616959217,0.24499999999999997,65.18067020916484,"{'advisory': 7, 'silent': 3}",delay_10,nuscenes
scene-0916_b825554384e042baba291f6f75c1ba49_clip000,0.0,0.0,0.0,0.0,0.0,0.0,"{'advisory': 5, 'intervention': 1, 'silent': 4}",0.8,0.5,0.0,0.0,0.0,0.0,-0.8703882797784891,0.0,0.0,5.928808108233976,0.22230501849133139,0.175,66.65533367434783,"{'advisory': 5, 'silent': 5}",delay_10,nuscenes
scene-0916_b7ff9843f0bc4154a865230adb65a45d_clip000,0.0,0.0,0.0,0.0,0.0,0.0,"{'advisory': 6, 'intervention': 1, 'silent': 3}",0.8,0.6,0.0,0.0,0.0,0.0,-0.8528028654224415,0.0,0.0,5.928808108233976,0.22233170823676726,0.20999999999999996,65.39963049785992,"{'advisory': 6, 'silent': 4}",delay_10,nuscenes
scene-0916_4b8ef2beabcf4121af0f287cd1a7fd55_clip000,0.0,0.0,0.0,0.0,0.0,0.0,"{'advisory': 5, 'intervention': 1, 'silent': 4}",0.8,0.5,0.0,0.0,0.0,0.0,-0.8703882797784891,0.0,0.0,5.928808108233976,0.22230501849133139,0.175,66.65533367434784,"{'advisory': 5, 'silent': 5}",delay_10,nuscenes
scene-0916_89eaf741be444d7e8fcc4748482d338d_clip000,0.0,0.0,0.0,0.0,0.0,0.0,"{'advisory': 7, 'intervention': 1, 'silent': 2}",0.9,0.7,0.0,0.0,0.0,0.0,-0.6963106238227913,0.0,0.0,5.928808108233976,0.2222492872465358,0.27999999999999997,64.45103115781053,"{'advisory': 8, 'silent': 2}",delay_10,nuscenes
scene-0916_e5a06b589b93428c867bd6a92ed6da93_clip000,0.0,0.0,0.0,0.0,0.0,0.0,"{'advisory': 6, 'intervention': 1, 'silent': 3}",0.8,0.6,0.0,0.0,0.0,0.0,-0.8528028654224415,0.0,0.0,5.928808108233976,0.22233170823676726,0.20999999999999996,65.3996304978599,"{'advisory': 6, 'silent': 4}",delay_10,nuscenes
scene-0916_68d411d0e8664a09b4c59787793b0b87_clip000,0.0,0.0,0.0,0.0,0.0,0.0,"{'advisory': 7, 'intervention': 1, 'silent': 2}",0.9,0.7,0.0,0.0,0.0,0.0,-0.6963106238227913,0.0,0.0,5.928808108233976,0.2222492872465358,0.27999999999999997,64.45103115781053,"{'advisory': 8, 'silent': 2}",delay_10,nuscenes
scene-0916_c6d85e602dd342d99758b41e64e86e12_clip000,0.0,0.0,0.0,0.0,0.0,0.0,"{'advisory': 5, 'intervention': 1, 'silent': 4}",0.8,0.5,0.0,0.0,0.0,0.0,-0.8703882797784891,0.0,0.0,5.928808108233976,0.22230501849133139,0.175,66.65533367434784,"{'advisory': 5, 'silent': 5}",delay_10,nuscenes
scene-0916_c5a370e03491457485bfda760515e537_clip000,0.0,0.0,0.0,0.0,0.0,0.0,"{'advisory': 5, 'intervention': 1, 'silent': 4}",0.8,0.5,0.0,0.0,0.0,0.0,-0.8703882797784891,0.0,0.0,5.928808108233976,0.22230501849133139,0.175,66.65533367434784,"{'advisory': 5, 'silent': 5}",delay_10,nuscenes
scene-1094_55f7fb5fa2854b0da825c2cd1c94b23b_clip000,0.0,0.0,0.0,0.0,1.0,0.0,"{'advisory': 6, 'intervention': 1, 'silent': 1}",0.875,0.75,1.0,0.0,0.0,0.0,-0.5773502691896258,0.0,1.001964,3.706649448127391,0.5709488112988487,0.38749999999999996,48.132918004984504,"{'advisory': 7, 'intervention': 1}",delay_10,nuscenes
scene-1094_47304f98d3d3484d8af8d5e4c7428022_clip000,0.0,0.0,0.0,0.0,1.0,0.0,"{'advisory': 7, 'intervention': 3}",0.9,0.7,0.6666666666666666,0.0,0.0,0.0,-0.6963106238227913,0.0,4.003540000000001,3.706649448127391,0.8881069600498405,0.41,49.5699007144363,"{'advisory': 8, 'intervention': 2}",delay_10,nuscenes
scene-1094_3543efbc49b147c6a7151e945b999fe5_clip000,0.0,0.0,0.0,0.0,1.0,0.0,"{'advisory': 7, 'intervention': 1, 'silent': 1}",0.8888888888888888,0.7777777777777778,1.0,0.0,0.0,0.0,-0.5477225575051661,0.0,1.5018470000000006,3.706649448127391,0.49964724904217617,0.3833333333333333,49.29478007579323,"{'advisory': 8, 'intervention': 1}",delay_10,nuscenes
scene-1094_d61323aefb8640da9d5258fae57c2d1c_clip000,0.0,0.0,0.0,0.0,1.0,0.0,"{'advisory': 7, 'intervention': 1, 'silent': 1}",0.8888888888888888,0.7777777777777778,1.0,0.0,0.0,0.0,-0.5477225575051661,0.0,1.5018470000000006,3.706649448127391,0.49964724904217617,0.3833333333333333,49.29478007579323,"{'advisory': 8, 'intervention': 1}",delay_10,nuscenes
scene-1094_9777aa985269472595ff1ee88420008f_clip000,0.0,0.0,0.0,0.0,1.0,0.0,"{'advisory': 6, 'intervention': 1, 'silent': 1}",0.875,0.75,1.0,0.0,0.0,0.0,-0.5773502691896258,0.0,1.001964,3.706649448127391,0.5709488112988487,0.38749999999999996,48.132918004984504,"{'advisory': 7, 'intervention': 1}",delay_10,nuscenes
scene-1094_e6505be7823b40858d669c34afba37c4_clip000,0.0,0.0,0.0,0.0,1.0,0.0,"{'advisory': 8, 'intervention': 2}",0.9,0.8,0.5,0.0,0.0,0.0,-0.5222329678670935,0.0,2.547497,5.000451223326929,0.4446651960106417,0.38,53.92691255694383,"{'advisory': 9, 'intervention': 1}",delay_10,nuscenes
scene-1094_9441225cd01f4730a02b5d8927063f53_clip000,0.0,0.0,0.0,0.0,1.0,0.0,"{'advisory': 5, 'intervention': 4, 'emergency': 1}",0.8,0.5,0.75,0.0,0.0,0.0,-0.8528028654224415,1.0,4.548171,5.265132407516404,0.4397372042519949,0.47000000000000003,48.26809531662687,"{'advisory': 6, 'intervention': 4}",delay_10,nuscenes
scene-1094_dc534f142fbf42afbdd38a1afae9df7f_clip000,0.0,0.0,0.0,0.0,0.0,0.0,"{'advisory': 4, 'silent': 1}",0.8,0.8,0.0,0.0,0.0,0.0,0.0,0.0,0.0,3.706649448127391,0.0,0.35,50.87646389020149,{'advisory': 5},delay_10,nuscenes
scene-1094_2c761ca3c6e745ab8b7553a3f3dc937e_clip000,0.0,0.0,0.0,0.0,1.0,0.0,"{'advisory': 8, 'intervention': 2}",1.0,0.8,1.0,0.0,0.0,0.0,-0.6963106238227913,0.0,2.4512740000000006,3.706649448127391,0.6737914875878623,0.41,48.59626540688622,"{'advisory': 8, 'intervention': 2}",delay_10,nuscenes
scene-1094_155047a77309452a908e6c96ddd60b55_clip000,0.0,0.0,0.0,0.0,1.0,0.0,"{'advisory': 7, 'intervention': 3}",0.9,0.7,0.6666666666666666,0.0,0.0,0.0,-0.6963106238227913,0.0,4.498894000000001,3.745609057209719,0.6668305587995627,0.41,51.317882567323544,"{'advisory': 8, 'intervention': 2}",delay_10,nuscenes
scene-1094_8e992e7479094a61a550b951c1451092_clip000,0.0,0.0,0.0,0.0,1.0,0.0,"{'advisory': 8, 'intervention': 2}",0.9,0.8,0.5,0.0,0.0,0.0,-0.5222329678670935,0.0,2.547497,5.000451223326929,0.4446651960106417,0.38,53.92691255694383,"{'advisory': 9, 'intervention': 1}",delay_10,nuscenes
scene-1094_c530e58bfaaf4ba38bf0f66c11381d7b_clip000,0.0,0.0,0.0,0.0,1.0,0.0,"{'advisory': 8, 'intervention': 2}",0.9,0.8,0.5,0.0,0.0,0.0,-0.5222329678670935,0.0,2.547497,5.000451223326929,0.4446651960106417,0.38,53.92691255694383,"{'advisory': 9, 'intervention': 1}",delay_10,nuscenes
scene-1094_029357560fcc41db9973bd656d63547d_clip000,0.0,0.0,0.0,0.0,1.0,0.0,"{'advisory': 5, 'intervention': 3, 'emergency': 2}",0.7,0.5,0.6666666666666666,0.0,0.0,0.0,-0.8528028654224415,1.0,1.5001500000000014,2.8688461782870722,0.21984482033511815,0.47000000000000003,47.094939243625014,"{'advisory': 6, 'intervention': 4}",delay_10,nuscenes
scene-1094_19f0484e0ec84c0eb64c92698fe5e7e3_clip000,0.0,0.0,0.0,0.0,1.0,0.0,"{'advisory': 1, 'intervention': 7, 'emergency': 2}",0.7,0.1,0.8571428571428571,0.0,0.0,0.0,-0.6963106238227913,1.0,4.500531999999998,2.8688461782870722,0.44439190744560886,0.5900000000000001,37.649439175461936,"{'advisory': 2, 'intervention': 8}",delay_10,nuscenes
scene-1094_98e2b15c113a477a9f291b25194cab62_clip000,0.0,0.0,0.0,0.0,1.0,0.0,"{'advisory': 2, 'intervention': 5, 'silent': 1}",0.875,0.25,0.8,0.0,0.0,0.0,-0.9128709291752769,1.0,3.4996850000000013,4.82506148464107,1.1429600092579757,0.45625,45.10788434655069,"{'advisory': 3, 'intervention': 4, 'silent': 1}",delay_10,nuscenes
scene-1094_1ab7d92d3ed3455ea628c6962906d4e7_clip000,0.0,0.0,0.0,0.0,1.0,0.0,"{'advisory': 2, 'silent': 1, 'intervention': 5, 'emergency': 2}",0.7,0.2,0.8,0.0,0.0,0.0,-0.873862897505303,1.0,4.499983,2.8688461782870722,0.8888922469262661,0.49499999999999994,42.41492318617626,"{'advisory': 3, 'intervention': 6, 'silent': 1}",delay_10,nuscenes
scene-1100_0b2ba0a3a3874e4a9863541a7a65ec00_clip000,0.0,0.0,0.0,0.0,0.0,0.0,{'silent': 10},1.0,0.0,0.0,0.0,0.0,0.0,0.0,0.0,0.0,7.156893781968976,0.0,0.0,76.8569993878065,{'silent': 10},delay_10,nuscenes
scene-1100_47b04d517ed64f92ad6af4c11233de34_clip000,0.0,0.0,0.0,0.0,0.0,0.0,{'silent': 10},1.0,0.0,0.0,0.0,0.0,0.0,0.0,0.0,0.0,8.721712490996943,0.0,0.0,78.2467437089937,{'silent': 10},delay_10,nuscenes
scene-1100_baa84e9048974b67a0c168a8bf946d3e_clip000,0.0,0.0,0.0,0.0,0.0,0.0,{'silent': 10},1.0,0.0,0.0,0.0,0.0,0.0,0.0,0.0,0.0,7.156893781968976,0.0,0.0,76.8569993878065,{'silent': 10},delay_10,nuscenes
scene-1100_7a88efefda9f4fc3a30fa6a655978ada_clip000,0.0,0.0,0.0,0.0,0.0,0.0,{'silent': 10},1.0,0.0,0.0,0.0,0.0,0.0,0.0,0.0,0.0,8.723277517506936,0.0,0.0,78.24191606458366,{'silent': 10},delay_10,nuscenes
scene-1100_7c7ea45167174debb191420c7fb99649_clip000,0.0,0.0,0.0,0.0,0.0,0.0,{'silent': 10},1.0,0.0,0.0,0.0,0.0,0.0,0.0,0.0,0.0,8.4908567742798,0.0,0.0,78.21251302387716,{'silent': 10},delay_10,nuscenes
scene-1100_7b644b3fb6634f13bf30402c70770e3b_clip000,0.0,0.0,0.0,0.0,0.0,0.0,{'silent': 10},1.0,0.0,0.0,0.0,0.0,0.0,0.0,0.0,0.0,8.182454428355468,0.0,0.0,77.3736527645697,{'silent': 10},delay_10,nuscenes
scene-1100_1c6ea643f2d04632ac5624e0072aa659_clip000,0.0,0.0,0.0,0.0,0.0,0.0,{'silent': 10},1.0,0.0,0.0,0.0,0.0,0.0,0.0,0.0,0.0,8.255333802828359,0.0,0.0,77.68545507665324,{'silent': 10},delay_10,nuscenes
scene-1100_60e1ec6251134f9a8e2031b871a455d1_clip000,0.0,0.0,0.0,0.0,0.0,0.0,{'silent': 8},1.0,0.0,0.0,0.0,0.0,0.0,0.0,0.0,0.0,8.182454428355468,0.0,0.0,77.36788255261092,{'silent': 8},delay_10,nuscenes
near_miss_0000,0.0,0.0,0.0,0.0,1.0,0.0,"{'advisory': 10, 'intervention': 10, 'emergency': 10}",0.6666666666666666,0.3333333333333333,0.6,0.0,0.4,0.0,-0.9136643851522572,1.0,2.7,0.6153846153846168,1.3793103448275863,0.5433333333333332,40.18504197654099,"{'advisory': 14, 'intervention': 12, 'emergency': 4}",delay_10,prism_ar_synthetic
near_miss_0001,0.0,0.0,0.0,0.0,1.0,0.0,"{'advisory': 10, 'intervention': 10, 'emergency': 10}",0.6666666666666666,0.3333333333333333,0.6,0.0,0.4,0.0,-0.9136643851522572,1.0,2.7,0.6322434491419031,1.3793103448275863,0.5433333333333332,40.25985466050656,"{'advisory': 14, 'intervention': 12, 'emergency': 4}",delay_10,prism_ar_synthetic
near_miss_0002,0.0,0.0,0.0,0.0,1.0,0.0,"{'advisory': 12, 'intervention': 8, 'emergency': 10}",0.6666666666666666,0.4,0.5,0.0,0.4,0.0,-0.9008852329229017,1.0,2.5999999999999996,0.6549155677158964,1.3793103448275863,0.5233333333333332,41.159976645620375,"{'advisory': 16, 'intervention': 10, 'emergency': 4}",delay_10,prism_ar_synthetic
near_miss_0003,0.0,0.0,0.0,0.0,1.0,0.0,"{'advisory': 10, 'intervention': 10, 'emergency': 10}",0.8,0.3333333333333333,1.0,0.0,0.4,0.0,-0.9008852329229017,1.0,2.7,0.4753219694268166,1.3793103448275863,0.5833333333333336,36.65757816909761,"{'advisory': 10, 'intervention': 16, 'emergency': 4}",delay_10,prism_ar_synthetic
near_miss_0004,0.0,0.0,0.0,0.0,1.0,0.0,"{'advisory': 12, 'intervention': 8, 'emergency': 10}",0.8,0.4,1.0,0.0,0.4,0.0,-0.9136643851522572,1.0,2.5999999999999996,0.48703359047794376,1.3793103448275863,0.5633333333333334,37.66621694102944,"{'advisory': 12, 'intervention': 14, 'emergency': 4}",delay_10,prism_ar_synthetic
near_miss_0005,0.0,0.0,0.0,0.0,1.0,0.0,"{'advisory': 10, 'intervention': 10, 'emergency': 10}",0.8,0.3333333333333333,1.0,0.0,0.4,0.0,-0.9008852329229017,1.0,2.7,0.46992546357718007,1.3793103448275863,0.5833333333333336,36.96630617752438,"{'advisory': 10, 'intervention': 16, 'emergency': 4}",delay_10,prism_ar_synthetic
near_miss_0006,0.0,0.0,0.0,0.0,1.0,0.0,"{'advisory': 12, 'intervention': 8, 'emergency': 10}",0.2,0.4,0.0,0.0,0.0,0.0,-0.877820347151346,1.0,2.4,0.4615384615384599,1.0344827586206897,0.33999999999999997,50.83922470030134,"{'advisory': 18, 'intervention': 6, 'silent': 6}",delay_10,prism_ar_synthetic
near_miss_0007,0.0,0.0,0.0,0.0,1.0,0.0,"{'advisory': 12, 'intervention': 8, 'emergency': 10}",0.2,0.4,0.0,0.0,0.0,0.0,-0.877820347151346,1.0,2.4,0.468178390157572,1.0344827586206897,0.33999999999999997,51.02727931027012,"{'advisory': 18, 'intervention': 6, 'silent': 6}",delay_10,prism_ar_synthetic
near_miss_0008,0.0,0.0,0.0,0.0,1.0,0.0,"{'advisory': 12, 'intervention': 8, 'emergency': 10}",0.2,0.4,0.0,0.0,0.0,0.0,-0.877820347151346,1.0,2.4,0.46552916522769294,1.0344827586206897,0.33999999999999997,51.02955827452074,"{'advisory': 18, 'intervention': 6, 'silent': 6}",delay_10,prism_ar_synthetic
near_miss_0009,0.0,0.0,0.0,0.0,1.0,0.0,"{'advisory': 11, 'intervention': 9, 'emergency': 10}",0.3333333333333333,0.36666666666666664,0.0,0.0,0.0,0.0,-0.8248920701366341,1.0,1.6,0.24056210088273064,1.0344827586206897,0.4283333333333333,45.16582034052361,"{'advisory': 20, 'intervention': 9, 'silent': 1}",delay_10,prism_ar_synthetic
near_miss_0010,0.0,0.0,0.0,0.0,1.0,0.0,"{'advisory': 11, 'intervention': 9, 'emergency': 10}",0.3333333333333333,0.36666666666666664,0.0,0.0,0.0,0.0,-0.8009770569810697,1.0,1.5,0.24690021851284455,1.0344827586206897,0.4183333333333333,45.57682503563384,"{'advisory': 21, 'intervention': 8, 'silent': 1}",delay_10,prism_ar_synthetic
near_miss_0011,0.0,0.0,0.0,0.0,1.0,0.0,"{'advisory': 10, 'intervention': 10, 'emergency': 10}",0.3,0.3333333333333333,0.0,0.0,0.0,0.0,-0.8009770569810697,1.0,1.5,0.25208474575276885,1.0344827586206897,0.4183333333333333,45.40167411341317,"{'advisory': 21, 'intervention': 8, 'silent': 1}",delay_10,prism_ar_synthetic
near_miss_0012,0.0,0.0,0.0,0.0,1.0,0.0,"{'advisory': 11, 'intervention': 10, 'emergency': 9}",0.8666666666666667,0.36666666666666664,1.0,0.0,0.7777777777777778,0.0,-0.9307887585292831,1.0,2.0,0.17496594953789935,1.0344827586206897,0.6183333333333331,33.41615176913261,"{'advisory': 9, 'intervention': 14, 'emergency': 7}",delay_10,prism_ar_synthetic
near_miss_0013,0.0,0.0,0.0,0.0,1.0,0.0,"{'advisory': 11, 'intervention': 10, 'emergency': 9}",0.8666666666666667,0.36666666666666664,1.0,0.0,0.7777777777777778,0.0,-0.9307887585292831,1.0,2.0,0.1787434412025952,1.0344827586206897,0.6183333333333331,34.06242898087684,"{'advisory': 9, 'intervention': 14, 'emergency': 7}",delay_10,prism_ar_synthetic
near_miss_0014,0.0,0.0,0.0,0.0,1.0,0.0,"{'advisory': 11, 'intervention': 10, 'emergency': 9}",0.9333333333333333,0.36666666666666664,1.0,0.0,0.7777777777777778,0.0,-0.9390625990967915,1.0,1.9,0.1782780635609101,1.3793103448275863,0.5983333333333333,34.22080262235908,"{'advisory': 11, 'intervention': 12, 'emergency': 7}",delay_10,prism_ar_synthetic
near_miss_0015,0.0,0.0,0.0,0.0,1.0,0.0,"{'advisory': 15, 'intervention': 5, 'emergency': 10}",0.6666666666666666,0.5,0.2,0.0,0.5,0.0,-0.880705659173687,1.0,2.9,0.3076923076923066,1.7241379310344829,0.48999999999999994,47.27656280208937,"{'advisory': 18, 'silent': 1, 'intervention': 6, 'emergency': 5}",delay_10,prism_ar_synthetic
near_miss_0016,0.0,0.0,0.0,0.0,1.0,0.0,"{'advisory': 15, 'intervention': 5, 'emergency': 10}",0.6333333333333333,0.5,0.2,0.0,0.4,0.0,-0.8783281981323021,1.0,2.9,0.31522345095100945,1.7241379310344829,0.4816666666666666,47.86843759425891,"{'advisory': 18, 'silent': 1, 'intervention': 7, 'emergency': 4}",delay_10,prism_ar_synthetic
near_miss_0017,0.0,0.0,0.0,0.0,1.0,0.0,"{'advisory': 15, 'intervention': 5, 'emergency': 10}",0.6666666666666666,0.5,0.2,0.0,0.5,0.0,-0.880705659173687,1.0,2.9,0.30973305778342564,1.7241379310344829,0.48999999999999994,47.59258461423874,"{'advisory': 18, 'silent': 1, 'intervention': 6, 'emergency': 5}",delay_10,prism_ar_synthetic
e9df548a3ee566c7_1981_clip000,0.0,0.0,0.0,0.0,0.0,0.0,"{'advisory': 39, 'intervention': 14}",0.5849056603773585,0.7358490566037735,0.0,0.0,0.0,0.0,-0.6201736729460423,0.0,0.0,3.760047674179077,0.7407407407407407,0.2971698113207547,55.93381009528772,"{'advisory': 45, 'silent': 8}",drop_0.1,waymo
0015197d-b916-43b6-bcaa-8a7d90d7b87d_26944_clip000,0.0,0.0,0.0,0.0,0.0,0.0,"{'advisory': 40, 'intervention': 16, 'silent': 1}",0.6140350877192983,0.7017543859649122,0.0,0.0,0.0,0.0,-0.5685735326841775,0.0,0.0,5.246325143903048,0.6349206349206349,0.30701754385964913,58.67066537952108,"{'advisory': 50, 'silent': 7}",drop_0.1,argoverse
0015197d-b916-43b6-bcaa-8a7d90d7b87d_26953_clip000,0.0,0.0,0.0,0.0,0.0,0.0,"{'advisory': 68, 'intervention': 15, 'silent': 1}",0.6785714285714286,0.8095238095238095,0.0,0.0,0.0,0.0,-0.6264883059152964,0.0,0.0,5.246325143903048,0.7526881720430108,0.29583333333333345,60.35326648370324,"{'advisory': 71, 'silent': 13}",drop_0.1,argoverse
0015197d-b916-43b6-bcaa-8a7d90d7b87d_26955_clip000,0.0,0.0,0.0,0.0,0.0,0.0,"{'advisory': 41, 'intervention': 13, 'silent': 10}",0.625,0.640625,0.0,0.0,0.0,0.0,-0.8133501469468493,0.0,0.0,5.246325143903048,1.267605633802817,0.23515625,62.354663202782376,"{'advisory': 43, 'silent': 21}",drop_0.1,argoverse
0015197d-b916-43b6-bcaa-8a7d90d7b87d_26957_clip000,0.0,0.0,0.0,0.0,0.0,0.0,"{'advisory': 65, 'intervention': 14, 'silent': 1}",0.6625,0.8125,0.0,0.0,0.0,0.0,-0.6581737508874411,0.0,0.0,5.246325143903048,0.8139534883720929,0.28875,61.11840508363325,"{'advisory': 66, 'silent': 14}",drop_0.1,argoverse
0015197d-b916-43b6-bcaa-8a7d90d7b87d_26966_clip000,0.0,0.0,0.0,0.0,0.0,0.0,"{'advisory': 42, 'intervention': 16}",0.6551724137931034,0.7241379310344828,0.0,0.0,0.0,0.0,-0.4389591126596826,0.0,0.0,5.246325143903048,0.6666666666666666,0.3258620689655173,58.57603069350404,"{'advisory': 54, 'silent': 4}",drop_0.1,argoverse
0015197d-b916-43b6-bcaa-8a7d90d7b87d_27022_clip000,0.0,0.0,0.0,0.0,0.0,0.0,"{'advisory': 42, 'intervention': 16}",0.6379310344827587,0.7241379310344828,0.0,0.0,0.0,0.0,-0.48620579483701704,0.0,0.0,5.246325143903048,0.6349206349206349,0.3198275862068966,58.37921335677277,"{'advisory': 53, 'silent': 5}",drop_0.1,argoverse
001749f1-bc1c-47fb-a13f-9ab1f2c050a8_7637_clip000,0.0,0.0,0.0,0.0,0.0,0.0,"{'advisory': 18, 'silent': 30}",0.6458333333333334,0.375,0.0,0.0,0.0,0.0,-0.24743582965269675,0.0,0.0,13.0779597103601,0.4,0.007291666666666666,72.897046809381,"{'advisory': 1, 'silent': 47}",drop_0.1,argoverse
001749f1-bc1c-47fb-a13f-9ab1f2c050a8_7719_clip000,0.0,0.0,0.0,0.0,0.0,0.0,"{'advisory': 22, 'silent': 31}",0.6037735849056604,0.41509433962264153,0.0,0.0,0.0,0.0,-0.23570226039551584,0.0,0.0,13.0779597103601,0.37735849056603776,0.00660377358490566,72.88232050135741,"{'advisory': 1, 'silent': 52}",drop_0.1,argoverse
001749f1-bc1c-47fb-a13f-9ab1f2c050a8_7791_clip000,0.0,0.0,0.0,0.0,0.0,0.0,"{'advisory': 24, 'silent': 62}",0.7325581395348837,0.27906976744186046,0.0,0.0,0.0,0.0,-0.18569533817705186,0.0,0.0,13.0779597103601,0.2173913043478261,0.004069767441860465,74.31450056333921,"{'advisory': 1, 'silent': 85}",drop_0.1,argoverse
001749f1-bc1c-47fb-a13f-9ab1f2c050a8_7834_clip000,0.0,0.0,0.0,0.0,0.0,0.0,"{'advisory': 26, 'silent': 34}",0.5833333333333334,0.43333333333333335,0.0,0.0,0.0,0.0,-0.22176638128637188,0.0,0.0,13.0779597103601,0.3125,0.005833333333333333,72.92421315811853,"{'advisory': 1, 'silent': 59}",drop_0.1,argoverse
scene-0061_bbd6c47a20e34276bc6f2cfbc6ba6205_clip000,0.0,0.0,0.0,0.0,0.0,0.0,"{'advisory': 10, 'intervention': 2, 'silent': 6}",0.6666666666666666,0.5555555555555556,0.0,0.0,0.0,0.0,-0.8619942318412311,0.0,0.0,4.141439698693297,0.219792223817059,0.15555555555555556,65.5813525593934,"{'advisory': 8, 'silent': 10}",drop_0.1,nuscenes
scene-0061_3843d35144d84c02b387678f9bc7f2ed_clip000,0.0,0.0,0.0,0.0,1.0,0.0,"{'advisory': 3, 'emergency': 3, 'intervention': 3, 'silent': 3}",0.25,0.25,0.0,0.0,0.0,0.0,-0.916057224828689,1.0,3.448807,2.677125974241124,0.7274508866080475,0.22499999999999998,57.80438506093822,"{'advisory': 4, 'intervention': 2, 'silent': 6}",drop_0.1,nuscenes
scene-0061_03d01c950f044575b69137f069345db0_clip000,0.0,0.0,0.0,0.0,0.0,0.0,"{'advisory': 9, 'intervention': 2, 'silent': 7}",0.6666666666666666,0.5,0.0,0.0,0.0,0.0,-0.8456774081396351,0.0,0.0,4.2630670248026,0.43714084098684985,0.1361111111111111,66.91655543026744,"{'advisory': 7, 'silent': 11}",drop_0.1,nuscenes
scene-0061_221dd725c6654412a04c71ced8ad6d03_clip000,0.0,0.0,0.0,0.0,1.0,0.0,"{'advisory': 3, 'emergency': 3, 'intervention': 3, 'silent': 3}",0.25,0.25,0.0,0.0,0.0,0.0,-0.916057224828689,1.0,3.448807,2.677125974241124,0.7274508866080475,0.22499999999999998,57.80438506093822,"{'advisory': 4, 'intervention': 2, 'silent': 6}",drop_0.1,nuscenes
scene-0061_b4db946778484c2195efa320571f53dc_clip000,0.0,0.0,0.0,0.0,0.0,0.0,"{'advisory': 10, 'intervention': 2, 'silent': 8}",0.7,0.5,0.0,0.0,0.0,0.0,-0.8495907904857465,0.0,0.0,4.141439698693297,0.4166693576562682,0.13999999999999999,66.36669627859088,"{'advisory': 8, 'silent': 12}",drop_0.1,nuscenes
scene-0061_e2f67391cb914b0cbdda3995dbc397f8_clip000,0.0,0.0,0.0,0.0,0.0,0.0,"{'advisory': 10, 'intervention': 2, 'silent': 7}",0.631578947368421,0.5263157894736842,0.0,0.0,0.0,0.0,-0.8366600265340756,0.0,0.0,4.141439698693297,0.2083466805425556,0.12894736842105262,66.00009785111513,"{'advisory': 7, 'silent': 12}",drop_0.1,nuscenes
scene-0061_95fc384cb4994ffe9a5caf914274ab22_clip000,0.0,0.0,0.0,0.0,0.0,0.0,"{'advisory': 10, 'intervention': 2, 'silent': 7}",0.6842105263157895,0.5263157894736842,0.0,0.0,0.0,0.0,-0.8563488385776753,0.0,0.0,4.141439698693297,0.41884031702442437,0.14736842105263157,66.10248178062784,"{'advisory': 8, 'silent': 11}",drop_0.1,nuscenes
scene-0061_0e79e7bed1d543c9a00acfbf90ff60b3_clip000,0.0,0.0,0.0,0.0,1.0,0.0,"{'advisory': 3, 'emergency': 3, 'intervention': 3, 'silent': 5}",0.35714285714285715,0.21428571428571427,0.0,0.0,0.0,0.0,-0.8894991799933214,1.0,4.9987580000000005,2.677125974241124,0.5674882572492369,0.19285714285714284,60.21788773742508,"{'advisory': 4, 'intervention': 2, 'silent': 8}",drop_0.1,nuscenes
scene-0061_1bc410ff237c4c48b9b7b094a9eaeb4d_clip000,0.0,0.0,0.0,0.0,0.0,0.0,"{'advisory': 9, 'intervention': 2, 'silent': 8}",0.7368421052631579,0.47368421052631576,0.0,0.0,0.0,0.0,-0.8563488385776753,0.0,0.0,4.141439698693297,0.4419470019365013,0.14736842105263157,66.32964047870826,"{'advisory': 8, 'silent': 11}",drop_0.1,nuscenes
scene-0061_71603dd1a2ba4e9daf095535e38310ac_clip000,0.0,0.0,0.0,0.0,0.0,0.0,"{'advisory': 9, 'intervention': 1, 'silent': 7}",0.7058823529411765,0.5294117647058824,0.0,0.0,0.0,0.0,-0.8291561975888501,0.0,0.0,4.141439698693297,0.20942015851221218,0.12352941176470586,68.38908521173265,"{'advisory': 6, 'silent': 11}",drop_0.1,nuscenes
scene-0061_eb3da8843f614a90a48ddb6ee392c0c0_clip000,0.0,0.0,0.0,0.0,0.0,0.0,"{'advisory': 9, 'intervention': 2, 'silent': 8}",0.6842105263157895,0.47368421052631576,0.0,0.0,0.0,0.0,-0.8366600265340756,0.0,0.0,4.141439698693297,0.41884031702442437,0.12894736842105262,66.58909457430998,"{'advisory': 7, 'silent': 12}",drop_0.1,nuscenes
scene-0061_070412f6a4f944e6a0a9e01ac1ea1fee_clip000,0.0,0.0,0.0,0.0,0.0,0.0,"{'advisory': 9, 'intervention': 1, 'silent': 7}",0.7647058823529411,0.5294117647058824,0.0,0.0,0.0,0.0,-0.8539125638299666,0.0,0.0,4.141439698693297,0.44191970805016406,0.14411764705882352,66.87565185743303,"{'advisory': 7, 'silent': 10}",drop_0.1,nuscenes
scene-0061_e59d97d4403a48b88fbb6a58fc9959e6_clip000,0.0,0.0,0.0,0.0,0.0,0.0,"{'advisory': 8, 'intervention': 2, 'silent': 7}",0.7058823529411765,0.47058823529411764,0.0,0.0,0.0,0.0,-0.8539125638299666,0.0,0.0,4.141439698693297,0.4187926501052322,0.14411764705882352,66.66416047553378,"{'advisory': 7, 'silent': 10}",drop_0.1,nuscenes
scene-0061_e1e148c7bcb14072822872a4cfc8e882_clip000,0.0,0.0,0.0,0.0,0.0,0.0,"{'advisory': 9, 'intervention': 2, 'silent': 7}",0.7222222222222222,0.5,0.0,0.0,0.0,0.0,-0.8619942318412311,0.0,0.0,4.141439698693297,0.46237167307687194,0.15555555555555556,65.64667874880227,"{'advisory': 8, 'silent': 10}",drop_0.1,nuscenes
scene-0061_f81722a685cc49eba454efbb3aec0331_clip000,0.0,0.0,0.0,0.0,0.0,0.0,"{'advisory': 8, 'intervention': 2, 'silent': 8}",0.7222222222222222,0.4444444444444444,0.0,0.0,0.0,0.0,-0.8456774081396351,0.0,0.0,4.141439698693297,0.41884031702442437,0.1361111111111111,66.28351817929868,"{'advisory': 7, 'silent': 11}",drop_0.1,nuscenes
scene-0061_acc1b985c3b746cdbb22fc59bb41b774_clip000,0.0,0.0,0.0,0.0,0.0,0.0,"{'advisory': 7, 'intervention': 2, 'silent': 7}",0.75,0.4375,0.0,0.0,0.0,0.0,-0.8609160647753271,0.0,0.0,4.141439698693297,0.22096009814163722,0.15312499999999998,65.22226593823771,"{'advisory': 7, 'silent': 9}",drop_0.1,nuscenes
scene-0061_73ee514c205c483da3d1d04282337457_clip000,0.0,0.0,0.0,0.0,0.0,0.0,"{'advisory': 8, 'intervention': 2, 'silent': 8}",0.7222222222222222,0.4444444444444444,0.0,0.0,0.0,0.0,-0.8456774081396351,0.0,0.0,4.141439698693297,0.4187926501052322,0.1361111111111111,66.27969470827301,"{'advisory': 7, 'silent': 11}",drop_0.1,nuscenes
scene-0061_9e6d680cd81942f5acdfbb07254f8f45_clip000,0.0,0.0,0.0,0.0,0.0,0.0,"{'advisory': 6, 'intervention': 2, 'silent': 9}",0.7647058823529411,0.35294117647058826,0.0,0.0,0.0,0.0,-0.8291561975888501,0.0,0.0,4.141439698693297,0.44441743374041615,0.12352941176470586,67.95340134073932,"{'advisory': 6, 'silent': 11}",drop_0.1,nuscenes
scene-0061_1e775890010e4d97b74ca1d06441d023_clip000,0.0,0.0,0.0,0.0,0.0,0.0,{'silent': 10},1.0,0.0,0.0,0.0,0.0,0.0,0.0,0.0,0.0,11.844171317134732,0.0,0.0,78.1543214986105,{'silent': 10},drop_0.1,nuscenes
scene-0061_203a688b840844b8ae16a2b07967ffad_clip000,0.0,0.0,0.0,0.0,0.0,0.0,{'silent': 11},1.0,0.0,0.0,0.0,0.0,0.0,0.0,0.0,0.0,11.844171317134732,0.0,0.0,78.03292927830381,{'silent': 11},drop_0.1,nuscenes
scene-0103_3b19bb63d0924f4da3034819357d6c8b_clip000,0.0,0.0,0.0,0.0,0.0,0.0,"{'advisory': 3, 'intervention': 9, 'silent': 1}",0.3076923076923077,0.23076923076923078,0.0,0.0,0.0,0.0,-0.4629100498862757,0.0,0.0,5.779254636762074,0.15626379516316674,0.3230769230769231,51.75022344365231,"{'advisory': 12, 'silent': 1}",drop_0.1,nuscenes
scene-0103_68a40df2846e4298af0417ea12721b5c_clip000,0.0,0.0,0.0,0.0,0.0,0.0,"{'advisory': 3, 'intervention': 9}",0.25,0.25,0.0,0.0,0.0,0.0,0.0,0.0,0.0,5.779254636762074,0.0,0.35000000000000003,49.86797372243685,{'advisory': 12},drop_0.1,nuscenes
scene-0103_fa107c6dd0dc4d15b94b86cbf5b990c0_clip000,0.0,0.0,0.0,0.0,0.0,0.0,"{'advisory': 3, 'intervention': 6, 'silent': 3}",0.4166666666666667,0.25,0.0,0.0,0.0,0.0,-0.8193464903987027,0.0,0.0,5.779254636762074,0.1351498372458085,0.2333333333333333,58.07818407714719,"{'advisory': 8, 'silent': 4}",drop_0.1,nuscenes
scene-0103_ead6a822f86c432481c0a9d2e4e4f827_clip000,0.0,0.0,0.0,0.0,0.0,0.0,"{'advisory': 4, 'intervention': 8, 'silent': 1}",0.3076923076923077,0.3076923076923077,0.0,0.0,0.0,0.0,-0.6267831705280088,0.0,0.0,5.779254636762074,0.15626379516316674,0.29615384615384616,53.518199293753355,"{'advisory': 11, 'silent': 2}",drop_0.1,nuscenes
scene-0103_99fbf1b9bf474215a4e8ad562bb7e9b2_clip000,0.0,0.0,0.0,0.0,0.0,0.0,"{'advisory': 3, 'intervention': 9, 'silent': 4}",0.4375,0.1875,0.0,0.0,0.0,0.0,-0.7514691493021795,0.0,0.0,5.779254636762074,0.11977275754256962,0.26249999999999996,56.893438737111346,"{'advisory': 12, 'silent': 4}",drop_0.1,nuscenes
scene-0103_6e71a9ceaf9a4974a1d07a2bd3544506_clip000,0.0,0.0,0.0,0.0,0.0,0.0,"{'advisory': 3, 'intervention': 7, 'silent': 6}",0.5,0.1875,0.0,0.0,0.0,0.0,-0.8609160647753271,0.0,0.0,5.779254636762074,0.1129995980604297,0.19687499999999997,61.41718557032584,"{'advisory': 9, 'silent': 7}",drop_0.1,nuscenes
scene-0103_34aaf645a4174c6c8ff1874e6b33ccf6_clip000,0.0,0.0,0.0,0.0,0.0,0.0,"{'advisory': 4, 'intervention': 6, 'silent': 4}",0.5,0.2857142857142857,0.0,0.0,0.0,0.0,-0.8320502943378437,0.0,0.0,5.779254636762074,0.12659756633902372,0.225,59.80463783971938,"{'advisory': 9, 'silent': 5}",drop_0.1,nuscenes
scene-0103_b3412553d70f40b3a1d19a0eb8529a08_clip000,0.0,0.0,0.0,0.0,0.0,0.0,"{'advisory': 12, 'intervention': 2, 'silent': 5}",0.7368421052631579,0.631578947368421,0.0,0.0,0.0,0.0,-0.8563488385776753,0.0,0.0,7.815466782298337,0.5262626092521175,0.2026315789473684,67.68232079328757,"{'advisory': 11, 'silent': 8}",drop_0.1,nuscenes
scene-0103_e147a4c07e06487592fb5d6135c27a78_clip000,0.0,0.0,0.0,0.0,0.0,0.0,"{'advisory': 12, 'intervention': 4, 'silent': 3}",0.631578947368421,0.631578947368421,0.0,0.0,0.0,0.0,-0.8062257748298549,0.0,0.0,7.211785952341847,0.5235191501734575,0.23947368421052626,63.65767697104313,"{'advisory': 13, 'silent': 6}",drop_0.1,nuscenes
scene-0103_996d9e039f7a4838ac48d5409ca89732_clip000,0.0,0.0,0.0,0.0,0.0,0.0,"{'advisory': 4, 'intervention': 9, 'silent': 5}",0.4444444444444444,0.2222222222222222,0.0,0.0,0.0,0.0,-0.8177595307636584,0.0,0.0,5.779254636762074,0.11977275754256962,0.23333333333333328,58.64722091760705,"{'advisory': 12, 'silent': 6}",drop_0.1,nuscenes
scene-0103_72137291381349428afb1038d4e5898c_clip000,0.0,0.0,0.0,0.0,0.0,0.0,"{'advisory': 4, 'intervention': 8, 'silent': 5}",0.47058823529411764,0.23529411764705882,0.0,0.0,0.0,0.0,-0.8291561975888501,0.0,0.0,5.779254636762074,0.11977275754256962,0.2264705882352941,59.277483336693166,"{'advisory': 11, 'silent': 6}",drop_0.1,nuscenes
scene-0103_c34cb46c7be6486a85ee49653850b174_clip000,0.0,0.0,0.0,0.0,0.0,0.0,"{'advisory': 4, 'intervention': 9, 'silent': 5}",0.4444444444444444,0.2222222222222222,0.0,0.0,0.0,0.0,-0.8177595307636584,0.0,0.0,5.779254636762074,0.11977275754256962,0.23333333333333328,58.64722091760705,"{'advisory': 12, 'silent': 6}",drop_0.1,nuscenes
scene-0103_5d77c275683248658e7564ef24bf63b2_clip000,0.0,0.0,0.0,0.0,0.0,0.0,"{'advisory': 3, 'intervention': 9, 'silent': 5}",0.4117647058823529,0.17647058823529413,0.0,0.0,0.0,0.0,-0.8291561975888501,0.0,0.0,5.779254636762074,0.1129995980604297,0.2264705882352941,58.70337246015228,"{'advisory': 11, 'silent': 6}",drop_0.1,nuscenes
scene-0103_3c7331d16ac6439e9bd5a57d75976446_clip000,0.0,0.0,0.0,0.0,0.0,0.0,"{'advisory': 11, 'silent': 7}",0.8333333333333334,0.6111111111111112,0.0,0.0,0.0,0.0,-0.8619942318412311,0.0,0.0,8.057642976087136,0.5555575926000617,0.15555555555555556,70.75665558590293,"{'advisory': 8, 'silent': 10}",drop_0.1,nuscenes
scene-0103_0809d64df9264121bead0772ee9b5984_clip000,0.0,0.0,0.0,0.0,0.0,0.0,"{'advisory': 9, 'intervention': 4, 'silent': 1}",0.5714285714285714,0.6428571428571429,0.0,0.0,0.0,0.0,-0.7125253031944252,0.0,0.0,7.211785952341847,0.714235309679574,0.275,60.871457173977774,"{'advisory': 11, 'silent': 3}",drop_0.1,nuscenes
scene-0103_ad2ae385245f46d49b4d06f87e2ac544_clip000,0.0,0.0,0.0,0.0,0.0,0.0,"{'advisory': 4, 'intervention': 9, 'silent': 6}",0.47368421052631576,0.21052631578947367,0.0,0.0,0.0,0.0,-0.8366600265340756,0.0,0.0,5.779254636762074,0.1129995980604297,0.22105263157894733,59.5571095200669,"{'advisory': 12, 'silent': 7}",drop_0.1,nuscenes
scene-0103_09810748e6c04aacb393ebf14fafa5e8_clip000,0.0,0.0,0.0,0.0,0.0,0.0,"{'advisory': 10, 'silent': 7}",0.8235294117647058,0.5882352941176471,0.0,0.0,0.0,0.0,-0.8539125638299666,0.0,0.0,7.967399571723729,0.5263245984853852,0.14411764705882352,71.13668822705374,"{'advisory': 7, 'silent': 10}",drop_0.1,nuscenes
scene-0103_4ce8f37952ad4203b1f5b23c728fb2e6_clip000,0.0,0.0,0.0,0.0,0.0,0.0,"{'advisory': 11, 'intervention': 2, 'silent': 6}",0.7368421052631579,0.5789473684210527,0.0,0.0,0.0,0.0,-0.8660254037844388,0.0,0.0,7.815466782298337,0.5262626092521175,0.18421052631578946,68.14378253402332,"{'advisory': 10, 'silent': 9}",drop_0.1,nuscenes
scene-0103_c1fe224b76cc49e294847788c443e470_clip000,0.0,0.0,0.0,0.0,0.0,0.0,"{'advisory': 11, 'intervention': 2, 'silent': 6}",0.7894736842105263,0.5789473684210527,0.0,0.0,0.0,0.0,-0.8563488385776753,0.0,0.0,7.815466782298337,0.5262626092521175,0.2026315789473684,67.97405396033058,"{'advisory': 11, 'silent': 8}",drop_0.1,nuscenes
scene-0103_608f6c85cd524242bc9d299c0a954f69_clip000,0.0,0.0,0.0,0.0,0.0,0.0,"{'advisory': 14, 'intervention': 4, 'silent': 1}",0.631578947368421,0.7368421052631579,0.0,0.0,0.0,0.0,-0.7071067811865475,0.0,0.0,7.211785952341847,0.5555552469137517,0.2763157894736841,62.53767740887187,"{'advisory': 15, 'silent': 4}",drop_0.1,nuscenes
scene-0103_723af3d23fb445e3ab97669e85846445_clip000,0.0,0.0,0.0,0.0,0.0,0.0,"{'advisory': 7, 'intervention': 4, 'silent': 1}",0.5,0.5833333333333334,0.0,0.0,0.0,0.0,-0.7526178090063816,0.0,0.0,7.211785952341847,0.7205679083913197,0.2625,60.21962411707678,"{'advisory': 9, 'silent': 3}",drop_0.1,nuscenes
scene-0553_19804c352c0a4767b61b8d0709d1db99_clip000,0.0,0.0,0.0,0.0,0.0,0.0,{'silent': 17},1.0,0.0,0.0,0.0,0.0,0.0,0.0,0.0,0.0,7.913043448354689,0.0,0.0,76.49514094158576,{'silent': 17},drop_0.1,nuscenes
scene-0553_b61b72a5b5ad482e9bc94c203f75b8d4_clip000,0.0,0.0,0.0,0.0,0.0,0.0,{'silent': 17},1.0,0.0,0.0,0.0,0.0,0.0,0.0,0.0,0.0,7.913043448354689,0.0,0.0,76.43743957237554,{'silent': 17},drop_0.1,nuscenes
scene-0553_21d4060224a946e5b66fd00749282e82_clip000,0.0,0.0,0.0,0.0,0.0,0.0,{'silent': 19},1.0,0.0,0.0,0.0,0.0,0.0,0.0,0.0,0.0,7.913043448354689,0.0,0.0,76.26028859104686,{'silent': 19},drop_0.1,nuscenes
scene-0553_340ccb3c0dcb492eaa032f0e4e3017bb_clip000,0.0,0.0,0.0,0.0,0.0,0.0,{'silent': 17},1.0,0.0,0.0,0.0,0.0,0.0,0.0,0.0,0.0,7.913043448354689,0.0,0.0,76.49212282694575,{'silent': 17},drop_0.1,nuscenes
scene-0553_afd097377c71479ea8349eeae83b8143_clip000,0.0,0.0,0.0,0.0,0.0,0.0,{'silent': 18},1.0,0.0,0.0,0.0,0.0,0.0,0.0,0.0,0.0,7.913043448354689,0.0,0.0,76.56113692675851,{'silent': 18},drop_0.1,nuscenes
scene-0553_18cdcf0d2340409b95140ea38a70fd2e_clip000,0.0,0.0,0.0,0.0,0.0,0.0,{'silent': 17},1.0,0.0,0.0,0.0,0.0,0.0,0.0,0.0,0.0,7.913043448354689,0.0,0.0,76.35859138917911,{'silent': 17},drop_0.1,nuscenes
scene-0553_2397a588f42e4195bf7fb0148aa7a3d6_clip000,0.0,0.0,0.0,0.0,0.0,0.0,{'silent': 15},1.0,0.0,0.0,0.0,0.0,0.0,0.0,0.0,0.0,7.913043448354689,0.0,0.0,76.7914578469959,{'silent': 15},drop_0.1,nuscenes
scene-0655_433e28f80ae9462eb927089896b5f669_clip000,0.0,0.0,0.0,0.0,0.0,0.0,"{'advisory': 8, 'intervention': 2, 'silent': 8}",0.8333333333333334,0.4444444444444444,0.0,0.0,0.0,0.0,-0.8673649643743679,0.0,0.0,9.303399999255339,0.7369216152269059,0.175,68.52478509314679,"{'advisory': 9, 'silent': 9}",drop_0.1,nuscenes
scene-0655_fe199544817e496aa7708a1db0af2108_clip000,0.0,0.0,0.0,0.0,0.0,0.0,"{'advisory': 7, 'intervention': 2, 'silent': 7}",0.8125,0.4375,0.0,0.0,0.0,0.0,-0.8677218312746248,0.0,0.0,9.303399999255339,0.3333672997570974,0.175,68.51476697011316,"{'advisory': 8, 'silent': 8}",drop_0.1,nuscenes
scene-0655_99d539b687cb4a46b8f1efc7204aa160_clip000,0.0,0.0,0.0,0.0,0.0,0.0,"{'advisory': 11, 'intervention': 1, 'silent': 4}",0.75,0.6875,0.0,0.0,0.0,0.0,-0.8609160647753271,0.0,0.0,9.339643659672035,1.0468725676570185,0.19687499999999997,67.96619301972937,"{'advisory': 9, 'silent': 7}",drop_0.1,nuscenes
scene-0757_4b086f653d5a47a79f73f1d4a4d956d8_clip000,0.0,0.0,0.0,0.0,0.0,0.0,{'silent': 9},1.0,0.0,0.0,0.0,0.0,0.0,0.0,0.0,0.0,15.729760619079478,0.0,0.0,80.36702260749736,{'silent': 9},drop_0.1,nuscenes
scene-0757_3c16d6997c70488ab7e9dfd0fbec962e_clip000,0.0,0.0,0.0,0.0,0.0,0.0,{'silent': 10},1.0,0.0,0.0,0.0,0.0,0.0,0.0,0.0,0.0,15.367333636732997,0.0,0.0,80.30498033135541,{'silent': 10},drop_0.1,nuscenes
scene-0796_a9ba2ffc5a95458c9bd1052be9bc24ad_clip000,0.0,0.0,0.0,0.0,0.0,0.0,"{'advisory': 5, 'silent': 2, 'intervention': 4, 'emergency': 1}",0.3333333333333333,0.4166666666666667,0.0,0.0,0.0,0.0,-0.8568930704969754,0.0,0.0,5.527536801495883,0.4917840910469395,0.20416666666666664,60.00346229370311,"{'advisory': 7, 'silent': 5}",drop_0.1,nuscenes
scene-0916_4591a9f392774001a2cf523286505ac9_clip000,0.0,0.0,0.0,0.0,0.0,0.0,"{'advisory': 9, 'intervention': 1, 'silent': 8}",0.9444444444444444,0.5,0.0,0.0,0.0,0.0,-0.8619942318412311,0.0,0.0,5.928808108233976,0.42110866119449997,0.19444444444444442,67.77821740454736,"{'advisory': 10, 'silent': 8}",drop_0.1,nuscenes
scene-0916_c8fcea5cd6d344e69a92241622f58be7_clip000,0.0,0.0,0.0,0.0,0.0,0.0,"{'advisory': 9, 'intervention': 1, 'silent': 8}",0.8888888888888888,0.5,0.0,0.0,0.0,0.0,-0.8673649643743679,0.0,0.0,5.928808108233976,0.42559222221702053,0.17499999999999996,67.49793575970523,"{'advisory': 9, 'silent': 9}",drop_0.1,nuscenes
scene-0916_cb5fdffa966345cdb9c7c186143b7857_clip000,0.0,0.0,0.0,0.0,0.0,0.0,"{'advisory': 7, 'intervention': 1, 'silent': 10}",0.9444444444444444,0.3888888888888889,0.0,0.0,0.0,0.0,-0.8619942318412311,0.0,0.0,5.928808108233976,0.42556822401230404,0.15555555555555556,68.46392533349277,"{'advisory': 8, 'silent': 10}",drop_0.1,nuscenes
scene-0916_de7bc639112c40ec9ebe406673f1487d_clip000,0.0,0.0,0.0,0.0,0.0,0.0,"{'advisory': 8, 'silent': 8}",1.0,0.5,0.0,0.0,0.0,0.0,-0.8677218312746248,0.0,0.0,5.928808108233976,0.42556822401230404,0.175,68.79490420628218,"{'advisory': 8, 'silent': 8}",drop_0.1,nuscenes
scene-0916_c2c271c1bc484bce81639bfda2083588_clip000,0.0,0.0,0.0,0.0,0.0,0.0,"{'advisory': 9, 'silent': 8}",1.0,0.5294117647058824,0.0,0.0,0.0,0.0,-0.8660254037844387,0.0,0.0,5.928808108233976,0.4494144186302051,0.1852941176470588,68.63877532731563,"{'advisory': 9, 'silent': 8}",drop_0.1,nuscenes
scene-0916_af7483c35ffa4ad193d14bbac3b0ab4e_clip000,0.0,0.0,0.0,0.0,0.0,0.0,"{'advisory': 10, 'intervention': 1, 'silent': 9}",0.9,0.5,0.0,0.0,0.0,0.0,-0.8671099695241199,0.0,0.0,5.928808108233976,0.42111078919530776,0.175,68.39519915806088,"{'advisory': 10, 'silent': 10}",drop_0.1,nuscenes
scene-0916_ebcd168fd25247f68482853796c9327f_clip000,0.0,0.0,0.0,0.0,0.0,0.0,"{'advisory': 8, 'intervention': 1, 'silent': 10}",0.9473684210526315,0.42105263157894735,0.0,0.0,0.0,0.0,-0.8660254037844388,0.0,0.0,5.928808108233976,0.21278411200615202,0.1657894736842105,68.05668142406728,"{'advisory': 9, 'silent': 10}",drop_0.1,nuscenes
scene-0916_9256b7cc27954e7bb5e3a3fb8c62474c_clip000,0.0,0.0,0.0,0.0,0.0,0.0,"{'advisory': 8, 'intervention': 1, 'silent': 8}",0.9411764705882353,0.47058823529411764,0.0,0.0,0.0,0.0,-0.8660254037844387,0.0,0.0,5.928808108233976,0.4255425987290745,0.1852941176470588,67.60733747438327,"{'advisory': 9, 'silent': 8}",drop_0.1,nuscenes
scene-0916_eeabbd601fff49c08c086829bfe13287_clip000,0.0,0.0,0.0,0.0,0.0,0.0,"{'advisory': 7, 'intervention': 1, 'silent': 8}",0.9375,0.4375,0.0,0.0,0.0,0.0,-0.8677218312746248,0.0,0.0,5.928808108233976,0.42556822401230404,0.175,67.25411429884785,"{'advisory': 8, 'silent': 8}",drop_0.1,nuscenes
scene-0916_54ca0158a30a4d8291684544ddbeff3f_clip000,0.0,0.0,0.0,0.0,0.0,0.0,"{'advisory': 9, 'intervention': 1, 'silent': 9}",0.9473684210526315,0.47368421052631576,0.0,0.0,0.0,0.0,-0.8660254037844388,0.0,0.0,5.928808108233976,0.42556822401230404,0.18421052631578946,67.85381126714236,"{'advisory': 10, 'silent': 9}",drop_0.1,nuscenes
scene-0916_b825554384e042baba291f6f75c1ba49_clip000,0.0,0.0,0.0,0.0,0.0,0.0,"{'advisory': 10, 'intervention': 1, 'silent': 8}",0.8947368421052632,0.5263157894736842,0.0,0.0,0.0,0.0,-0.8660254037844388,0.0,0.0,5.928808108233976,0.42110866119449997,0.18421052631578946,68.14585146177797,"{'advisory': 10, 'silent': 9}",drop_0.1,nuscenes
scene-0916_b7ff9843f0bc4154a865230adb65a45d_clip000,0.0,0.0,0.0,0.0,0.0,0.0,"{'advisory': 8, 'intervention': 1, 'silent': 8}",0.8823529411764706,0.47058823529411764,0.0,0.0,0.0,0.0,-0.8660254037844387,0.0,0.0,5.952349891691551,0.42559222221702053,0.16470588235294117,67.93494552411654,"{'advisory': 8, 'silent': 9}",drop_0.1,nuscenes
scene-0916_4b8ef2beabcf4121af0f287cd1a7fd55_clip000,0.0,0.0,0.0,0.0,0.0,0.0,"{'advisory': 9, 'intervention': 1, 'silent': 8}",0.8888888888888888,0.5,0.0,0.0,0.0,0.0,-0.8673649643743679,0.0,0.0,5.928808108233976,0.42110866119449997,0.17499999999999996,67.8527709314803,"{'advisory': 9, 'silent': 9}",drop_0.1,nuscenes
scene-0916_89eaf741be444d7e8fcc4748482d338d_clip000,0.0,0.0,0.0,0.0,0.0,0.0,"{'advisory': 9, 'intervention': 1, 'silent': 9}",0.9473684210526315,0.47368421052631576,0.0,0.0,0.0,0.0,-0.8660254037844388,0.0,0.0,5.928808108233976,0.4494144186302051,0.18421052631578946,67.4919871269522,"{'advisory': 10, 'silent': 9}",drop_0.1,nuscenes
scene-0916_e5a06b589b93428c867bd6a92ed6da93_clip000,0.0,0.0,0.0,0.0,0.0,0.0,"{'advisory': 8, 'intervention': 1, 'silent': 7}",0.9375,0.5,0.0,0.0,0.0,0.0,-0.8609160647753271,0.0,0.0,5.928808108233976,0.4494997685638067,0.19687499999999997,66.60232835593436,"{'advisory': 9, 'silent': 7}",drop_0.1,nuscenes
scene-0916_68d411d0e8664a09b4c59787793b0b87_clip000,0.0,0.0,0.0,0.0,0.0,0.0,"{'advisory': 8, 'intervention': 1, 'silent': 9}",0.9444444444444444,0.4444444444444444,0.0,0.0,0.0,0.0,-0.8673649643743679,0.0,0.0,5.928808108233976,0.4255425987290745,0.17499999999999996,67.89035474414726,"{'advisory': 9, 'silent': 9}",drop_0.1,nuscenes
scene-0916_c6d85e602dd342d99758b41e64e86e12_clip000,0.0,0.0,0.0,0.0,0.0,0.0,"{'advisory': 9, 'intervention': 1, 'silent': 8}",0.8888888888888888,0.5,0.0,0.0,0.0,0.0,-0.8673649643743679,0.0,0.0,5.928808108233976,0.42110866119449997,0.17499999999999996,68.53341742715557,"{'advisory': 9, 'silent': 9}",drop_0.1,nuscenes
scene-0916_c5a370e03491457485bfda760515e537_clip000,0.0,0.0,0.0,0.0,0.0,0.0,"{'advisory': 8, 'intervention': 1, 'silent': 9}",0.8888888888888888,0.4444444444444444,0.0,0.0,0.0,0.0,-0.8619942318412311,0.0,0.0,5.928808108233976,0.42110866119449997,0.15555555555555556,69.20135964307771,"{'advisory': 8, 'silent': 10}",drop_0.1,nuscenes
scene-1094_55f7fb5fa2854b0da825c2cd1c94b23b_clip000,0.0,0.0,0.0,0.0,1.0,0.0,"{'advisory': 7, 'intervention': 1, 'silent': 9}",0.5294117647058824,0.4117647058823529,1.0,0.0,0.0,0.0,-0.560112033611204,0.0,1.001964,3.706649448127391,0.3528457005751385,0.3470588235294117,57.78155068264097,"{'advisory': 15, 'intervention': 1, 'silent': 1}",drop_0.1,nuscenes
scene-1094_47304f98d3d3484d8af8d5e4c7428022_clip000,0.0,0.0,0.0,0.0,1.0,0.0,"{'advisory': 8, 'intervention': 3, 'silent': 5}",0.625,0.5,0.6666666666666666,0.0,0.0,0.0,-0.5739440431835515,0.0,4.003540000000001,3.706649448127391,0.42083397510514536,0.38749999999999996,54.60343605130433,"{'advisory': 14, 'intervention': 2}",drop_0.1,nuscenes
scene-1094_3543efbc49b147c6a7151e945b999fe5_clip000,0.0,0.0,0.0,0.0,0.0,0.0,"{'advisory': 7, 'silent': 10}",0.47058823529411764,0.4117647058823529,0.0,0.0,0.0,0.0,-0.408248290463863,0.0,0.0,3.706649448127391,0.1110841670292639,0.32941176470588235,59.40991751805846,"{'advisory': 16, 'silent': 1}",drop_0.1,nuscenes
scene-1094_d61323aefb8640da9d5258fae57c2d1c_clip000,0.0,0.0,0.0,0.0,1.0,0.0,"{'advisory': 8, 'intervention': 1, 'silent': 9}",0.5555555555555556,0.4444444444444444,1.0,0.0,0.0,0.0,-0.5461186812727502,0.0,1.5018470000000006,3.706649448127391,0.3332525010877917,0.3472222222222221,57.82644656928663,"{'advisory': 16, 'intervention': 1, 'silent': 1}",drop_0.1,nuscenes
scene-1094_9777aa985269472595ff1ee88420008f_clip000,0.0,0.0,0.0,0.0,1.0,0.0,"{'advisory': 7, 'intervention': 1, 'silent': 10}",0.5,0.3888888888888889,1.0,0.0,0.0,0.0,-0.5461186812727502,0.0,1.001964,3.706649448127391,0.3528457005751385,0.3472222222222221,58.2720524686074,"{'advisory': 16, 'intervention': 1, 'silent': 1}",drop_0.1,nuscenes
scene-1094_e6505be7823b40858d669c34afba37c4_clip000,0.0,0.0,0.0,0.0,1.0,0.0,"{'advisory': 12, 'intervention': 3, 'silent': 3}",0.7777777777777778,0.6666666666666666,0.6666666666666666,0.0,0.0,0.0,-0.5451730205091057,0.0,4.998771,3.706649448127391,0.42105936852884385,0.38333333333333325,53.6073961510114,"{'advisory': 16, 'intervention': 2}",drop_0.1,nuscenes
scene-1094_9441225cd01f4730a02b5d8927063f53_clip000,0.0,0.0,0.0,0.0,1.0,0.0,"{'advisory': 12, 'emergency': 1, 'intervention': 5, 'silent': 1}",0.8421052631578947,0.631578947368421,0.8,0.0,0.0,0.0,-0.7637626158259734,0.0,6.999445000000001,3.706649448127391,0.526292411010795,0.42894736842105263,48.668879393722115,"{'advisory': 14, 'intervention': 5}",drop_0.1,nuscenes
scene-1094_dc534f142fbf42afbdd38a1afae9df7f_clip000,0.0,0.0,0.0,0.0,0.0,0.0,"{'advisory': 4, 'silent': 9}",0.38461538461538464,0.3076923076923077,0.0,0.0,0.0,0.0,-0.4629100498862757,0.0,0.0,3.706649448127391,0.1428588979807466,0.3230769230769231,61.28703816416003,"{'advisory': 12, 'silent': 1}",drop_0.1,nuscenes
scene-1094_2c761ca3c6e745ab8b7553a3f3dc937e_clip000,0.0,0.0,0.0,0.0,1.0,0.0,"{'advisory': 8, 'intervention': 2, 'silent': 8}",0.5555555555555556,0.4444444444444444,1.0,0.0,0.0,0.0,-0.5451730205091057,0.0,2.4512740000000006,3.706649448127391,0.31740160655997174,0.3833333333333333,56.486580719197775,"{'advisory': 16, 'intervention': 2}",drop_0.1,nuscenes
scene-1094_155047a77309452a908e6c96ddd60b55_clip000,0.0,0.0,0.0,0.0,1.0,0.0,"{'advisory': 11, 'intervention': 3, 'silent': 5}",0.6842105263157895,0.5789473684210527,0.6666666666666666,0.0,0.0,0.0,-0.532290647422377,0.0,4.498894000000001,3.706649448127391,0.4210586593660709,0.38157894736842096,53.90871790336041,"{'advisory': 17, 'intervention': 2}",drop_0.1,nuscenes
scene-1094_8e992e7479094a61a550b951c1451092_clip000,0.0,0.0,0.0,0.0,1.0,0.0,"{'advisory': 13, 'intervention': 3, 'silent': 3}",0.7894736842105263,0.6842105263157895,0.6666666666666666,0.0,0.0,0.0,-0.532290647422377,0.0,4.998771,3.706649448127391,0.42105936852884385,0.38157894736842096,53.69086253912332,"{'advisory': 17, 'intervention': 2}",drop_0.1,nuscenes
scene-1094_c530e58bfaaf4ba38bf0f66c11381d7b_clip000,0.0,0.0,0.0,0.0,1.0,0.0,"{'advisory': 13, 'intervention': 3, 'silent': 3}",0.7894736842105263,0.6842105263157895,0.6666666666666666,0.0,0.0,0.0,-0.532290647422377,0.0,4.998771,3.706649448127391,0.42105936852884385,0.38157894736842096,53.612939351900145,"{'advisory': 17, 'intervention': 2}",drop_0.1,nuscenes
scene-1094_029357560fcc41db9973bd656d63547d_clip000,0.0,0.0,0.0,0.0,1.0,0.0,"{'advisory': 12, 'intervention': 5, 'emergency': 1}",0.8888888888888888,0.6666666666666666,0.8,0.0,0.0,0.0,-0.7769911005144383,0.0,7.499250000000002,2.8688461782870722,0.5555574691423936,0.43333333333333335,48.63166471779996,"{'advisory': 13, 'intervention': 5}",drop_0.1,nuscenes
scene-1094_19f0484e0ec84c0eb64c92698fe5e7e3_clip000,0.0,0.0,0.0,0.0,1.0,0.0,"{'advisory': 7, 'intervention': 9, 'emergency': 3}",0.7368421052631579,0.3684210526315789,0.7777777777777778,0.0,0.0,0.0,-0.8660254037844388,1.0,8.548764999999998,2.8688461782870722,0.5264159747455096,0.5078947368421053,44.36859306581774,"{'advisory': 9, 'intervention': 10}",drop_0.1,nuscenes
scene-1094_98e2b15c113a477a9f291b25194cab62_clip000,0.0,0.0,0.0,0.0,1.0,0.0,"{'advisory': 5, 'silent': 1, 'intervention': 6, 'emergency': 3}",0.6666666666666666,0.3333333333333333,0.6666666666666666,0.0,0.0,0.0,-0.8944271909999159,1.0,6.000133000000002,2.8688461782870722,0.4679038434206578,0.4666666666666667,45.84447277154433,"{'advisory': 7, 'intervention': 7, 'silent': 1}",drop_0.1,nuscenes
scene-1094_1ab7d92d3ed3455ea628c6962906d4e7_clip000,0.0,0.0,0.0,0.0,1.0,0.0,"{'advisory': 7, 'silent': 1, 'intervention': 7, 'emergency': 3}",0.7222222222222222,0.3888888888888889,0.7142857142857143,0.0,0.0,0.0,-0.8885233166386386,1.0,9.547959,2.8688461782870722,0.4189377017643247,0.46388888888888885,46.1420030331771,"{'advisory': 9, 'intervention': 8, 'silent': 1}",drop_0.1,nuscenes
scene-1100_0b2ba0a3a3874e4a9863541a7a65ec00_clip000,0.0,0.0,0.0,0.0,0.0,0.0,{'silent': 8},1.0,0.0,0.0,0.0,0.0,0.0,0.0,0.0,0.0,7.156893781968976,0.0,0.0,76.83334723793062,{'silent': 8},drop_0.1,nuscenes
scene-1100_47b04d517ed64f92ad6af4c11233de34_clip000,0.0,0.0,0.0,0.0,0.0,0.0,{'silent': 17},1.0,0.0,0.0,0.0,0.0,0.0,0.0,0.0,0.0,8.255333802828359,0.0,0.0,77.91775467722996,{'silent': 17},drop_0.1,nuscenes
scene-1100_baa84e9048974b67a0c168a8bf946d3e_clip000,0.0,0.0,0.0,0.0,0.0,0.0,{'silent': 10},1.0,0.0,0.0,0.0,0.0,0.0,0.0,0.0,0.0,7.156893781968976,0.0,0.0,76.8569993878065,{'silent': 10},drop_0.1,nuscenes
scene-1100_7a88efefda9f4fc3a30fa6a655978ada_clip000,0.0,0.0,0.0,0.0,0.0,0.0,{'silent': 20},1.0,0.0,0.0,0.0,0.0,0.0,0.0,0.0,0.0,8.395470031155442,0.0,0.0,78.1330102126415,{'silent': 20},drop_0.1,nuscenes
scene-1100_7c7ea45167174debb191420c7fb99649_clip000,0.0,0.0,0.0,0.0,0.0,0.0,{'silent': 19},1.0,0.0,0.0,0.0,0.0,0.0,0.0,0.0,0.0,8.214534625139017,0.0,0.0,77.82376894141632,{'silent': 19},drop_0.1,nuscenes
scene-1100_7b644b3fb6634f13bf30402c70770e3b_clip000,0.0,0.0,0.0,0.0,0.0,0.0,{'silent': 17},1.0,0.0,0.0,0.0,0.0,0.0,0.0,0.0,0.0,7.157324770979185,0.0,0.0,77.13722106610328,{'silent': 17},drop_0.1,nuscenes
scene-1100_1c6ea643f2d04632ac5624e0072aa659_clip000,0.0,0.0,0.0,0.0,0.0,0.0,{'silent': 19},1.0,0.0,0.0,0.0,0.0,0.0,0.0,0.0,0.0,7.622279608464889,0.0,0.0,77.49966144849894,{'silent': 19},drop_0.1,nuscenes
scene-1100_60e1ec6251134f9a8e2031b871a455d1_clip000,0.0,0.0,0.0,0.0,0.0,0.0,{'silent': 14},1.0,0.0,0.0,0.0,0.0,0.0,0.0,0.0,0.0,7.156893781968976,0.0,0.0,77.14542511142096,{'silent': 14},drop_0.1,nuscenes
near_miss_0000,0.0,0.0,0.0,0.0,1.0,0.0,"{'advisory': 17, 'intervention': 9, 'emergency': 10}",0.75,0.4722222222222222,0.6666666666666666,0.0,0.4,0.0,-0.8898621356371886,1.0,2.7,0.6153846153846168,1.0256410256410258,0.5111111111111113,43.46162778463837,"{'advisory': 20, 'intervention': 12, 'emergency': 4}",drop_0.1,prism_ar_synthetic
near_miss_0001,0.0,0.0,0.0,0.0,1.0,0.0,"{'advisory': 18, 'intervention': 10, 'emergency': 10}",0.7368421052631579,0.47368421052631576,0.6,0.0,0.4,0.0,-0.8802039441788139,1.0,2.7,0.6322434491419031,1.0256410256410258,0.5026315789473687,43.7201479311311,"{'advisory': 22, 'intervention': 12, 'emergency': 4}",drop_0.1,prism_ar_synthetic
near_miss_0002,0.0,0.0,0.0,0.0,1.0,0.0,"{'advisory': 20, 'intervention': 8, 'emergency': 10}",0.7368421052631579,0.5263157894736842,0.5,0.0,0.4,0.0,-0.8544362759698652,1.0,2.5999999999999996,0.6549155677158964,1.0256410256410258,0.4868421052631581,44.80777665304578,"{'advisory': 24, 'intervention': 10, 'emergency': 4}",drop_0.1,prism_ar_synthetic
near_miss_0003,0.0,0.0,0.0,0.0,1.0,0.0,"{'advisory': 19, 'intervention': 10, 'emergency': 9}",0.868421052631579,0.5,1.0,0.0,0.4444444444444444,0.0,-0.9020977002008346,1.0,2.7,0.4753219694268166,1.0256410256410258,0.5263157894736844,41.79919375757315,"{'advisory': 19, 'intervention': 15, 'emergency': 4}",drop_0.1,prism_ar_synthetic
near_miss_0004,0.0,0.0,0.0,0.0,1.0,0.0,"{'advisory': 20, 'intervention': 7, 'emergency': 9}",0.8333333333333334,0.5555555555555556,1.0,0.0,0.3333333333333333,0.0,-0.884233955684393,0.0,2.5,0.5788335216507363,1.0256410256410258,0.5041666666666669,43.37719611058993,"{'advisory': 20, 'intervention': 13, 'emergency': 3}",drop_0.1,prism_ar_synthetic
near_miss_0005,0.0,0.0,0.0,0.0,1.0,0.0,"{'advisory': 19, 'intervention': 8, 'emergency': 10}",0.8378378378378378,0.5135135135135135,1.0,0.0,0.4,0.0,-0.900391559731381,1.0,2.7,0.46992546357718007,1.0256410256410258,0.5229729729729732,42.21722271742717,"{'advisory': 19, 'intervention': 14, 'emergency': 4}",drop_0.1,prism_ar_synthetic
near_miss_0006,0.0,0.0,0.0,0.0,1.0,0.0,"{'advisory': 20, 'intervention': 8, 'emergency': 9}",0.32432432432432434,0.5405405405405406,0.0,0.0,0.0,0.0,-0.8457954947712432,1.0,2.4,0.4615384615384599,1.0256410256410258,0.31486486486486487,54.799773233009375,"{'advisory': 24, 'intervention': 5, 'silent': 8}",drop_0.1,prism_ar_synthetic
near_miss_0007,0.0,0.0,0.0,0.0,1.0,0.0,"{'advisory': 19, 'intervention': 9, 'emergency': 9}",0.2972972972972973,0.5135135135135135,0.0,0.0,0.0,0.0,-0.8642077138648652,1.0,2.4,0.468178390157572,1.0526315789473684,0.322972972972973,53.81862323484554,"{'advisory': 23, 'intervention': 6, 'silent': 8}",drop_0.1,prism_ar_synthetic
near_miss_0008,0.0,0.0,0.0,0.0,1.0,0.0,"{'advisory': 17, 'intervention': 8, 'emergency': 9}",0.3235294117647059,0.5,0.0,0.0,0.0,0.0,-0.8484199274970734,1.0,2.4,0.46552916522769294,1.0256410256410258,0.3411764705882353,53.007120519589186,"{'advisory': 22, 'intervention': 6, 'silent': 6}",drop_0.1,prism_ar_synthetic
near_miss_0009,0.0,0.0,0.0,0.0,1.0,0.0,"{'advisory': 18, 'emergency': 9, 'intervention': 7, 'silent': 1}",0.3142857142857143,0.5142857142857142,0.0,0.0,0.0,0.0,-0.9154571523303584,1.0,1.6,0.24056210088273064,0.7692307692307693,0.32857142857142857,51.73425729092254,"{'advisory': 18, 'intervention': 8, 'silent': 9}",drop_0.1,prism_ar_synthetic
near_miss_0010,0.0,0.0,0.0,0.0,1.0,0.0,"{'advisory': 17, 'emergency': 10, 'intervention': 7, 'silent': 3}",0.32432432432432434,0.4594594594594595,0.0,0.0,0.0,0.0,-0.922559981872231,1.0,1.5,0.24690021851284455,0.7692307692307693,0.31081081081081074,52.700757095435016,"{'advisory': 18, 'intervention': 8, 'silent': 11}",drop_0.1,prism_ar_synthetic
near_miss_0011,0.0,0.0,0.0,0.0,1.0,0.0,"{'advisory': 16, 'emergency': 8, 'intervention': 10, 'silent': 2}",0.2777777777777778,0.4444444444444444,0.0,0.0,0.0,0.0,-0.9093776673832955,1.0,1.5,0.25208474575276885,0.7692307692307693,0.3111111111111111,52.55960682714031,"{'advisory': 19, 'intervention': 7, 'silent': 10}",drop_0.1,prism_ar_synthetic
near_miss_0012,0.0,0.0,0.0,0.0,1.0,0.0,"{'advisory': 14, 'emergency': 6, 'intervention': 8, 'silent': 4}",0.75,0.4375,1.0,0.0,0.6666666666666666,0.0,-0.9064859630319053,0.0,2.0,0.17496594953789935,0.7692307692307693,0.53125,41.85978642659363,"{'advisory': 16, 'intervention': 12, 'emergency': 4}",drop_0.1,prism_ar_synthetic
near_miss_0013,0.0,0.0,0.0,0.0,1.0,0.0,"{'advisory': 13, 'emergency': 9, 'intervention': 9, 'silent': 4}",0.7714285714285715,0.37142857142857144,1.0,0.0,0.7777777777777778,0.0,-0.9311257025190669,0.0,2.0,0.1787434412025952,0.7692307692307693,0.5714285714285713,38.95633677610523,"{'advisory': 15, 'intervention': 13, 'emergency': 7}",drop_0.1,prism_ar_synthetic
near_miss_0014,0.0,0.0,0.0,0.0,1.0,0.0,"{'advisory': 14, 'emergency': 9, 'intervention': 10, 'silent': 6}",0.7948717948717948,0.358974358974359,1.0,0.0,0.7777777777777778,0.0,-0.9130841702050949,0.0,1.9,0.1782780635609101,1.0256410256410258,0.5410256410256408,40.71278134407224,"{'advisory': 20, 'intervention': 12, 'emergency': 7}",drop_0.1,prism_ar_synthetic
near_miss_0015,0.0,0.0,0.0,0.0,1.0,0.0,"{'advisory': 15, 'intervention': 10, 'emergency': 9}",0.5882352941176471,0.4411764705882353,0.2,0.0,0.4444444444444444,0.0,-0.8487805736036895,1.0,2.9,0.3076923076923066,1.5789473684210527,0.4661764705882353,46.95713883242032,"{'advisory': 22, 'silent': 1, 'intervention': 7, 'emergency': 4}",drop_0.1,prism_ar_synthetic
near_miss_0016,0.0,0.0,0.0,0.0,1.0,0.0,"{'advisory': 19, 'intervention': 8, 'emergency': 8}",0.6285714285714286,0.5428571428571428,0.25,0.0,0.25,0.0,-0.8161247896143091,1.0,3.0,0.31522345095100945,1.5384615384615385,0.44,49.30141073966973,"{'advisory': 24, 'silent': 1, 'intervention': 8, 'emergency': 2}",drop_0.1,prism_ar_synthetic
near_miss_0017,0.0,0.0,0.0,0.0,1.0,0.0,"{'advisory': 18, 'intervention': 10, 'emergency': 10}",0.631578947368421,0.47368421052631576,0.2,0.0,0.5,0.0,-0.8418669689566939,1.0,3.0,0.30973305778342564,1.5384615384615385,0.4684210526315791,47.3543357294655,"{'advisory': 25, 'silent': 1, 'intervention': 7, 'emergency': 5}",drop_0.1,prism_ar_synthetic
e9df548a3ee566c7_1981_clip000,0.0,0.0,0.0,0.0,0.0,0.0,"{'advisory': 28, 'intervention': 9}",0.5945945945945946,0.7567567567567568,0.0,0.0,0.0,0.0,-0.6386663736585051,0.0,0.0,3.806617259979248,0.7272727272727273,0.29324324324324313,56.777370151197374,"{'advisory': 31, 'silent': 6}",drop_0.3,waymo
0015197d-b916-43b6-bcaa-8a7d90d7b87d_26944_clip000,0.0,0.0,0.0,0.0,0.0,0.0,"{'advisory': 33, 'intervention': 8, 'silent': 1}",0.7619047619047619,0.7857142857142857,0.0,0.0,0.0,0.0,-0.4461977768219374,0.0,0.0,5.251916707994652,0.3225806451612903,0.325,59.47420974142994,"{'advisory': 39, 'silent': 3}",drop_0.3,argoverse
0015197d-b916-43b6-bcaa-8a7d90d7b87d_26953_clip000,0.0,0.0,0.0,0.0,0.0,0.0,"{'advisory': 57, 'intervention': 12, 'silent': 1}",0.6428571428571429,0.8142857142857143,0.0,0.0,0.0,0.0,-0.6928910298015297,0.0,0.0,5.246325143903048,0.7608695652173912,0.28000000000000014,61.080369707585994,"{'advisory': 56, 'silent': 14}",drop_0.3,argoverse
0015197d-b916-43b6-bcaa-8a7d90d7b87d_26955_clip000,0.0,0.0,0.0,0.0,0.0,0.0,"{'advisory': 33, 'intervention': 11, 'silent': 8}",0.6153846153846154,0.6346153846153846,0.0,0.0,0.0,0.0,-0.812636055372001,0.0,0.0,5.246325143903048,1.3043478260869565,0.23557692307692302,62.84672631118111,"{'advisory': 35, 'silent': 17}",drop_0.3,argoverse
0015197d-b916-43b6-bcaa-8a7d90d7b87d_26957_clip000,0.0,0.0,0.0,0.0,0.0,0.0,"{'advisory': 40, 'intervention': 12}",0.5961538461538461,0.7692307692307693,0.0,0.0,0.0,0.0,-0.6553798535942535,0.0,0.0,5.251916707994652,0.5000000000000001,0.2894230769230769,60.028367134661195,"{'advisory': 43, 'silent': 9}",drop_0.3,argoverse
0015197d-b916-43b6-bcaa-8a7d90d7b87d_26966_clip000,0.0,0.0,0.0,0.0,0.0,0.0,"{'advisory': 35, 'intervention': 12}",0.6808510638297872,0.7446808510638298,0.0,0.0,0.0,0.0,-0.42349477692995996,0.0,0.0,5.246325143903048,0.1694915254237288,0.327659574468085,58.38043000147929,"{'advisory': 44, 'silent': 3}",drop_0.3,argoverse
0015197d-b916-43b6-bcaa-8a7d90d7b87d_27022_clip000,0.0,0.0,0.0,0.0,0.0,0.0,"{'advisory': 31, 'intervention': 13, 'silent': 1}",0.6,0.6888888888888889,0.0,0.0,0.0,0.0,-0.5889294904010425,0.0,0.0,5.246325143903048,0.4838709677419354,0.3033333333333333,58.45793474420724,"{'advisory': 39, 'silent': 6}",drop_0.3,argoverse
001749f1-bc1c-47fb-a13f-9ab1f2c050a8_7637_clip000,0.0,0.0,0.0,0.0,0.0,0.0,"{'advisory': 13, 'silent': 22}",0.6571428571428571,0.37142857142857144,0.0,0.0,0.0,0.0,-0.2886751345948129,0.0,0.0,13.0779597103601,0.4,0.01,72.88133621763238,"{'advisory': 1, 'silent': 34}",drop_0.3,argoverse
001749f1-bc1c-47fb-a13f-9ab1f2c050a8_7719_clip000,0.0,0.0,0.0,0.0,0.0,0.0,"{'advisory': 14, 'silent': 23}",0.6216216216216216,0.3783783783783784,0.0,0.0,0.0,0.0,0.0,0.0,0.0,13.0779597103601,0.0,0.0,72.91406627329476,{'silent': 37},drop_0.3,argoverse
001749f1-bc1c-47fb-a13f-9ab1f2c050a8_7791_clip000,0.0,0.0,0.0,0.0,0.0,0.0,"{'advisory': 20, 'silent': 44}",0.703125,0.3125,0.0,0.0,0.0,0.0,-0.21483446221182986,0.0,0.0,13.084576113023667,0.2173913043478261,0.00546875,74.35718987853429,"{'advisory': 1, 'silent': 63}",drop_0.3,argoverse
001749f1-bc1c-47fb-a13f-9ab1f2c050a8_7834_clip000,0.0,0.0,0.0,0.0,0.0,0.0,"{'advisory': 18, 'silent': 31}",0.6530612244897959,0.3673469387755102,0.0,0.0,0.0,0.0,-0.2449489742783178,0.0,0.0,13.084576113023667,0.3125,0.007142857142857143,72.77703728500525,"{'advisory': 1, 'silent': 48}",drop_0.3,argoverse
scene-0061_bbd6c47a20e34276bc6f2cfbc6ba6205_clip000,0.0,0.0,0.0,0.0,0.0,0.0,"{'advisory': 9, 'intervention': 2, 'silent': 7}",0.6666666666666666,0.5,0.0,0.0,0.0,0.0,-0.8456774081396351,0.0,0.0,4.141439698693297,0.2083466805425556,0.1361111111111111,65.63882596441545,"{'advisory': 7, 'silent': 11}",drop_0.3,nuscenes
scene-0061_3843d35144d84c02b387678f9bc7f2ed_clip000,0.0,0.0,0.0,0.0,1.0,0.0,"{'advisory': 2, 'emergency': 2, 'intervention': 2, 'silent': 3}",0.3333333333333333,0.2222222222222222,0.0,0.0,0.0,0.0,-0.903696114115064,1.0,3.448807,2.677125974241124,0.5455881649560356,0.2222222222222222,59.61343036942363,"{'advisory': 2, 'intervention': 2, 'silent': 5}",drop_0.3,nuscenes
scene-0061_03d01c950f044575b69137f069345db0_clip000,0.0,0.0,0.0,0.0,0.0,0.0,"{'advisory': 8, 'intervention': 2, 'silent': 5}",0.6666666666666666,0.5333333333333333,0.0,0.0,0.0,0.0,-0.8660254037844386,0.0,0.0,4.141439698693297,0.46243127404209095,0.16333333333333336,64.26230448458767,"{'advisory': 7, 'silent': 8}",drop_0.3,nuscenes
scene-0061_221dd725c6654412a04c71ced8ad6d03_clip000,0.0,0.0,0.0,0.0,1.0,0.0,"{'advisory': 2, 'emergency': 2, 'intervention': 1, 'silent': 3}",0.375,0.25,0.0,0.0,0.0,0.0,-0.8660254037844387,1.0,3.493861,2.677125974241124,0.6668321521790992,0.16875,61.754985797161154,"{'advisory': 2, 'intervention': 1, 'silent': 5}",drop_0.3,nuscenes
scene-0061_b4db946778484c2195efa320571f53dc_clip000,0.0,0.0,0.0,0.0,0.0,0.0,"{'advisory': 6, 'intervention': 2, 'silent': 5}",0.6923076923076923,0.46153846153846156,0.0,0.0,0.0,0.0,-0.8660254037844387,0.0,0.0,4.141439698693297,0.2083346788281341,0.16153846153846155,64.88532956143473,"{'advisory': 6, 'silent': 7}",drop_0.3,nuscenes
scene-0061_e2f67391cb914b0cbdda3995dbc397f8_clip000,0.0,0.0,0.0,0.0,0.0,0.0,"{'advisory': 6, 'intervention': 2, 'silent': 4}",0.6666666666666666,0.5,0.0,0.0,0.0,0.0,-0.8690481892534817,0.0,0.0,4.141439698693297,0.2083466805425556,0.17500000000000002,64.16420971429056,"{'advisory': 6, 'silent': 6}",drop_0.3,nuscenes
scene-0061_95fc384cb4994ffe9a5caf914274ab22_clip000,0.0,0.0,0.0,0.0,0.0,0.0,"{'advisory': 6, 'intervention': 2, 'silent': 6}",0.7857142857142857,0.42857142857142855,0.0,0.0,0.0,0.0,-0.8682431421244592,0.0,0.0,4.2630670248026,0.46237167307687194,0.17500000000000002,65.1041733357938,"{'advisory': 7, 'silent': 7}",drop_0.3,nuscenes
scene-0061_0e79e7bed1d543c9a00acfbf90ff60b3_clip000,0.0,0.0,0.0,0.0,1.0,0.0,"{'advisory': 4, 'silent': 3, 'intervention': 1, 'emergency': 3}",0.2727272727272727,0.36363636363636365,0.0,0.0,0.0,0.0,-0.858116330321033,1.0,4.9987580000000005,2.677125974241124,0.4581056293852161,0.18181818181818182,61.54030185752915,"{'advisory': 2, 'intervention': 2, 'silent': 7}",drop_0.3,nuscenes
scene-0061_1bc410ff237c4c48b9b7b094a9eaeb4d_clip000,0.0,0.0,0.0,0.0,0.0,0.0,"{'advisory': 7, 'intervention': 1, 'silent': 5}",0.6923076923076923,0.5384615384615384,0.0,0.0,0.0,0.0,-0.8451542547285166,0.0,0.0,4.141439698693297,0.4677814913131223,0.1346153846153846,66.56070832073024,"{'advisory': 5, 'silent': 8}",drop_0.3,nuscenes
scene-0061_71603dd1a2ba4e9daf095535e38310ac_clip000,0.0,0.0,0.0,0.0,0.0,0.0,"{'advisory': 8, 'silent': 7}",0.8,0.5333333333333333,0.0,0.0,0.0,0.0,-0.8183170883849713,0.0,0.0,4.141439698693297,0.41884031702442437,0.11666666666666667,68.61754341314555,"{'advisory': 5, 'silent': 10}",drop_0.3,nuscenes
scene-0061_eb3da8843f614a90a48ddb6ee392c0c0_clip000,0.0,0.0,0.0,0.0,0.0,0.0,"{'advisory': 9, 'intervention': 1, 'silent': 7}",0.7647058823529411,0.5294117647058824,0.0,0.0,0.0,0.0,-0.8539125638299666,0.0,0.0,4.141439698693297,0.20942015851221218,0.14411764705882352,67.42416807038201,"{'advisory': 7, 'silent': 10}",drop_0.3,nuscenes
scene-0061_070412f6a4f944e6a0a9e01ac1ea1fee_clip000,0.0,0.0,0.0,0.0,0.0,0.0,"{'advisory': 4, 'intervention': 1, 'silent': 9}",0.8571428571428571,0.2857142857142857,0.0,0.0,0.0,0.0,-0.7844645405527362,0.0,0.0,4.141439698693297,0.22219506504760536,0.09999999999999999,69.38255737834265,"{'advisory': 4, 'silent': 10}",drop_0.3,nuscenes
scene-0061_e59d97d4403a48b88fbb6a58fc9959e6_clip000,0.0,0.0,0.0,0.0,0.0,0.0,"{'advisory': 5, 'intervention': 2, 'silent': 6}",0.6923076923076923,0.38461538461538464,0.0,0.0,0.0,0.0,-0.8451542547285166,0.0,0.0,4.2630670248026,0.46237167307687194,0.1346153846153846,65.7713259449798,"{'advisory': 5, 'silent': 8}",drop_0.3,nuscenes
scene-0061_e1e148c7bcb14072822872a4cfc8e882_clip000,0.0,0.0,0.0,0.0,0.0,0.0,"{'advisory': 7, 'intervention': 2, 'silent': 6}",0.6666666666666666,0.4666666666666667,0.0,0.0,0.0,0.0,-0.8504200642707612,0.0,0.0,4.141439698693297,0.4187926501052322,0.14,66.2857394763809,"{'advisory': 6, 'silent': 9}",drop_0.3,nuscenes
scene-0061_f81722a685cc49eba454efbb3aec0331_clip000,0.0,0.0,0.0,0.0,0.0,0.0,"{'advisory': 8, 'intervention': 2, 'silent': 5}",0.6666666666666666,0.5333333333333333,0.0,0.0,0.0,0.0,-0.8660254037844386,0.0,0.0,4.141439698693297,0.41884031702442437,0.16333333333333336,64.16201896433554,"{'advisory': 7, 'silent': 8}",drop_0.3,nuscenes
scene-0061_acc1b985c3b746cdbb22fc59bb41b774_clip000,0.0,0.0,0.0,0.0,0.0,0.0,"{'advisory': 6, 'silent': 4}",0.8,0.6,0.0,0.0,0.0,0.0,-0.8528028654224415,0.0,0.0,4.141439698693297,0.24538028668760412,0.13999999999999999,67.36587763278281,"{'advisory': 4, 'silent': 6}",drop_0.3,nuscenes
scene-0061_73ee514c205c483da3d1d04282337457_clip000,0.0,0.0,0.0,0.0,0.0,0.0,"{'advisory': 7, 'intervention': 2, 'silent': 3}",0.5833333333333334,0.5833333333333334,0.0,0.0,0.0,0.0,-0.8690481892534817,0.0,0.0,4.141439698693297,0.5227868407233174,0.17500000000000002,62.059002826913265,"{'advisory': 6, 'silent': 6}",drop_0.3,nuscenes
scene-0061_9e6d680cd81942f5acdfbb07254f8f45_clip000,0.0,0.0,0.0,0.0,0.0,0.0,"{'advisory': 6, 'intervention': 1, 'silent': 3}",0.8,0.6,0.0,0.0,0.0,0.0,-0.8528028654224415,0.0,0.0,4.141439698693297,0.26665496940200895,0.20999999999999996,65.40582216690625,"{'advisory': 6, 'silent': 4}",drop_0.3,nuscenes
scene-0061_1e775890010e4d97b74ca1d06441d023_clip000,0.0,0.0,0.0,0.0,0.0,0.0,{'silent': 7},1.0,0.0,0.0,0.0,0.0,0.0,0.0,0.0,0.0,11.844171317134732,0.0,0.0,77.27311527247589,{'silent': 7},drop_0.3,nuscenes
scene-0061_203a688b840844b8ae16a2b07967ffad_clip000,0.0,0.0,0.0,0.0,0.0,0.0,{'silent': 8},1.0,0.0,0.0,0.0,0.0,0.0,0.0,0.0,0.0,12.342249156173377,0.0,0.0,78.55682390912304,{'silent': 8},drop_0.3,nuscenes
scene-0103_3b19bb63d0924f4da3034819357d6c8b_clip000,0.0,0.0,0.0,0.0,0.0,0.0,"{'advisory': 2, 'intervention': 8, 'silent': 1}",0.2727272727272727,0.18181818181818182,0.0,0.0,0.0,0.0,-0.5,0.0,0.0,5.779254636762074,0.15626379516316674,0.3181818181818182,51.48384532268774,"{'advisory': 10, 'silent': 1}",drop_0.3,nuscenes
scene-0103_68a40df2846e4298af0417ea12721b5c_clip000,0.0,0.0,0.0,0.0,0.0,0.0,"{'advisory': 1, 'intervention': 7}",0.125,0.125,0.0,0.0,0.0,0.0,0.0,0.0,0.0,5.779254636762074,0.0,0.35,48.416444811857176,{'advisory': 8},drop_0.3,nuscenes
scene-0103_fa107c6dd0dc4d15b94b86cbf5b990c0_clip000,0.0,0.0,0.0,0.0,0.0,0.0,"{'intervention': 7, 'silent': 3}",0.3,0.0,0.0,0.0,0.0,0.0,-0.7977240352174656,0.0,0.0,5.779254636762074,0.1351498372458085,0.24499999999999997,55.50046154208046,"{'advisory': 7, 'silent': 3}",drop_0.3,nuscenes
scene-0103_ead6a822f86c432481c0a9d2e4e4f827_clip000,0.0,0.0,0.0,0.0,0.0,0.0,"{'advisory': 1, 'intervention': 7, 'silent': 1}",0.2222222222222222,0.1111111111111111,0.0,0.0,0.0,0.0,-0.5477225575051661,0.0,0.0,5.779254636762074,0.15626379516316674,0.3111111111111111,51.174867202535545,"{'advisory': 8, 'silent': 1}",drop_0.3,nuscenes
scene-0103_99fbf1b9bf474215a4e8ad562bb7e9b2_clip000,0.0,0.0,0.0,0.0,0.0,0.0,"{'advisory': 4, 'intervention': 8, 'silent': 3}",0.4,0.26666666666666666,0.0,0.0,0.0,0.0,-0.7676494735787384,0.0,0.0,5.779254636762074,0.12659756633902372,0.25666666666666665,56.85503373617619,"{'advisory': 11, 'silent': 4}",drop_0.3,nuscenes
scene-0103_6e71a9ceaf9a4974a1d07a2bd3544506_clip000,0.0,0.0,0.0,0.0,0.0,0.0,"{'advisory': 3, 'intervention': 8, 'silent': 5}",0.4375,0.1875,0.0,0.0,0.0,0.0,-0.8401680504168059,0.0,0.0,5.779254636762074,0.1129995980604297,0.21874999999999997,59.24440615272357,"{'advisory': 10, 'silent': 6}",drop_0.3,nuscenes
scene-0103_34aaf645a4174c6c8ff1874e6b33ccf6_clip000,0.0,0.0,0.0,0.0,0.0,0.0,"{'advisory': 3, 'intervention': 7, 'silent': 3}",0.38461538461538464,0.23076923076923078,0.0,0.0,0.0,0.0,-0.8017837257372732,0.0,0.0,5.779254636762074,0.12659756633902372,0.2423076923076923,57.36832046013699,"{'advisory': 9, 'silent': 4}",drop_0.3,nuscenes
scene-0103_b3412553d70f40b3a1d19a0eb8529a08_clip000,0.0,0.0,0.0,0.0,0.0,0.0,"{'advisory': 11, 'intervention': 2, 'silent': 5}",0.7777777777777778,0.6111111111111112,0.0,0.0,0.0,0.0,-0.8456774081396351,0.0,0.0,7.815466782298337,0.5262626092521175,0.21388888888888888,67.60744624873615,"{'advisory': 11, 'silent': 7}",drop_0.3,nuscenes
scene-0103_e147a4c07e06487592fb5d6135c27a78_clip000,0.0,0.0,0.0,0.0,0.0,0.0,"{'advisory': 8, 'intervention': 4, 'silent': 2}",0.6428571428571429,0.5714285714285714,0.0,0.0,0.0,0.0,-0.7125253031944252,0.0,0.0,7.211785952341847,0.3508582753608255,0.275,63.20897429445104,"{'advisory': 11, 'silent': 3}",drop_0.3,nuscenes
scene-0103_996d9e039f7a4838ac48d5409ca89732_clip000,0.0,0.0,0.0,0.0,0.0,0.0,"{'advisory': 1, 'intervention': 7, 'silent': 3}",0.2727272727272727,0.09090909090909091,0.0,0.0,0.0,0.0,-0.8366600265340756,0.0,0.0,5.986191507171177,0.14600746244140536,0.2227272727272727,57.221547895147545,"{'advisory': 7, 'silent': 4}",drop_0.3,nuscenes
scene-0103_72137291381349428afb1038d4e5898c_clip000,0.0,0.0,0.0,0.0,0.0,0.0,"{'advisory': 3, 'intervention': 9, 'silent': 3}",0.3333333333333333,0.2,0.0,0.0,0.0,0.0,-0.7676494735787384,0.0,0.0,5.779254636762074,0.12659756633902372,0.25666666666666665,55.87235368037157,"{'advisory': 11, 'silent': 4}",drop_0.3,nuscenes
scene-0103_c34cb46c7be6486a85ee49653850b174_clip000,0.0,0.0,0.0,0.0,0.0,0.0,"{'advisory': 4, 'intervention': 6, 'silent': 3}",0.46153846153846156,0.3076923076923077,0.0,0.0,0.0,0.0,-0.8017837257372732,0.0,0.0,5.986191507171177,0.11977261408760695,0.2423076923076923,58.55458918094271,"{'advisory': 9, 'silent': 4}",drop_0.3,nuscenes
scene-0103_5d77c275683248658e7564ef24bf63b2_clip000,0.0,0.0,0.0,0.0,0.0,0.0,"{'advisory': 1, 'intervention': 5, 'silent': 5}",0.5454545454545454,0.09090909090909091,0.0,0.0,0.0,0.0,-0.8660254037844386,0.0,0.0,6.203644908329995,0.11977261408760695,0.1909090909090909,62.047661843023384,"{'advisory': 6, 'silent': 5}",drop_0.3,nuscenes
scene-0103_3c7331d16ac6439e9bd5a57d75976446_clip000,0.0,0.0,0.0,0.0,0.0,0.0,"{'advisory': 10, 'intervention': 1, 'silent': 6}",0.7647058823529411,0.5882352941176471,0.0,0.0,0.0,0.0,-0.8660254037844387,0.0,0.0,7.967399571723729,0.5262928541850912,0.16470588235294117,69.38179526216643,"{'advisory': 8, 'silent': 9}",drop_0.3,nuscenes
scene-0103_0809d64df9264121bead0772ee9b5984_clip000,0.0,0.0,0.0,0.0,0.0,0.0,"{'advisory': 7, 'intervention': 1}",0.625,0.875,0.0,0.0,0.0,0.0,-0.7559289460184545,0.0,0.0,7.211785952341847,0.6665211428838037,0.26249999999999996,62.49361314342472,"{'advisory': 6, 'silent': 2}",drop_0.3,nuscenes
scene-0103_ad2ae385245f46d49b4d06f87e2ac544_clip000,0.0,0.0,0.0,0.0,0.0,0.0,"{'advisory': 3, 'intervention': 7, 'silent': 5}",0.4666666666666667,0.2,0.0,0.0,0.0,0.0,-0.8504200642707612,0.0,0.0,5.779254636762074,0.1129995980604297,0.21,60.13422919077341,"{'advisory': 9, 'silent': 6}",drop_0.3,nuscenes
scene-0103_09810748e6c04aacb393ebf14fafa5e8_clip000,0.0,0.0,0.0,0.0,0.0,0.0,"{'advisory': 9, 'silent': 4}",0.8461538461538461,0.6923076923076923,0.0,0.0,0.0,0.0,-0.8660254037844387,0.0,0.0,7.967399571723729,0.47058303119941963,0.18846153846153849,70.52849464534756,"{'advisory': 7, 'silent': 6}",drop_0.3,nuscenes
scene-0103_4ce8f37952ad4203b1f5b23c728fb2e6_clip000,0.0,0.0,0.0,0.0,0.0,0.0,"{'advisory': 11, 'silent': 5}",0.8125,0.6875,0.0,0.0,0.0,0.0,-0.8677218312746248,0.0,0.0,7.967399571723729,0.5882296886347317,0.175,69.87694401971176,"{'advisory': 8, 'silent': 8}",drop_0.3,nuscenes
scene-0103_c1fe224b76cc49e294847788c443e470_clip000,0.0,0.0,0.0,0.0,0.0,0.0,"{'advisory': 10, 'intervention': 2, 'silent': 5}",0.7058823529411765,0.5882352941176471,0.0,0.0,0.0,0.0,-0.8660254037844387,0.0,0.0,7.815466782298337,0.5262626092521175,0.18529411764705883,67.80777753408573,"{'advisory': 9, 'silent': 8}",drop_0.3,nuscenes
scene-0103_608f6c85cd524242bc9d299c0a954f69_clip000,0.0,0.0,0.0,0.0,0.0,0.0,"{'advisory': 10, 'intervention': 3, 'silent': 1}",0.6428571428571429,0.7142857142857143,0.0,0.0,0.0,0.0,-0.7125253031944252,0.0,0.0,7.211785952341847,0.5524314940752826,0.275,62.13950508505114,"{'advisory': 11, 'silent': 3}",drop_0.3,nuscenes
scene-0103_723af3d23fb445e3ab97669e85846445_clip000,0.0,0.0,0.0,0.0,0.0,0.0,"{'advisory': 7, 'intervention': 3, 'silent': 1}",0.45454545454545453,0.6363636363636364,0.0,0.0,0.0,0.0,-0.8366600265340756,0.0,0.0,7.211785952341847,0.6665847878352277,0.22272727272727275,61.44309996087366,"{'advisory': 7, 'silent': 4}",drop_0.3,nuscenes
scene-0553_19804c352c0a4767b61b8d0709d1db99_clip000,0.0,0.0,0.0,0.0,0.0,0.0,{'silent': 14},1.0,0.0,0.0,0.0,0.0,0.0,0.0,0.0,0.0,7.913043448354689,0.0,0.0,76.5842300482062,{'silent': 14},drop_0.3,nuscenes
scene-0553_b61b72a5b5ad482e9bc94c203f75b8d4_clip000,0.0,0.0,0.0,0.0,0.0,0.0,{'silent': 15},1.0,0.0,0.0,0.0,0.0,0.0,0.0,0.0,0.0,7.913043448354689,0.0,0.0,76.33779999567268,{'silent': 15},drop_0.3,nuscenes
scene-0553_21d4060224a946e5b66fd00749282e82_clip000,0.0,0.0,0.0,0.0,0.0,0.0,{'silent': 14},1.0,0.0,0.0,0.0,0.0,0.0,0.0,0.0,0.0,7.913043448354689,0.0,0.0,76.18467420505718,{'silent': 14},drop_0.3,nuscenes
scene-0553_340ccb3c0dcb492eaa032f0e4e3017bb_clip000,0.0,0.0,0.0,0.0,0.0,0.0,{'silent': 13},1.0,0.0,0.0,0.0,0.0,0.0,0.0,0.0,0.0,7.917345713749983,0.0,0.0,76.77839720275377,{'silent': 13},drop_0.3,nuscenes
scene-0553_afd097377c71479ea8349eeae83b8143_clip000,0.0,0.0,0.0,0.0,0.0,0.0,{'silent': 15},1.0,0.0,0.0,0.0,0.0,0.0,0.0,0.0,0.0,7.913043448354689,0.0,0.0,76.66270572755465,{'silent': 15},drop_0.3,nuscenes
scene-0553_18cdcf0d2340409b95140ea38a70fd2e_clip000,0.0,0.0,0.0,0.0,0.0,0.0,{'silent': 14},1.0,0.0,0.0,0.0,0.0,0.0,0.0,0.0,0.0,7.917345713749983,0.0,0.0,76.29395616870222,{'silent': 14},drop_0.3,nuscenes
scene-0553_2397a588f42e4195bf7fb0148aa7a3d6_clip000,0.0,0.0,0.0,0.0,0.0,0.0,{'silent': 13},1.0,0.0,0.0,0.0,0.0,0.0,0.0,0.0,0.0,7.913043448354689,0.0,0.0,76.74931175744696,{'silent': 13},drop_0.3,nuscenes
scene-0655_433e28f80ae9462eb927089896b5f669_clip000,0.0,0.0,0.0,0.0,0.0,0.0,"{'advisory': 2, 'intervention': 2, 'silent': 7}",0.8181818181818182,0.18181818181818182,0.0,0.0,0.0,0.0,-0.8366600265340756,0.0,0.0,9.339643659672035,0.6668172784626288,0.12727272727272726,69.18383214419151,"{'advisory': 4, 'silent': 7}",drop_0.3,nuscenes
scene-0655_fe199544817e496aa7708a1db0af2108_clip000,0.0,0.0,0.0,0.0,0.0,0.0,"{'advisory': 5, 'intervention': 2, 'silent': 5}",0.75,0.4166666666666667,0.0,0.0,0.0,0.0,-0.8690481892534817,0.0,0.0,9.303399999255339,0.3158235493829597,0.17500000000000002,66.8799464252301,"{'advisory': 6, 'silent': 6}",drop_0.3,nuscenes
scene-0655_99d539b687cb4a46b8f1efc7204aa160_clip000,0.0,0.0,0.0,0.0,0.0,0.0,"{'advisory': 9, 'intervention': 1, 'silent': 3}",0.6923076923076923,0.6923076923076923,0.0,0.0,0.0,0.0,-0.8660254037844387,0.0,0.0,9.303399999255339,0.4187490270628074,0.18846153846153843,67.57297730644066,"{'advisory': 7, 'silent': 6}",drop_0.3,nuscenes
scene-0757_4b086f653d5a47a79f73f1d4a4d956d8_clip000,0.0,0.0,0.0,0.0,0.0,0.0,{'silent': 5},1.0,0.0,0.0,0.0,0.0,0.0,0.0,0.0,0.0,15.729760619079478,0.0,0.0,80.37361769000726,{'silent': 5},drop_0.3,nuscenes
scene-0757_3c16d6997c70488ab7e9dfd0fbec962e_clip000,0.0,0.0,0.0,0.0,0.0,0.0,{'silent': 9},1.0,0.0,0.0,0.0,0.0,0.0,0.0,0.0,0.0,15.367333636732997,0.0,0.0,80.32958850696897,{'silent': 9},drop_0.3,nuscenes
scene-0796_a9ba2ffc5a95458c9bd1052be9bc24ad_clip000,0.0,0.0,0.0,0.0,0.0,0.0,"{'advisory': 5, 'silent': 2, 'intervention': 3, 'emergency': 1}",0.36363636363636365,0.45454545454545453,0.0,0.0,0.0,0.0,-0.8660254037844386,0.0,0.0,5.527536801495883,0.4917840910469395,0.19090909090909092,60.88763045260571,"{'advisory': 6, 'silent': 5}",drop_0.3,nuscenes
scene-0916_4591a9f392774001a2cf523286505ac9_clip000,0.0,0.0,0.0,0.0,0.0,0.0,"{'advisory': 6, 'intervention': 1, 'silent': 6}",0.8461538461538461,0.46153846153846156,0.0,0.0,0.0,0.0,-0.8660254037844387,0.0,0.0,5.952349891691551,0.21055433059724998,0.16153846153846155,67.31008610977,"{'advisory': 6, 'silent': 7}",drop_0.3,nuscenes
scene-0916_c8fcea5cd6d344e69a92241622f58be7_clip000,0.0,0.0,0.0,0.0,0.0,0.0,"{'advisory': 9, 'silent': 7}",0.9375,0.5625,0.0,0.0,0.0,0.0,-0.8677218312746248,0.0,0.0,5.928808108233976,0.42559222221702053,0.175,68.65056813958368,"{'advisory': 8, 'silent': 8}",drop_0.3,nuscenes
scene-0916_cb5fdffa966345cdb9c7c186143b7857_clip000,0.0,0.0,0.0,0.0,0.0,0.0,"{'advisory': 5, 'intervention': 1, 'silent': 9}",0.9333333333333333,0.3333333333333333,0.0,0.0,0.0,0.0,-0.8504200642707612,0.0,0.0,5.928808108233976,0.21278411200615202,0.14,68.61241246253805,"{'advisory': 6, 'silent': 9}",drop_0.3,nuscenes
scene-0916_de7bc639112c40ec9ebe406673f1487d_clip000,0.0,0.0,0.0,0.0,0.0,0.0,"{'advisory': 6, 'intervention': 1, 'silent': 7}",0.9285714285714286,0.42857142857142855,0.0,0.0,0.0,0.0,-0.8682431421244592,0.0,0.0,5.952349891691551,0.4761566917394909,0.17500000000000002,67.54440625811934,"{'advisory': 7, 'silent': 7}",drop_0.3,nuscenes
scene-0916_c2c271c1bc484bce81639bfda2083588_clip000,0.0,0.0,0.0,0.0,0.0,0.0,"{'advisory': 4, 'intervention': 1, 'silent': 7}",0.9166666666666666,0.3333333333333333,0.0,0.0,0.0,0.0,-0.8568930704969754,0.0,0.0,5.928808108233976,0.4347238894688428,0.14583333333333334,69.00052076339217,"{'advisory': 5, 'silent': 7}",drop_0.3,nuscenes
scene-0916_af7483c35ffa4ad193d14bbac3b0ab4e_clip000,0.0,0.0,0.0,0.0,0.0,0.0,"{'advisory': 8, 'intervention': 1, 'silent': 5}",0.8571428571428571,0.5714285714285714,0.0,0.0,0.0,0.0,-0.8593378488473193,0.0,0.0,5.928808108233976,0.23533858279576114,0.2,67.24221692310402,"{'advisory': 8, 'silent': 6}",drop_0.3,nuscenes
scene-0916_ebcd168fd25247f68482853796c9327f_clip000,0.0,0.0,0.0,0.0,0.0,0.0,"{'advisory': 6, 'silent': 7}",1.0,0.46153846153846156,0.0,0.0,0.0,0.0,-0.8660254037844387,0.0,0.0,5.928808108233976,0.42556822401230404,0.16153846153846155,69.45979194056669,"{'advisory': 6, 'silent': 7}",drop_0.3,nuscenes
scene-0916_9256b7cc27954e7bb5e3a3fb8c62474c_clip000,0.0,0.0,0.0,0.0,0.0,0.0,"{'advisory': 9, 'intervention': 1, 'silent': 5}",0.9333333333333333,0.6,0.0,0.0,0.0,0.0,-0.8183170883849713,0.0,0.0,5.928808108233976,0.22470720931510255,0.23333333333333336,66.12299975518121,"{'advisory': 10, 'silent': 5}",drop_0.3,nuscenes
scene-0916_eeabbd601fff49c08c086829bfe13287_clip000,0.0,0.0,0.0,0.0,0.0,0.0,"{'advisory': 7, 'intervention': 1, 'silent': 7}",0.9333333333333333,0.4666666666666667,0.0,0.0,0.0,0.0,-0.8660254037844386,0.0,0.0,5.928808108233976,0.22474988428190334,0.18666666666666668,68.04391182615267,"{'advisory': 8, 'silent': 7}",drop_0.3,nuscenes
scene-0916_54ca0158a30a4d8291684544ddbeff3f_clip000,0.0,0.0,0.0,0.0,0.0,0.0,"{'advisory': 7, 'intervention': 1, 'silent': 6}",0.9285714285714286,0.5,0.0,0.0,0.0,0.0,-0.8593378488473193,0.0,0.0,5.952349891691551,0.44944380766996084,0.2,67.38797235624862,"{'advisory': 8, 'silent': 6}",drop_0.3,nuscenes
scene-0916_b825554384e042baba291f6f75c1ba49_clip000,0.0,0.0,0.0,0.0,0.0,0.0,"{'advisory': 9, 'intervention': 1, 'silent': 6}",0.9375,0.5625,0.0,0.0,0.0,0.0,-0.8401680504168059,0.0,0.0,5.928808108233976,0.4445029706689158,0.21874999999999997,66.78770015703428,"{'advisory': 10, 'silent': 6}",drop_0.3,nuscenes
scene-0916_b7ff9843f0bc4154a865230adb65a45d_clip000,0.0,0.0,0.0,0.0,0.0,0.0,"{'advisory': 9, 'intervention': 1, 'silent': 6}",0.875,0.5625,0.0,0.0,0.0,0.0,-0.8609160647753271,0.0,0.0,5.928808108233976,0.42559222221702053,0.19687499999999997,66.7664295064559,"{'advisory': 9, 'silent': 7}",drop_0.3,nuscenes
scene-0916_4b8ef2beabcf4121af0f287cd1a7fd55_clip000,0.0,0.0,0.0,0.0,0.0,0.0,"{'advisory': 9, 'silent': 7}",0.9375,0.5625,0.0,0.0,0.0,0.0,-0.8677218312746248,0.0,0.0,5.928808108233976,0.21055433059724998,0.175,69.07699818826579,"{'advisory': 8, 'silent': 8}",drop_0.3,nuscenes
scene-0916_89eaf741be444d7e8fcc4748482d338d_clip000,0.0,0.0,0.0,0.0,0.0,0.0,"{'advisory': 8, 'intervention': 1, 'silent': 6}",0.9333333333333333,0.5333333333333333,0.0,0.0,0.0,0.0,-0.8504200642707612,0.0,0.0,5.928808108233976,0.44944380766996084,0.21000000000000002,66.37169604383243,"{'advisory': 9, 'silent': 6}",drop_0.3,nuscenes
scene-0916_e5a06b589b93428c867bd6a92ed6da93_clip000,0.0,0.0,0.0,0.0,0.0,0.0,"{'advisory': 7, 'intervention': 1, 'silent': 6}",0.8571428571428571,0.5,0.0,0.0,0.0,0.0,-0.8682431421244592,0.0,0.0,5.928808108233976,0.42559222221702053,0.17500000000000002,67.70468256922136,"{'advisory': 7, 'silent': 7}",drop_0.3,nuscenes
scene-0916_68d411d0e8664a09b4c59787793b0b87_clip000,0.0,0.0,0.0,0.0,0.0,0.0,"{'advisory': 7, 'silent': 8}",1.0,0.4666666666666667,0.0,0.0,0.0,0.0,-0.8660254037844386,0.0,0.0,5.928808108233976,0.44944380766996084,0.16333333333333336,68.61619092005841,"{'advisory': 7, 'silent': 8}",drop_0.3,nuscenes
scene-0916_c6d85e602dd342d99758b41e64e86e12_clip000,0.0,0.0,0.0,0.0,0.0,0.0,"{'advisory': 8, 'silent': 3}",0.9090909090909091,0.7272727272727273,0.0,0.0,0.0,0.0,-0.8366600265340756,0.0,0.0,5.928808108233976,0.21055433059724998,0.2227272727272727,67.76772500179038,"{'advisory': 7, 'silent': 4}",drop_0.3,nuscenes
scene-0916_c5a370e03491457485bfda760515e537_clip000,0.0,0.0,0.0,0.0,0.0,0.0,"{'advisory': 9, 'intervention': 1, 'silent': 7}",0.8823529411764706,0.5294117647058824,0.0,0.0,0.0,0.0,-0.8660254037844387,0.0,0.0,5.928808108233976,0.4706771655915223,0.1852941176470588,68.04891418079144,"{'advisory': 9, 'silent': 8}",drop_0.3,nuscenes
scene-1094_55f7fb5fa2854b0da825c2cd1c94b23b_clip000,0.0,0.0,0.0,0.0,1.0,0.0,"{'advisory': 3, 'intervention': 1, 'silent': 8}",0.4166666666666667,0.25,1.0,0.0,0.0,0.0,-0.6504436355879909,0.0,0.0,3.706649448127391,0.2666547205351867,0.3458333333333334,59.141865408102824,"{'advisory': 10, 'intervention': 1, 'silent': 1}",drop_0.3,nuscenes
scene-1094_47304f98d3d3484d8af8d5e4c7428022_clip000,0.0,0.0,0.0,0.0,1.0,0.0,"{'advisory': 10, 'intervention': 2, 'silent': 6}",0.6666666666666666,0.5555555555555556,1.0,0.0,0.0,0.0,-0.5451730205091057,0.0,3.4504680000000008,3.745609057209719,0.44683431294309206,0.38333333333333325,55.88237324491835,"{'advisory': 16, 'intervention': 2}",drop_0.3,nuscenes
scene-1094_3543efbc49b147c6a7151e945b999fe5_clip000,0.0,0.0,0.0,0.0,1.0,0.0,"{'advisory': 7, 'intervention': 1, 'silent': 5}",0.6153846153846154,0.5384615384615384,1.0,0.0,0.0,0.0,-0.4629100498862757,0.0,1.5018470000000006,3.706649448127391,0.23522988605111475,0.373076923076923,55.374549793489436,"{'advisory': 12, 'intervention': 1}",drop_0.3,nuscenes
scene-1094_d61323aefb8640da9d5258fae57c2d1c_clip000,0.0,0.0,0.0,0.0,1.0,0.0,"{'advisory': 7, 'intervention': 1, 'silent': 8}",0.5625,0.4375,1.0,0.0,0.0,0.0,-0.5752237416355278,0.0,1.5018470000000006,3.706649448127391,0.3332525010877917,0.34687499999999993,58.77810977901344,"{'advisory': 14, 'intervention': 1, 'silent': 1}",drop_0.3,nuscenes
scene-1094_9777aa985269472595ff1ee88420008f_clip000,0.0,0.0,0.0,0.0,1.0,0.0,"{'advisory': 5, 'intervention': 1, 'silent': 7}",0.46153846153846156,0.38461538461538464,1.0,0.0,0.0,0.0,-0.4629100498862757,0.0,1.001964,3.745609057209719,0.24992383571106705,0.37307692307692303,57.51467857964005,"{'advisory': 12, 'intervention': 1}",drop_0.3,nuscenes
scene-1094_e6505be7823b40858d669c34afba37c4_clip000,0.0,0.0,0.0,0.0,1.0,0.0,"{'advisory': 8, 'intervention': 1, 'silent': 3}",0.75,0.6666666666666666,1.0,0.0,0.0,0.0,-0.4803844614152615,0.0,4.498894,3.706649448127391,0.25001112549508453,0.37499999999999994,52.62786080745793,"{'advisory': 11, 'intervention': 1}",drop_0.3,nuscenes
scene-1094_9441225cd01f4730a02b5d8927063f53_clip000,0.0,0.0,0.0,0.0,1.0,0.0,"{'advisory': 8, 'intervention': 2}",0.9,0.8,0.5,0.0,0.0,0.0,-0.5222329678670935,0.0,4.9987710000000005,3.745609057209719,0.2857178367788285,0.38,53.49813872788256,"{'advisory': 9, 'intervention': 1}",drop_0.3,nuscenes
scene-1094_dc534f142fbf42afbdd38a1afae9df7f_clip000,0.0,0.0,0.0,0.0,0.0,0.0,"{'advisory': 5, 'silent': 8}",0.38461538461538464,0.38461538461538464,0.0,0.0,0.0,0.0,0.0,0.0,0.0,3.706649448127391,0.0,0.35,60.431076006860444,{'advisory': 13},drop_0.3,nuscenes
scene-1094_2c761ca3c6e745ab8b7553a3f3dc937e_clip000,0.0,0.0,0.0,0.0,1.0,0.0,"{'advisory': 7, 'intervention': 1, 'silent': 6}",0.5714285714285714,0.5,1.0,0.0,0.0,0.0,-0.4472135954999579,0.0,0.0,3.706649448127391,0.10580053551999058,0.37142857142857144,57.63490196075367,"{'advisory': 13, 'intervention': 1}",drop_0.3,nuscenes
scene-1094_155047a77309452a908e6c96ddd60b55_clip000,0.0,0.0,0.0,0.0,1.0,0.0,"{'advisory': 7, 'intervention': 2, 'silent': 3}",0.6666666666666666,0.5833333333333334,0.5,0.0,0.0,0.0,-0.4803844614152615,0.0,1.5522659999999995,3.706649448127391,0.222110919972325,0.37499999999999994,54.18035852785761,"{'advisory': 11, 'intervention': 1}",drop_0.3,nuscenes
scene-1094_8e992e7479094a61a550b951c1451092_clip000,0.0,0.0,0.0,0.0,1.0,0.0,"{'advisory': 11, 'intervention': 1, 'silent': 1}",0.9230769230769231,0.8461538461538461,1.0,0.0,0.0,0.0,-0.4629100498862757,0.0,4.498894,3.706649448127391,0.2353714856389265,0.373076923076923,53.84683314282422,"{'advisory': 12, 'intervention': 1}",drop_0.3,nuscenes
scene-1094_c530e58bfaaf4ba38bf0f66c11381d7b_clip000,0.0,0.0,0.0,0.0,1.0,0.0,"{'advisory': 13, 'intervention': 2, 'silent': 1}",0.875,0.8125,0.5,0.0,0.0,0.0,-0.42008402520840293,0.0,4.998771,3.706649448127391,0.2222942702651515,0.36874999999999997,53.235029007109475,"{'advisory': 15, 'intervention': 1}",drop_0.3,nuscenes
scene-1094_029357560fcc41db9973bd656d63547d_clip000,0.0,0.0,0.0,0.0,1.0,0.0,"{'advisory': 6, 'intervention': 4, 'emergency': 1}",0.9090909090909091,0.5454545454545454,1.0,0.0,0.0,0.0,-0.8660254037844386,1.0,6.999445,3.745609057209719,0.5555193233507992,0.4863636363636364,44.86851445770265,"{'advisory': 6, 'intervention': 5}",drop_0.3,nuscenes
scene-1094_19f0484e0ec84c0eb64c92698fe5e7e3_clip000,0.0,0.0,0.0,0.0,1.0,0.0,"{'advisory': 6, 'intervention': 6, 'emergency': 2}",0.7857142857142857,0.42857142857142855,0.8333333333333334,0.0,0.0,0.0,-0.8682431421244592,1.0,8.548764999999998,4.82506148464107,0.5556600813908662,0.5000000000000001,45.87364101338881,"{'advisory': 7, 'intervention': 7}",drop_0.3,nuscenes
scene-1094_98e2b15c113a477a9f291b25194cab62_clip000,0.0,0.0,0.0,0.0,1.0,0.0,"{'advisory': 6, 'silent': 1, 'intervention': 8, 'emergency': 3}",0.7222222222222222,0.3333333333333333,0.75,0.0,0.0,0.0,-0.8885233166386386,1.0,6.000133000000002,2.8688461782870722,0.5848798042758222,0.48055555555555557,44.872607272141714,"{'advisory': 8, 'intervention': 9, 'silent': 1}",drop_0.3,nuscenes
scene-1094_1ab7d92d3ed3455ea628c6962906d4e7_clip000,0.0,0.0,0.0,0.0,1.0,0.0,"{'advisory': 5, 'silent': 1, 'intervention': 6, 'emergency': 3}",0.7333333333333333,0.3333333333333333,0.8333333333333334,0.0,0.0,0.0,-0.8874119674649422,1.0,6.000133000000002,2.8688461782870722,0.5525688594735609,0.4866666666666667,46.29397984028355,"{'advisory': 6, 'intervention': 8, 'silent': 1}",drop_0.3,nuscenes
scene-1100_0b2ba0a3a3874e4a9863541a7a65ec00_clip000,0.0,0.0,0.0,0.0,0.0,0.0,{'silent': 8},1.0,0.0,0.0,0.0,0.0,0.0,0.0,0.0,0.0,7.156893781968976,0.0,0.0,76.7425425425809,{'silent': 8},drop_0.3,nuscenes
scene-1100_47b04d517ed64f92ad6af4c11233de34_clip000,0.0,0.0,0.0,0.0,0.0,0.0,{'silent': 15},1.0,0.0,0.0,0.0,0.0,0.0,0.0,0.0,0.0,8.271843025592453,0.0,0.0,78.0582467890688,{'silent': 15},drop_0.3,nuscenes
scene-1100_baa84e9048974b67a0c168a8bf946d3e_clip000,0.0,0.0,0.0,0.0,0.0,0.0,{'silent': 8},1.0,0.0,0.0,0.0,0.0,0.0,0.0,0.0,0.0,7.156893781968976,0.0,0.0,76.83334723793062,{'silent': 8},drop_0.3,nuscenes
scene-1100_7a88efefda9f4fc3a30fa6a655978ada_clip000,0.0,0.0,0.0,0.0,0.0,0.0,{'silent': 13},1.0,0.0,0.0,0.0,0.0,0.0,0.0,0.0,0.0,8.395470031155442,0.0,0.0,78.14025614951548,{'silent': 13},drop_0.3,nuscenes
scene-1100_7c7ea45167174debb191420c7fb99649_clip000,0.0,0.0,0.0,0.0,0.0,0.0,{'silent': 13},1.0,0.0,0.0,0.0,0.0,0.0,0.0,0.0,0.0,8.222441391547177,0.0,0.0,77.78688789382616,{'silent': 13},drop_0.3,nuscenes
scene-1100_7b644b3fb6634f13bf30402c70770e3b_clip000,0.0,0.0,0.0,0.0,0.0,0.0,{'silent': 17},1.0,0.0,0.0,0.0,0.0,0.0,0.0,0.0,0.0,7.156893781968976,0.0,0.0,77.07579186180067,{'silent': 17},drop_0.3,nuscenes
scene-1100_1c6ea643f2d04632ac5624e0072aa659_clip000,0.0,0.0,0.0,0.0,0.0,0.0,{'silent': 12},1.0,0.0,0.0,0.0,0.0,0.0,0.0,0.0,0.0,7.707817345345775,0.0,0.0,77.5297064083703,{'silent': 12},drop_0.3,nuscenes
scene-1100_60e1ec6251134f9a8e2031b871a455d1_clip000,0.0,0.0,0.0,0.0,0.0,0.0,{'silent': 12},1.0,0.0,0.0,0.0,0.0,0.0,0.0,0.0,0.0,7.156893781968976,0.0,0.0,77.01438880123598,{'silent': 12},drop_0.3,nuscenes
near_miss_0000,0.0,0.0,0.0,0.0,1.0,0.0,"{'advisory': 16, 'intervention': 7, 'emergency': 9}",0.75,0.5,0.5714285714285714,0.0,0.4444444444444444,0.0,-0.8767197568970805,1.0,2.5999999999999996,0.6153846153846168,1.0526315789473684,0.503125,43.752229758221695,"{'advisory': 19, 'intervention': 9, 'emergency': 4}",drop_0.3,prism_ar_synthetic
near_miss_0001,0.0,0.0,0.0,0.0,1.0,0.0,"{'advisory': 16, 'intervention': 5, 'emergency': 8}",0.7241379310344828,0.5517241379310345,0.4,0.0,0.375,0.0,-0.8397191227596315,1.0,2.5,0.6322434491419031,1.0526315789473684,0.47931034482758617,44.684791608599454,"{'advisory': 19, 'intervention': 7, 'emergency': 3}",drop_0.3,prism_ar_synthetic
near_miss_0002,0.0,0.0,0.0,0.0,1.0,0.0,"{'advisory': 9, 'intervention': 5, 'emergency': 6}",0.8,0.45,0.6,0.0,0.6666666666666666,0.0,-0.9045340337332909,1.0,2.5999999999999996,0.6549155677158964,1.1111111111111112,0.5349999999999999,40.045510953138354,"{'advisory': 11, 'intervention': 5, 'emergency': 4}",drop_0.3,prism_ar_synthetic
near_miss_0003,0.0,0.0,0.0,0.0,1.0,0.0,"{'advisory': 14, 'intervention': 3, 'emergency': 4}",0.9523809523809523,0.6666666666666666,1.0,0.0,0.75,0.0,-0.8350243259929617,0.0,2.5,0.4753219694268166,1.0526315789473684,0.48571428571428565,45.02938145626289,"{'advisory': 14, 'intervention': 4, 'emergency': 3}",drop_0.3,prism_ar_synthetic
near_miss_0004,0.0,0.0,0.0,0.0,1.0,0.0,"{'advisory': 16, 'intervention': 7, 'emergency': 9}",0.84375,0.5,1.0,0.0,0.4444444444444444,0.0,-0.9069851751650363,1.0,2.4,0.48703359047794376,1.0526315789473684,0.53125,41.928896326682654,"{'advisory': 16, 'intervention': 12, 'emergency': 4}",drop_0.3,prism_ar_synthetic
near_miss_0005,0.0,0.0,0.0,0.0,1.0,0.0,"{'advisory': 14, 'intervention': 6, 'emergency': 9}",0.8275862068965517,0.4827586206896552,1.0,0.0,0.4444444444444444,0.0,-0.9128709291752769,1.0,2.5,0.46992546357718007,1.081081081081081,0.539655172413793,41.21334442062397,"{'advisory': 14, 'intervention': 11, 'emergency': 4}",drop_0.3,prism_ar_synthetic
near_miss_0006,0.0,0.0,0.0,0.0,1.0,0.0,"{'advisory': 15, 'intervention': 6, 'emergency': 8}",0.3103448275862069,0.5172413793103449,0.0,0.0,0.0,0.0,-0.8419183036258779,1.0,2.4,0.4615384615384599,1.0526315789473684,0.31896551724137934,54.41620103439733,"{'advisory': 19, 'intervention': 4, 'silent': 6}",drop_0.3,prism_ar_synthetic
near_miss_0007,0.0,0.0,0.0,0.0,1.0,0.0,"{'advisory': 17, 'intervention': 4, 'emergency': 6}",0.37037037037037035,0.6296296296296297,0.0,0.0,0.0,0.0,-0.8287419301647448,1.0,2.4,1.5153237703106555,1.0256410256410258,0.28148148148148144,57.41164593456779,"{'advisory': 18, 'intervention': 2, 'silent': 7}",drop_0.3,prism_ar_synthetic
near_miss_0008,0.0,0.0,0.0,0.0,1.0,0.0,"{'advisory': 12, 'intervention': 7, 'emergency': 6}",0.36,0.48,0.0,0.0,0.0,0.0,-0.7887726986542842,1.0,2.1,0.5928879502427609,1.1428571428571428,0.35600000000000004,53.31916445035042,"{'advisory': 18, 'intervention': 4, 'silent': 3}",drop_0.3,prism_ar_synthetic
near_miss_0009,0.0,0.0,0.0,0.0,1.0,0.0,"{'advisory': 11, 'emergency': 8, 'intervention': 7, 'silent': 1}",0.2962962962962963,0.4074074074074074,0.0,0.0,0.0,0.0,-0.8982460496824749,1.0,1.6,0.5025641025641043,0.7894736842105263,0.36296296296296293,49.30651844439244,"{'advisory': 15, 'intervention': 7, 'silent': 5}",drop_0.3,prism_ar_synthetic
near_miss_0010,0.0,0.0,0.0,0.0,1.0,0.0,"{'advisory': 11, 'emergency': 8, 'intervention': 5, 'silent': 3}",0.3333333333333333,0.4074074074074074,0.0,0.0,0.0,0.0,-0.9341450994081786,1.0,1.4,0.24690021851284455,0.7894736842105263,0.32407407407407407,52.256000893892995,"{'advisory': 12, 'intervention': 7, 'silent': 8}",drop_0.3,prism_ar_synthetic
near_miss_0011,0.0,0.0,0.0,0.0,1.0,0.0,"{'advisory': 11, 'emergency': 3, 'intervention': 6, 'silent': 2}",0.3181818181818182,0.5,0.0,0.0,0.0,0.0,-0.9088932591463857,1.0,1.5,2.1248430447262914,0.7692307692307693,0.2636363636363636,57.1975037233437,"{'advisory': 11, 'intervention': 3, 'silent': 8}",drop_0.3,prism_ar_synthetic
near_miss_0012,0.0,0.0,0.0,0.0,1.0,0.0,"{'advisory': 14, 'emergency': 5, 'intervention': 10, 'silent': 4}",0.7878787878787878,0.42424242424242425,1.0,0.0,0.8,0.0,-0.908428708510801,0.0,2.0,0.17496594953789935,0.7692307692307693,0.5348484848484848,42.10088357058574,"{'advisory': 16, 'intervention': 13, 'emergency': 4}",drop_0.3,prism_ar_synthetic
near_miss_0013,0.0,0.0,0.0,0.0,1.0,0.0,"{'advisory': 9, 'emergency': 5, 'intervention': 8, 'silent': 3}",0.8,0.36,1.0,0.0,1.0,0.0,-0.9320546490018001,1.0,2.0,0.4743869306341715,0.7692307692307693,0.58,39.23059606972806,"{'advisory': 10, 'intervention': 10, 'emergency': 5}",drop_0.3,prism_ar_synthetic
near_miss_0014,0.0,0.0,0.0,0.0,1.0,0.0,"{'advisory': 11, 'emergency': 6, 'intervention': 5, 'silent': 5}",0.7407407407407407,0.4074074074074074,1.0,0.0,0.6666666666666666,0.0,-0.8801408338010137,0.0,1.6999999999999997,0.1782780635609101,1.0256410256410258,0.5092592592592593,43.09549880195592,"{'advisory': 16, 'intervention': 7, 'emergency': 4}",drop_0.3,prism_ar_synthetic
near_miss_0015,0.0,0.0,0.0,0.0,1.0,0.0,"{'advisory': 15, 'intervention': 6, 'emergency': 6}",0.6296296296296297,0.5555555555555556,0.16666666666666666,0.0,0.3333333333333333,0.0,-0.8036177740179452,1.0,2.9,1.1404492926413372,1.5789473684210527,0.4333333333333333,49.50383731944403,"{'advisory': 19, 'silent': 1, 'intervention': 5, 'emergency': 2}",drop_0.3,prism_ar_synthetic
near_miss_0016,0.0,0.0,0.0,0.0,1.0,0.0,"{'advisory': 15, 'intervention': 6, 'emergency': 8}",0.6896551724137931,0.5172413793103449,0.3333333333333333,0.0,0.375,0.0,-0.8397191227596315,1.0,3.0,0.31522345095100945,1.0256410256410258,0.47931034482758617,46.99118328146074,"{'advisory': 19, 'intervention': 7, 'emergency': 3}",drop_0.3,prism_ar_synthetic
near_miss_0017,0.0,0.0,0.0,0.0,1.0,0.0,"{'advisory': 15, 'intervention': 9, 'emergency': 8}",0.65625,0.46875,0.2222222222222222,0.0,0.625,0.0,-0.8444076518842699,1.0,3.0,0.30973305778342564,1.5789473684210527,0.47187500000000004,47.115452562547034,"{'advisory': 21, 'silent': 1, 'intervention': 5, 'emergency': 5}",drop_0.3,prism_ar_synthetic
